global_task_id,station_name,local_task_id,data_size_byte,compute_density_FLOPs_per_byte,delay_sensitivity,memory_usage_byte,deadline_second,sampling_rate_Hz,task_type,priority,dependency_task_id
0,M93,0,1320943.23,3.1e-05,1.2394,1053963.55,1197.09,200.0,signal_enhancement,low,
1,M93,1,1191075.64,3e-05,0.753,2346673.07,1968.61,200.0,denoising,low,
2,M93,2,1361779.75,3.8e-05,0.9186,1672838.64,1505.96,200.0,signal_enhancement,low,
3,M93,3,473679.64,2.5e-05,2.5096,1716442.04,660.41,200.0,denoising,low,
4,M93,4,800677.92,3.1e-05,1.1324,1960409.39,762.76,200.0,signal_enhancement,low,
5,M93,5,1436854.33,4.7e-05,1.8732,1094824.66,1377.56,200.0,denoising,low,
6,M93,6,1774314.31,2e-05,1.015,2582754.16,1552.5,200.0,signal_enhancement,low,
7,M93,7,1561968.87,3.1e-05,1.8062,1637255.95,844.09,200.0,denoising,low,
8,M93,8,1498209.68,4e-05,1.8892,1996381.44,1338.41,200.0,denoising,low,
9,M93,9,1158445.01,2.6e-05,0.9485,1093102.54,1476.11,200.0,denoising,low,
10,M93,0,671040.4,0.000293,1.9635,1611606.13,1558.07,200.0,signal_enhancement,low,
11,M93,1,1955979.28,0.000105,1.4114,1428746.79,1100.8,200.0,denoising,low,
12,M93,2,730778.06,0.000229,1.2898,1702488.17,1242.23,200.0,denoising,low,
13,M93,3,1608973.11,0.000263,3.0827,1920035.75,1665.27,200.0,signal_enhancement,low,
14,M93,4,619498.09,0.000209,2.3764,1660422.64,1443.07,200.0,signal_enhancement,low,
15,M93,5,1538137.97,0.000363,2.3143,2466736.82,1410.09,200.0,signal_enhancement,low,1.0
16,M93,6,1004375.37,0.00022,3.5105,1470280.87,483.75,200.0,denoising,low,
17,M93,7,1941302.8,0.000323,1.0356,1529273.51,2063.65,200.0,signal_enhancement,low,
18,M93,8,1054165.92,0.000247,2.5598,1501808.21,940.22,200.0,denoising,low,
19,M93,9,1114434.52,0.000228,3.0856,1091896.44,1248.96,200.0,denoising,low,
20,M93,0,1636918.96,0.000123,3.4029,1746748.05,1372.86,200.0,signal_enhancement,low,
21,M93,1,1050578.53,9.1e-05,1.6775,1414938.86,1003.55,200.0,denoising,low,
22,M93,2,1862943.48,8e-05,2.626,1257671.85,1001.56,200.0,signal_enhancement,low,
23,M93,3,1098897.63,0.00016,2.6639,1368214.54,928.55,200.0,denoising,low,
24,M93,4,1204401.96,0.000173,1.9618,1442461.87,1188.45,200.0,signal_enhancement,low,
25,M93,5,1813407.65,8.8e-05,3.6973,1400918.15,1458.03,200.0,denoising,low,1.0
26,M93,6,1351659.54,0.000125,2.8044,2044240.94,874.64,200.0,signal_enhancement,low,
27,M93,7,1528435.0,0.000119,3.9377,1181600.66,1423.02,200.0,denoising,low,
28,M93,8,1771036.99,0.000149,1.3265,2010820.5,1247.23,200.0,denoising,low,
29,M93,9,1249185.52,0.000118,1.6008,1783244.6,929.35,200.0,signal_enhancement,low,
30,M90,0,943843.76,5.4e-05,1.4417,1298745.62,565.47,200.0,signal_enhancement,low,
31,M90,1,976059.79,4.5e-05,1.3572,781132.24,1025.24,200.0,denoising,low,0.0
32,M90,2,1014401.03,5e-05,1.565,1436300.36,627.31,200.0,denoising,low,
33,M90,3,1436470.06,6.7e-05,1.3108,866149.12,1019.88,200.0,denoising,low,
34,M90,4,1671035.7,7.6e-05,1.5328,1554508.44,718.59,200.0,signal_enhancement,low,
35,M90,5,1351658.23,0.000101,2.0786,2081728.25,1501.36,200.0,denoising,low,
36,M90,6,558754.96,5.5e-05,1.5573,1703701.13,1341.21,200.0,denoising,low,3.0
37,M90,7,1195184.17,0.000124,1.5425,1539079.96,599.35,200.0,signal_enhancement,low,
38,M90,8,1827703.09,6e-05,1.8301,1755713.21,1376.5,200.0,signal_enhancement,low,
39,M90,9,1032653.62,3.7e-05,2.003,2210820.84,1507.39,200.0,denoising,low,
40,M88,0,1183745.04,0.000446,1.093,1431895.64,352.36,200.0,denoising,low,
41,M88,1,2113054.01,0.000173,1.3063,1584324.74,1072.97,200.0,denoising,low,0.0
42,M88,2,1420567.29,0.000277,1.7626,1896513.28,1138.69,200.0,signal_enhancement,low,
43,M88,3,933796.02,0.00047,0.8306,1179464.12,1278.34,200.0,denoising,low,
44,M88,4,379146.33,0.000245,0.9457,1848195.57,511.1,200.0,denoising,low,
45,M88,5,407877.86,0.00029,1.3583,1941126.51,1118.91,200.0,denoising,low,
46,M88,6,963727.94,0.000239,1.1764,2028043.32,1137.15,200.0,signal_enhancement,low,
47,M88,7,1678621.93,0.000307,1.7599,1680661.86,1171.8,200.0,denoising,low,
48,M88,8,1053939.3,0.000352,2.3306,1823350.17,1411.39,200.0,signal_enhancement,low,7.0
49,M88,9,958149.7,0.000203,1.5429,1183297.96,1193.53,200.0,signal_enhancement,low,
50,M94,0,916448.49,2.7e-05,1.8856,1014363.79,1491.04,200.0,denoising,low,
51,M94,1,1455563.34,5.6e-05,1.3911,2160144.05,1075.67,200.0,denoising,low,
52,M94,2,1964487.89,5.4e-05,1.1469,1440466.81,1515.83,200.0,denoising,low,
53,M94,3,1110652.63,4.1e-05,1.6145,2334222.91,882.38,200.0,denoising,low,
54,M94,4,1625323.17,4.8e-05,2.0823,2160428.64,1552.64,200.0,denoising,low,
55,M94,5,1030058.24,4.9e-05,1.4882,491873.81,1242.89,200.0,signal_enhancement,low,
56,M94,6,1305909.59,5.6e-05,1.357,2241647.56,1075.22,200.0,denoising,low,
57,M94,7,619857.49,6.8e-05,1.6324,1297314.91,1415.49,200.0,denoising,low,
58,M94,8,1839637.36,5.3e-05,1.889,2102847.4,218.12,200.0,denoising,low,
59,M94,9,827504.79,5.7e-05,1.1679,1830467.04,1309.76,200.0,denoising,low,
60,M94,0,1415577.37,1.8e-05,2.0778,1709918.3,2054.78,200.0,signal_enhancement,low,
61,M94,1,561189.72,2.4e-05,1.2093,1481075.3,2209.38,200.0,denoising,low,
62,M94,2,1163158.59,5.5e-05,1.793,2745713.78,2175.04,200.0,denoising,low,
63,M94,3,1733369.06,2.1e-05,1.8067,1705410.31,1535.01,200.0,signal_enhancement,low,2.0
64,M94,4,1359985.28,2.2e-05,2.4326,2284371.52,1314.0,200.0,denoising,low,
65,M94,5,887674.47,2.8e-05,1.4881,1595924.09,1516.49,200.0,denoising,low,
66,M94,6,1063998.19,4.3e-05,1.9916,2681943.36,1130.06,200.0,denoising,low,
67,M94,7,1690593.57,1.9e-05,2.7525,1498553.99,1704.13,200.0,signal_enhancement,low,
68,M94,8,1884570.01,2.7e-05,1.3993,1423522.51,1357.82,200.0,signal_enhancement,low,
69,M94,9,1391989.11,3.8e-05,1.256,1757426.47,1037.19,200.0,signal_enhancement,low,
70,M90,0,1965688.56,4.7e-05,0.1796,1706548.04,2659.25,200.0,signal_enhancement,medium,
71,M90,1,1823072.0,5.4e-05,0.1979,2064010.25,1655.23,200.0,signal_enhancement,medium,0.0
72,M90,2,1606719.84,5.7e-05,0.205,2021980.65,2219.65,200.0,denoising,medium,
73,M90,3,1933365.15,4.1e-05,0.3082,264565.25,956.03,200.0,denoising,low,
74,M90,4,1432683.18,6.9e-05,0.186,1504593.01,903.4,200.0,denoising,medium,1.0
75,M90,5,1567155.45,7e-05,0.2733,1700056.25,1361.63,200.0,signal_enhancement,low,
76,M90,6,1893699.44,6.1e-05,0.1465,1636338.01,941.03,200.0,signal_enhancement,high,
77,M90,7,2008386.27,4.7e-05,0.2277,1797982.06,1600.22,200.0,signal_enhancement,medium,
78,M90,8,961385.43,2.3e-05,0.1847,1138755.77,1111.55,200.0,signal_enhancement,medium,4.0
79,M90,9,974803.37,5.3e-05,0.2141,2372043.28,1173.21,200.0,signal_enhancement,medium,
80,M90,0,1992723.31,2.6e-05,2.1374,1548427.81,1466.41,200.0,denoising,low,
81,M90,1,2220165.3,2.3e-05,1.8842,2295199.42,1175.35,200.0,signal_enhancement,low,
82,M90,2,2652607.05,3.1e-05,2.3409,2699038.73,1540.32,200.0,denoising,low,
83,M90,3,1393136.58,1.5e-05,2.4218,1637627.53,1404.38,200.0,signal_enhancement,low,
84,M90,4,1307657.01,1.9e-05,3.5945,2091189.48,1434.01,200.0,signal_enhancement,low,
85,M90,5,1013269.33,2.7e-05,3.3742,2325677.14,1553.3,200.0,denoising,low,
86,M90,6,1180460.63,2.2e-05,1.7312,2046176.26,1232.43,200.0,denoising,low,
87,M90,7,1545977.21,2.5e-05,3.0044,1645409.05,1243.59,200.0,signal_enhancement,low,
88,M90,8,1620449.63,2.5e-05,2.4371,1539295.08,1735.06,200.0,denoising,low,
89,M90,9,1269524.7,3.6e-05,2.7345,2246760.66,1796.14,200.0,signal_enhancement,low,
90,M90,0,1486745.23,1.7e-05,2.228,1462585.51,1123.54,200.0,denoising,low,
91,M90,1,1589363.19,2.8e-05,2.6055,1806674.33,1699.27,200.0,signal_enhancement,low,
92,M90,2,1309991.97,4.8e-05,2.0307,2271025.86,1109.96,200.0,signal_enhancement,low,
93,M90,3,1101559.07,4.3e-05,1.5789,1946431.44,1976.56,200.0,signal_enhancement,low,0.0
94,M90,4,1186021.42,2.6e-05,2.573,988746.95,877.87,200.0,denoising,low,
95,M90,5,988152.09,3.2e-05,1.8183,1193388.42,1253.64,200.0,signal_enhancement,low,
96,M90,6,498855.11,3.4e-05,2.3032,1926737.18,735.16,200.0,denoising,low,
97,M90,7,1344149.69,2.2e-05,2.1874,1905904.6,1947.02,200.0,denoising,low,
98,M90,8,2132742.67,3.1e-05,2.5615,2355990.85,2199.92,200.0,signal_enhancement,low,
99,M90,9,1291364.98,2.2e-05,2.3949,1725625.83,1193.86,200.0,denoising,low,
100,M88,0,1530900.49,0.001137,0.8135,2460015.82,486.5,200.0,signal_enhancement,low,
101,M88,1,2459809.52,0.001369,1.4432,2151673.86,1613.37,200.0,denoising,low,
102,M88,2,1707071.12,0.000864,1.2005,2487004.01,2099.07,200.0,denoising,low,
103,M88,3,1760024.01,0.000641,1.0913,839728.28,1122.85,200.0,signal_enhancement,low,
104,M88,4,1649368.72,0.001124,1.0974,2133020.87,2424.32,200.0,denoising,low,
105,M88,5,1926266.05,0.000717,1.3077,2389325.2,1375.99,200.0,signal_enhancement,low,2.0
106,M88,6,1342803.06,0.001233,1.1838,2600606.17,1862.84,200.0,signal_enhancement,low,
107,M88,7,1442485.5,0.000991,1.2451,3041121.33,1366.85,200.0,denoising,low,
108,M88,8,1854214.67,0.000868,1.4668,2405950.49,1773.21,200.0,denoising,low,
109,M88,9,1353139.57,0.001997,1.1791,2089877.88,1743.77,200.0,signal_enhancement,low,
110,M93,0,2217356.99,4.9e-05,1.3851,1009151.32,1616.55,200.0,denoising,low,
111,M93,1,1288127.35,6e-05,1.3714,2194616.1,512.18,200.0,denoising,low,0.0
112,M93,2,2649174.88,6.9e-05,1.3485,2253934.18,2211.05,200.0,signal_enhancement,low,
113,M93,3,1873399.79,4.4e-05,1.009,1250681.29,1938.47,200.0,denoising,low,
114,M93,4,2009382.19,5.2e-05,1.2204,1539167.17,1931.61,200.0,signal_enhancement,low,1.0
115,M93,5,1115150.25,5.1e-05,1.282,1721686.82,1962.51,200.0,denoising,low,
116,M93,6,2046345.25,6e-05,0.9468,1625070.71,2629.35,200.0,denoising,low,
117,M93,7,1831858.61,6.4e-05,1.5998,1012113.71,2205.91,200.0,denoising,low,
118,M93,8,1489446.39,4.4e-05,0.6779,291870.4,1381.5,200.0,signal_enhancement,low,
119,M93,9,719059.92,5.5e-05,1.5818,1208829.92,1252.89,200.0,denoising,low,
120,M90,0,1649823.99,6.6e-05,1.0328,1673707.93,1798.89,200.0,denoising,low,
121,M90,1,1119929.56,5.1e-05,1.422,1789424.31,1561.42,200.0,denoising,low,
122,M90,2,839519.01,6.1e-05,1.587,2571291.92,1838.93,200.0,signal_enhancement,low,
123,M90,3,1868745.41,7.6e-05,1.3119,1882332.37,1943.7,200.0,denoising,low,
124,M90,4,1483269.53,7.7e-05,2.1993,2041365.36,2023.59,200.0,denoising,low,
125,M90,5,1342425.09,9e-05,2.3074,1959742.16,2611.34,200.0,denoising,low,
126,M90,6,1371908.63,9.3e-05,1.6616,1385354.89,2752.72,200.0,denoising,low,4.0
127,M90,7,1820108.87,6e-05,1.3783,1471375.33,1675.49,200.0,denoising,low,
128,M90,8,2473126.82,7.4e-05,1.1843,2789055.12,1899.1,200.0,signal_enhancement,low,
129,M90,9,2081521.71,0.000108,2.3484,345132.37,1678.76,200.0,signal_enhancement,low,
130,M93,0,2000390.88,1.5e-05,2.5133,1776413.16,1113.69,200.0,signal_enhancement,low,
131,M93,1,597746.29,7e-06,2.8632,2318966.02,1816.19,200.0,signal_enhancement,low,
132,M93,2,1851378.07,6e-06,2.0744,3017872.22,1605.55,200.0,signal_enhancement,low,
133,M93,3,2034959.74,1.9e-05,2.356,2305849.21,1875.58,200.0,denoising,low,
134,M93,4,1302583.13,1.1e-05,1.9695,2211179.46,1738.92,200.0,signal_enhancement,low,
135,M93,5,1162178.4,2.2e-05,2.9522,3133752.83,1228.91,200.0,signal_enhancement,low,
136,M93,6,1791979.93,6e-06,1.703,2361000.15,1559.34,200.0,signal_enhancement,low,
137,M93,7,1544756.16,2.2e-05,2.6147,1739664.9,1568.36,200.0,signal_enhancement,low,
138,M93,8,1359580.88,1.9e-05,3.2076,1910633.08,2029.09,200.0,signal_enhancement,low,
139,M93,9,2347801.18,1.1e-05,2.7449,2379399.91,1773.96,200.0,denoising,low,
140,M93,0,1548786.48,3.5e-05,1.0206,1459885.02,946.64,200.0,signal_enhancement,low,
141,M93,1,2338529.27,2.8e-05,1.2969,3178597.47,1311.58,200.0,signal_enhancement,low,
142,M93,2,1514873.39,1.9e-05,1.4539,1558928.54,954.85,200.0,denoising,low,
143,M93,3,1529930.18,1.9e-05,1.8672,3282650.74,832.19,200.0,signal_enhancement,low,1.0
144,M93,4,1711996.93,6e-06,2.0235,1964332.56,2378.93,200.0,signal_enhancement,low,
145,M93,5,1196246.98,1e-05,2.7343,2252369.34,1061.39,200.0,denoising,low,
146,M93,6,1587277.32,2.3e-05,1.6591,2945654.17,1676.3,200.0,signal_enhancement,low,3.0
147,M93,7,1566550.1,1.9e-05,1.9731,1497742.94,609.02,200.0,signal_enhancement,low,
148,M93,8,1362934.38,1.3e-05,1.9445,2267110.14,1722.57,200.0,signal_enhancement,low,
149,M93,9,2442670.41,1.9e-05,0.8271,1949871.61,2642.81,200.0,denoising,low,
150,M93,0,1277776.7,8.8e-05,1.7317,2341069.09,1569.77,200.0,denoising,low,
151,M93,1,1996444.1,8.1e-05,2.3115,2136702.1,1125.61,200.0,denoising,low,
152,M93,2,1991767.71,6.8e-05,2.138,1793111.72,1991.33,200.0,denoising,low,
153,M93,3,1584308.37,0.000133,3.8308,2245493.19,1754.79,200.0,denoising,low,
154,M93,4,1186904.41,0.000124,1.0975,1276937.59,2237.15,200.0,signal_enhancement,low,
155,M93,5,2508860.77,0.000106,2.1729,2129961.48,2518.56,200.0,denoising,low,
156,M93,6,1321936.35,4.5e-05,1.1278,2051366.92,886.51,200.0,signal_enhancement,low,
157,M93,7,1926830.45,7.9e-05,2.1596,1396216.32,1094.11,200.0,signal_enhancement,low,
158,M93,8,2028461.23,0.000142,2.0615,2387562.07,1250.84,200.0,signal_enhancement,low,
159,M93,9,1616064.92,0.000114,1.7992,2340982.42,1260.57,200.0,signal_enhancement,low,
160,M88,0,1227296.09,3e-06,0.852,2278209.64,1529.68,200.0,denoising,low,
161,M88,1,2103004.07,3e-06,0.8679,1629041.21,1341.88,200.0,signal_enhancement,low,
162,M88,2,1529452.48,6e-06,1.428,962247.76,2062.52,200.0,signal_enhancement,low,
163,M88,3,1346818.54,5e-06,0.2831,2243420.73,1259.13,200.0,denoising,low,
164,M88,4,1918813.04,4e-06,1.4288,2098465.66,1623.72,200.0,denoising,low,
165,M88,5,947162.08,3e-06,0.7202,2382634.49,1261.03,200.0,denoising,low,
166,M88,6,1127889.61,4e-06,1.2478,1890445.11,1382.34,200.0,signal_enhancement,low,
167,M88,7,1656854.7,4e-06,1.7481,1992499.95,1820.09,200.0,signal_enhancement,low,
168,M88,8,2631804.06,5e-06,1.2244,1851300.4,1116.43,200.0,signal_enhancement,low,
169,M88,9,1559709.51,7e-06,1.1713,924706.33,2253.58,200.0,denoising,low,
170,M94,0,1541784.36,6.6e-05,0.9226,2556102.21,2208.36,200.0,denoising,low,
171,M94,1,2647562.86,2.8e-05,1.14,2251037.63,1409.04,200.0,denoising,low,
172,M94,2,1834552.42,2e-05,0.8833,1414893.68,1410.7,200.0,denoising,low,
173,M94,3,1034198.22,5.2e-05,0.9887,3824855.45,985.0,200.0,signal_enhancement,low,
174,M94,4,1011260.24,6.2e-05,0.783,1878651.59,1956.94,200.0,signal_enhancement,low,
175,M94,5,1742620.46,4e-05,0.7868,1889566.54,1773.23,200.0,signal_enhancement,low,
176,M94,6,809968.05,3.4e-05,0.9097,2315709.7,2218.4,200.0,signal_enhancement,low,
177,M94,7,2282384.76,4.1e-05,0.7718,1315106.16,1077.32,200.0,signal_enhancement,low,
178,M94,8,1819617.52,2.7e-05,0.6377,2267273.46,1694.53,200.0,signal_enhancement,low,
179,M94,9,1953419.81,5.2e-05,1.0195,2542242.41,1809.07,200.0,signal_enhancement,low,6.0
180,M88,0,2836904.6,0.000176,2.6885,1711884.54,1327.49,200.0,signal_enhancement,low,
181,M88,1,1748863.74,9.4e-05,1.9972,1350920.18,1291.33,200.0,denoising,low,
182,M88,2,2067818.94,0.000124,1.1069,2485235.47,2472.5,200.0,signal_enhancement,low,
183,M88,3,1031603.28,9.1e-05,2.199,2018630.15,1935.67,200.0,signal_enhancement,low,
184,M88,4,1659367.27,8.6e-05,1.7535,1914361.21,2122.67,200.0,denoising,low,
185,M88,5,1377484.2,0.000152,1.8281,1993201.86,1289.99,200.0,denoising,low,
186,M88,6,1422792.41,6.8e-05,1.3747,1688824.6,2087.74,200.0,signal_enhancement,low,
187,M88,7,1893265.1,0.000152,2.237,1711760.06,1953.32,200.0,signal_enhancement,low,
188,M88,8,1268121.2,8.2e-05,2.4118,2693404.53,2822.48,200.0,signal_enhancement,low,
189,M88,9,1536179.5,0.000152,1.8878,2092158.59,1890.22,200.0,denoising,low,
190,M93,0,821025.18,2.3e-05,1.5782,1531991.64,1903.92,200.0,signal_enhancement,low,
191,M93,1,1790323.65,1.7e-05,2.0538,2106058.05,2038.91,200.0,denoising,low,
192,M93,2,2171827.33,1.9e-05,1.6236,1629167.78,2000.27,200.0,denoising,low,
193,M93,3,1194656.51,2.8e-05,1.613,1720508.97,2437.34,200.0,denoising,low,
194,M93,4,2200309.42,2.6e-05,1.7395,1925740.47,1311.15,200.0,denoising,low,
195,M93,5,1262197.01,2.1e-05,2.0584,2302941.5,1989.96,200.0,denoising,low,
196,M93,6,708493.54,3e-05,0.339,1772114.73,1767.19,200.0,denoising,low,2.0
197,M93,7,1588600.83,2.2e-05,2.0055,1340162.03,2041.19,200.0,denoising,low,
198,M93,8,1300980.67,2.3e-05,2.9978,1957557.57,2350.51,200.0,signal_enhancement,low,
199,M93,9,1650980.98,2.9e-05,1.5102,1575027.97,1790.3,200.0,signal_enhancement,low,
200,M94,0,1468218.44,2.8e-05,3.0905,2505219.52,2164.29,200.0,signal_enhancement,low,
201,M94,1,2034899.01,1.6e-05,3.0954,2295228.78,766.26,200.0,denoising,low,
202,M94,2,1814411.92,2.8e-05,3.0058,1404881.97,1577.58,200.0,signal_enhancement,low,
203,M94,3,1522778.81,2.2e-05,2.2408,2677424.04,1718.41,200.0,signal_enhancement,low,
204,M94,4,2267086.79,1.9e-05,2.4295,2374741.19,1600.55,200.0,denoising,low,
205,M94,5,2305980.88,1.5e-05,3.8587,1839600.21,1402.83,200.0,signal_enhancement,low,
206,M94,6,1561747.96,1.7e-05,2.9125,1356636.25,1643.8,200.0,denoising,low,
207,M94,7,1862957.22,2.6e-05,2.7828,2471458.5,1688.5,200.0,denoising,low,
208,M94,8,792346.65,2.7e-05,2.405,313338.81,1208.98,200.0,denoising,low,
209,M94,9,1562166.26,2.2e-05,1.9619,2533598.8,1852.64,200.0,signal_enhancement,low,2.0
210,M90,0,2129498.21,3.2e-05,1.7116,2181815.85,1758.49,200.0,denoising,low,
211,M90,1,1139282.32,2.2e-05,1.5091,1912595.63,1098.89,200.0,denoising,low,
212,M90,2,1952699.97,2.9e-05,1.8837,1594689.27,1420.4,200.0,denoising,low,0.0
213,M90,3,1228172.96,2.1e-05,2.4135,2576918.36,1577.37,200.0,signal_enhancement,low,
214,M90,4,1672358.71,2.7e-05,1.4156,1470931.98,953.57,200.0,signal_enhancement,low,1.0
215,M90,5,754490.34,2.7e-05,1.0875,3060246.21,2770.72,200.0,denoising,low,
216,M90,6,1069712.2,2.5e-05,0.7745,2349001.19,948.87,200.0,denoising,low,
217,M90,7,1840720.8,2.8e-05,2.4734,1683620.9,1474.86,200.0,denoising,low,
218,M90,8,2160059.76,2.9e-05,2.4999,2171578.46,2224.35,200.0,denoising,low,5.0
219,M90,9,1926943.04,2.1e-05,1.6433,1777574.25,2184.45,200.0,denoising,low,
220,M90,0,1252141.99,2.1e-05,1.1998,2145821.55,1532.64,200.0,signal_enhancement,low,
221,M90,1,1228908.83,2.8e-05,2.1306,3028143.99,2054.33,200.0,denoising,low,
222,M90,2,1345662.91,2.3e-05,1.7282,2604129.83,1850.94,200.0,signal_enhancement,low,
223,M90,3,1308390.09,3.6e-05,1.3313,2972945.78,1585.44,200.0,signal_enhancement,low,
224,M90,4,1417391.97,1.8e-05,1.447,1259570.23,1273.27,200.0,signal_enhancement,low,
225,M90,5,1138716.98,2.9e-05,1.8256,1542761.38,1443.07,200.0,denoising,low,
226,M90,6,1859662.98,4.2e-05,2.3607,833114.76,1375.88,200.0,denoising,low,
227,M90,7,1777793.25,3.3e-05,1.2349,2741015.88,1417.62,200.0,signal_enhancement,low,
228,M90,8,832911.91,2.9e-05,1.0996,2336175.54,1511.04,200.0,signal_enhancement,low,
229,M90,9,2068927.92,3.4e-05,2.0023,3080504.43,2214.55,200.0,denoising,low,
230,M90,0,1810350.94,4e-05,1.1506,2219763.92,1461.88,200.0,signal_enhancement,low,
231,M90,1,1951287.27,5.1e-05,1.9359,1134886.63,1616.12,200.0,signal_enhancement,low,
232,M90,2,1576498.97,3e-05,1.6949,2317440.84,1033.35,200.0,denoising,low,
233,M90,3,1572224.96,4.3e-05,1.0862,1979911.78,1945.35,200.0,signal_enhancement,low,
234,M90,4,2095036.6,2.1e-05,2.1149,1864631.28,1999.97,200.0,denoising,low,
235,M90,5,1923791.65,4.5e-05,1.2837,2591522.18,1876.48,200.0,denoising,low,
236,M90,6,1771569.45,4.2e-05,1.8166,2427442.49,802.55,200.0,denoising,low,
237,M90,7,2250060.13,3.2e-05,1.0331,2269438.4,1573.58,200.0,denoising,low,6.0
238,M90,8,1346547.72,3.4e-05,1.7289,2615355.88,2133.98,200.0,denoising,low,
239,M90,9,1835430.43,4.4e-05,1.7036,2577609.17,1596.63,200.0,signal_enhancement,low,
240,M88,0,1947479.71,3.8e-05,2.6042,2402524.9,1964.9,200.0,denoising,low,
241,M88,1,1928321.49,2.2e-05,2.1254,1758572.21,1638.52,200.0,signal_enhancement,low,
242,M88,2,1021119.4,2.6e-05,1.7275,2505936.38,1025.78,200.0,signal_enhancement,low,
243,M88,3,2865884.33,5.3e-05,1.8072,1375242.06,2460.32,200.0,denoising,low,
244,M88,4,1778698.09,5.3e-05,1.4714,2621633.84,1668.12,200.0,denoising,low,
245,M88,5,2474958.61,6.4e-05,1.6692,2212735.83,436.17,200.0,denoising,low,
246,M88,6,2060697.84,3.2e-05,1.6846,2085562.48,2575.28,200.0,signal_enhancement,low,
247,M88,7,850625.66,6.9e-05,2.0822,1652256.34,2646.8,200.0,denoising,low,
248,M88,8,1173778.18,7.5e-05,2.0098,1162524.96,1756.8,200.0,signal_enhancement,low,
249,M88,9,1320429.62,5.5e-05,2.2323,1233412.22,2052.78,200.0,signal_enhancement,low,
250,M94,0,1193838.95,8e-06,0.6849,1897051.94,2010.09,200.0,signal_enhancement,low,
251,M94,1,667070.92,1.4e-05,0.6158,616732.43,1128.85,200.0,signal_enhancement,low,0.0
252,M94,2,594209.77,5e-06,0.7732,1518494.5,466.02,200.0,signal_enhancement,low,
253,M94,3,805969.78,1.2e-05,0.7967,1871024.32,1453.46,200.0,denoising,low,
254,M94,4,1679308.74,1e-05,1.2564,1860589.34,1374.54,200.0,denoising,low,
255,M94,5,1434049.4,1.4e-05,0.8234,1442048.48,1698.85,200.0,signal_enhancement,low,
256,M94,6,1648587.82,1.2e-05,0.7533,2554282.28,1959.8,200.0,denoising,low,
257,M94,7,2329376.55,4e-06,1.2432,2154472.54,1060.21,200.0,denoising,low,
258,M94,8,1512898.04,7e-06,1.325,2254184.93,1863.16,200.0,denoising,low,
259,M94,9,1993477.89,1e-05,1.7272,1573263.22,1486.22,200.0,denoising,low,
260,M94,0,969515.5,2.2e-05,2.3604,1950302.64,3132.98,200.0,denoising,low,
261,M94,1,1953152.65,2.6e-05,2.1621,2222301.86,1315.29,200.0,denoising,low,0.0
262,M94,2,1409452.54,1.5e-05,1.1312,1630180.88,1176.56,200.0,signal_enhancement,low,
263,M94,3,1688506.08,1.7e-05,1.9616,2287138.53,1191.06,200.0,signal_enhancement,low,
264,M94,4,2657161.58,2.6e-05,1.7328,2567660.37,2297.29,200.0,denoising,low,
265,M94,5,1610503.61,2.3e-05,0.8939,2207789.66,1663.18,200.0,denoising,low,
266,M94,6,1355260.95,2.3e-05,2.4296,883297.92,2526.13,200.0,denoising,low,5.0
267,M94,7,2281296.88,2.2e-05,1.6298,2078933.56,1226.08,200.0,signal_enhancement,low,3.0
268,M94,8,1637963.37,2.5e-05,1.6754,1673982.2,2124.7,200.0,denoising,low,2.0
269,M94,9,1549650.92,2.9e-05,2.6323,1970212.27,1953.4,200.0,signal_enhancement,low,
270,M94,0,1669088.52,2.1e-05,1.3789,2194486.58,1932.91,200.0,signal_enhancement,low,
271,M94,1,982925.79,1.1e-05,1.7126,2725057.26,1504.81,200.0,denoising,low,
272,M94,2,798966.85,1.2e-05,2.0743,2483293.95,1701.09,200.0,signal_enhancement,low,
273,M94,3,1530986.72,5e-06,2.7784,2635180.45,1701.44,200.0,signal_enhancement,low,
274,M94,4,1166145.0,1.9e-05,2.3187,2156610.12,1497.11,200.0,signal_enhancement,low,
275,M94,5,781225.89,1.9e-05,2.1021,950307.45,1967.7,200.0,signal_enhancement,low,
276,M94,6,718076.94,1.3e-05,1.7768,1698445.43,1996.55,200.0,denoising,low,
277,M94,7,1590623.32,1.1e-05,1.3328,2332761.35,2489.64,200.0,denoising,low,
278,M94,8,1876106.0,8e-06,2.9542,2911148.27,818.11,200.0,denoising,low,
279,M94,9,1738677.38,1.6e-05,2.0566,1301100.2,1096.67,200.0,signal_enhancement,low,
280,M90,0,1260825.39,9e-06,2.1861,2544623.43,1713.84,200.0,signal_enhancement,low,
281,M90,1,770280.48,1.5e-05,2.1605,2096427.4,509.4,200.0,denoising,low,
282,M90,2,945020.95,1.7e-05,2.2824,3442007.71,1845.83,200.0,denoising,low,
283,M90,3,1039132.44,1e-05,1.5692,2552551.24,1405.83,200.0,denoising,low,
284,M90,4,1752976.55,1.1e-05,1.3014,2329468.88,1138.55,200.0,signal_enhancement,low,
285,M90,5,1367805.36,1.9e-05,2.0012,1528449.38,1683.49,200.0,signal_enhancement,low,
286,M90,6,1719550.85,2.4e-05,1.5525,2965389.69,1403.21,200.0,denoising,low,
287,M90,7,1826338.74,1.7e-05,1.704,1736638.21,1467.23,200.0,signal_enhancement,low,0.0
288,M90,8,2794239.07,1.2e-05,1.25,2296084.41,2152.68,200.0,denoising,low,
289,M90,9,1334485.89,1.6e-05,2.0767,1876776.41,1837.71,200.0,denoising,low,
290,M93,0,1962912.38,1.3e-05,2.4647,1999771.19,1547.34,200.0,signal_enhancement,low,
291,M93,1,1422875.57,1.5e-05,1.3049,2097595.87,2075.91,200.0,denoising,low,
292,M93,2,2209176.27,7e-06,1.2991,3050568.75,1236.73,200.0,signal_enhancement,low,
293,M93,3,2367711.93,2.5e-05,2.2072,1752656.24,2003.92,200.0,signal_enhancement,low,
294,M93,4,1709908.6,1.4e-05,1.9097,2420715.13,1091.05,200.0,signal_enhancement,low,
295,M93,5,1544233.95,1.3e-05,1.7729,1605474.98,1792.94,200.0,signal_enhancement,low,0.0
296,M93,6,2243432.12,1.1e-05,1.8662,2432444.24,1841.04,200.0,signal_enhancement,low,
297,M93,7,2023278.41,1.3e-05,1.396,1827735.07,2133.54,200.0,signal_enhancement,low,
298,M93,8,1495385.36,1.2e-05,2.4673,2449652.04,1131.27,200.0,signal_enhancement,low,
299,M93,9,1639230.8,9e-06,1.6963,2127942.61,2425.72,200.0,denoising,low,
300,M90,0,4568776.29,2e-06,0.4221,5212052.56,4281.69,200.0,signal_enhancement,low,
301,M90,1,1905266.04,3e-06,0.3246,3111092.53,1344.66,200.0,signal_enhancement,low,
302,M90,2,4157318.54,3e-06,0.2435,4496457.79,3626.7,200.0,denoising,medium,0.0
303,M90,3,4260552.14,4e-06,0.38,3182723.64,2493.14,200.0,signal_enhancement,low,
304,M90,4,3527037.99,4e-06,0.3452,3887327.32,1485.26,200.0,signal_enhancement,low,2.0
305,M90,5,4516068.79,4e-06,0.3838,4931436.94,2386.04,200.0,signal_enhancement,low,
306,M90,6,2455726.6,5e-06,0.2792,4558540.99,3100.59,200.0,signal_enhancement,low,
307,M90,7,2499452.92,6e-06,0.545,4586946.33,2706.17,200.0,signal_enhancement,low,
308,M90,8,2717822.77,5e-06,0.2404,1076234.18,3072.83,200.0,signal_enhancement,medium,
309,M90,9,3531724.04,5e-06,0.3782,1499463.1,1894.53,200.0,denoising,low,
310,M90,0,2490808.99,2e-06,1.268,4306530.25,3604.43,200.0,signal_enhancement,low,
311,M90,1,2300241.25,4e-06,0.8294,3390861.1,3930.42,200.0,signal_enhancement,low,
312,M90,2,3977397.01,4e-06,0.5029,2733650.22,2000.39,200.0,denoising,low,
313,M90,3,2899720.43,2e-06,1.3669,4161850.64,2905.32,200.0,signal_enhancement,low,
314,M90,4,2232354.72,3e-06,1.4089,3882952.76,4587.19,200.0,signal_enhancement,low,
315,M90,5,2849622.03,4e-06,1.184,3497112.34,4809.96,200.0,signal_enhancement,low,
316,M90,6,4005503.06,2e-06,1.0359,1157646.26,3341.16,200.0,signal_enhancement,low,
317,M90,7,6120177.51,1e-06,0.8044,5244438.0,4004.72,200.0,signal_enhancement,low,3.0
318,M90,8,4012091.65,3e-06,0.8221,3261021.93,2139.05,200.0,signal_enhancement,low,
319,M90,9,2158892.57,1e-06,1.4298,4584395.58,4992.75,200.0,signal_enhancement,low,
320,M90,0,2664141.68,7e-06,1.8485,3225283.66,3649.22,200.0,denoising,low,
321,M90,1,3453255.3,6e-06,2.0481,3058626.21,2159.07,200.0,signal_enhancement,low,
322,M90,2,1767579.45,7e-06,0.958,2913027.94,2770.75,200.0,denoising,low,
323,M90,3,3931648.9,7e-06,1.3122,4209510.55,2577.99,200.0,signal_enhancement,low,
324,M90,4,2160825.66,8e-06,1.5161,2831333.12,938.58,200.0,signal_enhancement,low,
325,M90,5,2914564.98,1e-05,1.1587,2697363.91,2658.89,200.0,denoising,low,
326,M90,6,3439209.4,9e-06,0.8002,3332705.23,3616.23,200.0,signal_enhancement,low,
327,M90,7,2606494.31,6e-06,1.9264,723997.45,3078.65,200.0,signal_enhancement,low,
328,M90,8,4375938.7,1.1e-05,1.1889,4686648.49,2692.16,200.0,denoising,low,
329,M90,9,3493783.15,7e-06,1.0097,3933106.74,2376.77,200.0,denoising,low,
330,M93,0,2720106.94,9e-06,1.2734,4012828.0,4264.01,200.0,denoising,low,
331,M93,1,1262414.71,1.1e-05,1.0491,2232978.06,3436.3,200.0,signal_enhancement,low,
332,M93,2,535626.04,1e-05,1.0614,3839191.36,2448.46,200.0,denoising,low,
333,M93,3,2069679.18,8e-06,1.2065,2530308.88,2952.56,200.0,denoising,low,
334,M93,4,2610597.01,1.4e-05,1.2004,3328111.62,3432.14,200.0,signal_enhancement,low,
335,M93,5,3014343.89,1.5e-05,0.376,4867142.59,2219.36,200.0,denoising,low,
336,M93,6,4163660.82,1.4e-05,1.0518,5310780.67,3911.87,200.0,signal_enhancement,low,
337,M93,7,3393629.99,1.4e-05,0.9392,4336510.66,3756.2,200.0,signal_enhancement,low,
338,M93,8,3698895.15,1e-05,0.9848,4416837.28,3841.46,200.0,denoising,low,
339,M93,9,2533590.62,8e-06,0.9937,2234732.71,2818.66,200.0,signal_enhancement,low,
340,M88,0,3502542.81,2e-05,0.7931,2226659.54,2133.27,200.0,denoising,low,
341,M88,1,3149827.76,2.6e-05,0.1146,4193339.39,3659.2,200.0,denoising,high,
342,M88,2,3861206.46,2.2e-05,0.7477,3051052.78,2290.89,200.0,denoising,low,
343,M88,3,1516528.01,1.5e-05,0.9829,5814259.53,3648.56,200.0,signal_enhancement,low,
344,M88,4,4327543.62,1.9e-05,0.8475,1471676.21,2444.8,200.0,denoising,low,
345,M88,5,2520023.41,3e-05,0.2752,3587258.12,3128.44,200.0,signal_enhancement,low,
346,M88,6,1831346.45,1.5e-05,0.794,3839619.87,3774.43,200.0,signal_enhancement,low,
347,M88,7,2745981.02,1.6e-05,0.7149,3319760.65,2869.59,200.0,signal_enhancement,low,
348,M88,8,3555379.52,2.6e-05,0.6657,2503581.34,4335.72,200.0,signal_enhancement,low,2.0
349,M88,9,4120274.03,1.5e-05,0.954,3224314.03,3110.78,200.0,denoising,low,
350,M94,0,3638802.98,2.9e-05,1.2705,4180998.37,3425.02,200.0,denoising,low,
351,M94,1,3891920.96,1.8e-05,0.5369,4667153.61,1369.98,200.0,signal_enhancement,low,
352,M94,2,2609715.02,3.4e-05,0.2747,4018909.18,1722.78,200.0,signal_enhancement,low,
353,M94,3,3038754.89,4e-05,0.9486,4399417.84,3063.78,200.0,signal_enhancement,low,
354,M94,4,3202904.89,3e-05,0.6063,1938452.09,1796.42,200.0,denoising,low,
355,M94,5,1590003.44,1.7e-05,1.0103,4150284.74,2560.8,200.0,signal_enhancement,low,
356,M94,6,3854137.83,1.2e-05,0.6824,5111645.2,3213.75,200.0,denoising,low,
357,M94,7,1739505.46,1.2e-05,0.9973,3115502.95,4657.85,200.0,signal_enhancement,low,
358,M94,8,2964555.96,3.7e-05,0.6875,4265740.21,3017.87,200.0,denoising,low,
359,M94,9,3748131.58,3.5e-05,0.7787,4123024.09,2587.32,200.0,signal_enhancement,low,
360,M93,0,1999995.7,2.5e-05,0.1769,1442215.38,702.17,200.0,denoising,medium,
361,M93,1,1156804.8,2.1e-05,0.2227,2656936.35,816.85,200.0,signal_enhancement,medium,
362,M93,2,2047038.29,9e-06,0.1145,2394017.74,1493.07,200.0,signal_enhancement,high,
363,M93,3,828664.93,5.6e-05,0.1672,3624055.53,2889.92,200.0,signal_enhancement,medium,
364,M93,4,1525845.19,3.8e-05,0.165,1840954.57,1855.29,200.0,signal_enhancement,medium,
365,M93,5,2135229.61,4.4e-05,0.1658,1281408.39,1605.7,200.0,denoising,medium,
366,M93,6,2154470.7,1.1e-05,0.1104,2157999.88,1030.25,200.0,denoising,high,5.0
367,M93,7,1799327.82,3.6e-05,0.074,1870139.75,2403.72,200.0,denoising,high,
368,M93,8,1517487.54,1.8e-05,0.178,2077768.47,1590.5,200.0,signal_enhancement,medium,
369,M93,9,830466.0,1.9e-05,0.1936,2928161.52,1927.9,200.0,signal_enhancement,medium,
370,M90,0,1018723.96,9.2e-05,0.3303,1831271.43,2777.73,200.0,denoising,low,
371,M90,1,1948137.77,0.000102,0.1499,2418487.7,1940.42,200.0,denoising,high,
372,M90,2,1951660.3,0.000114,0.1738,3316642.95,1839.48,200.0,denoising,medium,
373,M90,3,2045258.05,7.7e-05,0.2554,1580817.02,2071.29,200.0,denoising,low,
374,M90,4,3226133.41,5.5e-05,0.2289,1646318.65,1485.21,200.0,signal_enhancement,medium,
375,M90,5,1271239.82,0.000138,0.1697,2284166.2,933.08,200.0,denoising,medium,
376,M90,6,1900686.33,0.000166,0.3102,1631683.26,1720.22,200.0,denoising,low,
377,M90,7,1732288.55,0.000122,0.2577,2087894.95,1549.65,200.0,signal_enhancement,low,
378,M90,8,1017728.4,0.000104,0.2285,2383003.15,2049.66,200.0,signal_enhancement,medium,
379,M90,9,1698217.25,8.5e-05,0.1635,1285722.41,1854.52,200.0,denoising,medium,
380,M90,0,2446993.44,0.000278,1.7781,2910999.37,1344.49,200.0,signal_enhancement,low,
381,M90,1,1823672.62,0.000225,1.9662,2603653.93,1217.99,200.0,signal_enhancement,low,
382,M90,2,1737262.83,0.000214,2.3042,1493506.4,785.38,200.0,signal_enhancement,low,
383,M90,3,1797770.5,0.000306,2.3775,2254937.22,2906.24,200.0,denoising,low,
384,M90,4,1324683.6,0.000314,1.8396,3245064.52,2029.63,200.0,denoising,low,
385,M90,5,1769269.35,0.000148,1.3804,1692495.8,815.03,200.0,signal_enhancement,low,
386,M90,6,2704796.45,0.000321,1.4795,2979956.49,1437.11,200.0,signal_enhancement,low,
387,M90,7,1704486.9,0.0001,0.5323,1804859.29,2282.41,200.0,signal_enhancement,low,
388,M90,8,1648271.73,0.000237,1.469,2316425.36,2241.6,200.0,signal_enhancement,low,3.0
389,M90,9,2365013.82,0.000262,2.0265,2259088.1,1859.59,200.0,signal_enhancement,low,
390,M90,0,1571896.42,0.000166,2.2197,2553857.51,2040.34,200.0,denoising,low,
391,M90,1,923869.53,0.000169,1.3529,2553465.7,1870.61,200.0,denoising,low,
392,M90,2,2266380.38,0.000202,1.0709,2431049.74,1141.42,200.0,signal_enhancement,low,
393,M90,3,1795220.11,0.000159,1.9113,1891508.48,1956.43,200.0,signal_enhancement,low,
394,M90,4,1734467.65,0.000152,1.7998,1767364.49,2238.43,200.0,signal_enhancement,low,
395,M90,5,2211884.03,9.9e-05,1.9697,2376668.06,3031.2,200.0,signal_enhancement,low,
396,M90,6,1360075.01,0.000119,2.4092,1063774.67,2454.29,200.0,denoising,low,
397,M90,7,1238304.76,0.000127,2.8087,1999513.69,847.79,200.0,denoising,low,
398,M90,8,1853434.26,0.000228,1.9889,2655162.68,1936.34,200.0,denoising,low,
399,M90,9,1448287.74,0.000194,1.7688,2137792.35,2602.16,200.0,signal_enhancement,low,
400,M94,0,2187882.71,6.7e-05,0.2343,2779922.04,1570.73,200.0,denoising,medium,
401,M94,1,1579566.67,5.5e-05,0.2789,1094074.32,1672.09,200.0,signal_enhancement,low,
402,M94,2,2612701.51,3.4e-05,0.1699,2348740.62,1200.44,200.0,denoising,medium,
403,M94,3,2371506.99,6.8e-05,0.1127,1951236.62,917.69,200.0,denoising,high,
404,M94,4,1965246.11,7.5e-05,0.1929,1618189.08,2618.89,200.0,signal_enhancement,medium,
405,M94,5,1204623.82,2.7e-05,0.2002,1491965.2,1265.82,200.0,denoising,medium,
406,M94,6,1531678.42,3.9e-05,0.2293,2172779.79,1342.04,200.0,signal_enhancement,medium,0.0
407,M94,7,2125454.06,4.8e-05,0.2708,2206601.22,2899.27,200.0,denoising,low,
408,M94,8,1862656.98,7.3e-05,0.1829,1114536.4,2342.4,200.0,denoising,medium,
409,M94,9,1004879.54,7.2e-05,0.2371,3764735.72,1948.07,200.0,denoising,medium,
410,M88,0,2013207.08,9e-06,2.3718,2341054.91,1832.58,200.0,denoising,low,
411,M88,1,1855386.81,3e-06,2.1773,2778331.38,1824.71,200.0,denoising,low,
412,M88,2,1739913.5,4e-06,2.2562,911566.25,1509.07,200.0,signal_enhancement,low,
413,M88,3,1565886.69,5e-06,3.0688,1745665.0,2329.29,200.0,signal_enhancement,low,
414,M88,4,2554916.22,8e-06,1.6292,1496781.66,1741.07,200.0,signal_enhancement,low,
415,M88,5,933909.8,9e-06,1.1626,1865418.55,1495.34,200.0,denoising,low,2.0
416,M88,6,1903021.34,9e-06,0.5022,1735441.87,1473.84,200.0,signal_enhancement,low,
417,M88,7,2583589.12,5e-06,2.8353,2429823.51,1891.12,200.0,denoising,low,
418,M88,8,1914538.88,6e-06,1.0666,3680972.04,1838.18,200.0,signal_enhancement,low,
419,M88,9,1884046.7,7e-06,2.186,2685243.71,1112.43,200.0,denoising,low,
420,M93,0,1794335.34,1.2e-05,0.2667,2354801.87,1731.24,200.0,denoising,low,
421,M93,1,1160595.43,1.4e-05,0.2363,1317016.41,2106.39,200.0,signal_enhancement,medium,
422,M93,2,975732.91,1.6e-05,0.2025,2041243.25,522.52,200.0,signal_enhancement,medium,0.0
423,M93,3,1544348.65,5e-06,0.2394,1950354.7,1346.16,200.0,denoising,medium,
424,M93,4,1935212.79,1.8e-05,0.2365,1816287.43,1589.83,200.0,denoising,medium,
425,M93,5,1386117.17,1e-05,0.217,1322992.46,677.38,200.0,signal_enhancement,medium,
426,M93,6,2210678.15,1.3e-05,0.1189,2204431.38,1770.29,200.0,signal_enhancement,high,
427,M93,7,1685475.19,2.1e-05,0.0533,1343100.34,1655.19,200.0,denoising,high,
428,M93,8,2306688.62,7e-06,0.237,1415332.53,2020.77,200.0,signal_enhancement,medium,
429,M93,9,1548003.9,2e-05,0.2065,1590312.1,1271.88,200.0,signal_enhancement,medium,
430,M90,0,1811373.5,1.4e-05,0.1197,1728076.12,1530.06,200.0,denoising,high,
431,M90,1,937303.12,0.0,0.1825,1683362.98,448.54,200.0,signal_enhancement,medium,0.0
432,M90,2,999172.01,2.1e-05,0.1117,2301822.33,2192.53,200.0,signal_enhancement,high,
433,M90,3,1544193.83,5.2e-05,0.1371,1857219.43,1665.7,200.0,denoising,high,
434,M90,4,1221575.56,2.7e-05,0.1616,2474051.48,2430.19,200.0,signal_enhancement,medium,
435,M90,5,2463580.68,2.8e-05,0.1341,2548767.95,1731.58,200.0,signal_enhancement,high,
436,M90,6,1420143.77,2.7e-05,0.1071,2056780.25,1973.88,200.0,signal_enhancement,high,1.0
437,M90,7,1374154.15,2.7e-05,0.1292,1882506.44,1260.02,200.0,denoising,high,
438,M90,8,1233081.43,3.4e-05,0.1455,1818248.76,1628.61,200.0,signal_enhancement,high,
439,M90,9,1665324.81,4e-05,0.1144,1018781.61,1066.85,200.0,denoising,high,
440,M94,0,1186685.74,0.000105,0.1862,1231243.0,2004.8,200.0,denoising,medium,
441,M94,1,1584328.2,8.6e-05,0.1779,1319632.41,2802.58,200.0,denoising,medium,
442,M94,2,1826415.26,0.00011,0.1937,1050820.93,1672.19,200.0,signal_enhancement,medium,
443,M94,3,1365885.32,6.8e-05,0.227,2079231.16,1931.54,200.0,signal_enhancement,medium,2.0
444,M94,4,1884313.93,7.1e-05,0.1943,1977827.94,1679.8,200.0,signal_enhancement,medium,
445,M94,5,1680543.02,4.9e-05,0.1968,1439843.75,1193.36,200.0,signal_enhancement,medium,0.0
446,M94,6,1404625.44,9.2e-05,0.2101,1087782.72,1488.97,200.0,denoising,medium,
447,M94,7,784386.81,4.4e-05,0.0676,1864039.21,2320.36,200.0,denoising,high,
448,M94,8,2290597.21,7.7e-05,0.1568,1737502.73,1448.76,200.0,denoising,medium,3.0
449,M94,9,1220589.54,4.1e-05,0.1982,2289898.82,1448.23,200.0,denoising,medium,
450,M94,0,940815.36,0.000188,1.1168,1438477.0,1633.55,200.0,signal_enhancement,low,
451,M94,1,1878656.14,0.0002,2.4395,2013774.52,1866.15,200.0,signal_enhancement,low,0.0
452,M94,2,1702035.61,0.000285,1.5594,1210223.71,1505.95,200.0,signal_enhancement,low,
453,M94,3,1666278.35,0.00038,1.5659,1744710.24,1029.62,200.0,denoising,low,
454,M94,4,1321754.82,0.000123,2.0249,753222.39,1349.07,200.0,signal_enhancement,low,
455,M94,5,1453563.52,0.000202,2.3068,1395028.9,1141.5,200.0,denoising,low,
456,M94,6,2174387.77,0.000247,2.4423,2797978.16,681.16,200.0,denoising,low,
457,M94,7,1792112.31,0.000216,1.285,2144423.09,2188.4,200.0,signal_enhancement,low,
458,M94,8,1421442.57,0.000162,1.408,1618395.28,1205.26,200.0,signal_enhancement,low,
459,M94,9,2705834.11,0.000121,1.0356,1619649.74,1262.82,200.0,signal_enhancement,low,
460,M94,0,989684.44,5.4e-05,2.8745,1304168.45,754.24,200.0,signal_enhancement,low,
461,M94,1,2092431.51,8.1e-05,2.6372,938765.61,294.53,200.0,signal_enhancement,low,
462,M94,2,1445539.82,9e-05,3.3925,2228495.13,1226.6,200.0,denoising,low,1.0
463,M94,3,2045600.7,9.3e-05,3.0569,2028415.76,601.35,200.0,denoising,low,
464,M94,4,2017865.29,5.6e-05,2.766,1669091.8,1429.61,200.0,signal_enhancement,low,
465,M94,5,771792.32,8e-05,2.4261,1905070.25,1820.71,200.0,denoising,low,
466,M94,6,1128496.4,8.6e-05,5.0157,1118645.69,2037.02,200.0,signal_enhancement,low,
467,M94,7,1784343.23,8.5e-05,1.95,2040622.99,1361.08,200.0,signal_enhancement,low,
468,M94,8,2088329.55,0.000106,1.6436,2225817.9,2486.09,200.0,signal_enhancement,low,
469,M94,9,1570779.98,9.2e-05,2.7588,981462.34,2624.94,200.0,signal_enhancement,low,8.0
470,M88,0,1606275.55,3.5e-05,0.3308,2239942.38,1030.71,200.0,signal_enhancement,low,
471,M88,1,1494269.61,1.9e-05,0.3001,2076708.27,1637.43,200.0,signal_enhancement,low,
472,M88,2,1138917.02,2.3e-05,0.3001,2092044.46,1413.72,200.0,signal_enhancement,low,
473,M88,3,1405996.54,2.9e-05,0.2587,1329286.05,1724.73,200.0,denoising,low,
474,M88,4,1109720.25,1.6e-05,0.2847,1684138.7,1337.11,200.0,signal_enhancement,low,
475,M88,5,2014330.97,9e-06,0.2447,1684709.12,1777.16,200.0,signal_enhancement,medium,
476,M88,6,1286539.24,2.1e-05,0.3374,1425360.27,1375.77,200.0,signal_enhancement,low,
477,M88,7,1493093.39,1.7e-05,0.2856,2261519.99,2158.69,200.0,signal_enhancement,low,
478,M88,8,1697871.75,2.7e-05,0.1984,2443634.87,1581.75,200.0,signal_enhancement,medium,
479,M88,9,1965161.03,2.9e-05,0.2596,1928966.87,1336.31,200.0,signal_enhancement,low,
480,M88,0,1785247.07,6.4e-05,1.5593,2197796.84,1896.71,200.0,denoising,low,
481,M88,1,1506273.78,6.7e-05,1.9798,1647988.74,2108.45,200.0,denoising,low,
482,M88,2,1575512.59,0.000113,0.9495,1906223.1,1696.41,200.0,signal_enhancement,low,1.0
483,M88,3,1123414.55,0.000104,0.8439,1941550.56,1822.89,200.0,denoising,low,
484,M88,4,1738576.14,6e-05,0.714,2423862.87,2062.15,200.0,signal_enhancement,low,
485,M88,5,2092416.23,0.000102,1.2181,2540552.77,1119.73,200.0,denoising,low,
486,M88,6,1547913.48,6.6e-05,1.0817,914075.79,2092.83,200.0,denoising,low,
487,M88,7,1413513.81,0.000113,1.8672,1231024.98,1400.49,200.0,signal_enhancement,low,0.0
488,M88,8,1381984.96,6.7e-05,1.4911,1506361.23,1892.82,200.0,denoising,low,
489,M88,9,776943.74,8e-05,1.5488,2606552.46,1816.5,200.0,denoising,low,
490,M90,0,1851389.3,5.9e-05,0.0786,2321591.06,1790.65,200.0,denoising,high,
491,M90,1,2142188.57,1.6e-05,0.2003,2371360.24,1705.8,200.0,denoising,medium,
492,M90,2,1232206.44,2.4e-05,0.1079,1759666.22,1080.01,200.0,denoising,high,
493,M90,3,2067864.38,2.2e-05,0.1851,2444513.16,918.64,200.0,signal_enhancement,medium,
494,M90,4,1743963.28,3.2e-05,0.0155,1233269.83,980.45,200.0,denoising,high,2.0
495,M90,5,1772407.44,5.5e-05,0.1792,2159187.51,1862.3,200.0,signal_enhancement,medium,
496,M90,6,924220.52,2e-05,0.1627,1858490.64,916.58,200.0,signal_enhancement,medium,
497,M90,7,1540264.87,5.1e-05,0.1392,1616902.84,1679.31,200.0,signal_enhancement,high,
498,M90,8,1175949.91,3.9e-05,0.1391,2627077.1,1010.34,200.0,signal_enhancement,high,
499,M90,9,1752797.72,3.2e-05,0.1652,1902503.98,1520.25,200.0,denoising,medium,
500,M90,0,1619082.09,4.9e-05,1.9821,2111593.72,1268.85,200.0,signal_enhancement,low,
501,M90,1,692703.67,5.3e-05,2.7041,2373587.17,1537.96,200.0,signal_enhancement,low,
502,M90,2,1936237.85,4.2e-05,2.5597,2664510.41,2288.42,200.0,signal_enhancement,low,
503,M90,3,1265153.84,1.2e-05,1.3827,2063235.07,1466.33,200.0,denoising,low,
504,M90,4,2939772.3,5.8e-05,1.0214,465556.87,1738.37,200.0,signal_enhancement,low,
505,M90,5,702521.65,5.8e-05,2.3631,1656402.22,1898.66,200.0,denoising,low,
506,M90,6,1126978.74,3.5e-05,1.8954,2653706.51,1319.17,200.0,signal_enhancement,low,
507,M90,7,2045652.72,4.8e-05,0.9627,1422091.14,1583.54,200.0,denoising,low,6.0
508,M90,8,1079011.95,3.8e-05,1.2964,2082677.13,1700.23,200.0,denoising,low,
509,M90,9,1760868.39,4.9e-05,1.9521,1959142.18,712.21,200.0,signal_enhancement,low,
510,M90,0,1851364.83,1.7e-05,1.4317,2405909.35,1912.68,200.0,signal_enhancement,low,
511,M90,1,1908894.81,1.5e-05,1.1616,2228639.31,1434.81,200.0,signal_enhancement,low,
512,M90,2,1487447.71,2.1e-05,2.0631,1297544.61,2405.06,200.0,signal_enhancement,low,
513,M90,3,1369604.63,2.3e-05,2.0987,1758076.86,1606.67,200.0,signal_enhancement,low,
514,M90,4,1212009.24,1.3e-05,1.9435,2418561.71,1771.3,200.0,signal_enhancement,low,3.0
515,M90,5,1292156.51,2.4e-05,1.6051,1846053.23,1668.13,200.0,denoising,low,
516,M90,6,1776031.77,2.5e-05,1.7905,2633202.41,764.91,200.0,signal_enhancement,low,
517,M90,7,1957530.24,1.4e-05,2.2278,1397356.23,1498.47,200.0,denoising,low,
518,M90,8,1461919.51,1.2e-05,1.7809,2222201.01,1761.75,200.0,denoising,low,
519,M90,9,466621.1,2.6e-05,1.4059,1690287.38,1239.52,200.0,signal_enhancement,low,
520,M93,0,1935092.68,0.000265,1.4996,1497548.53,2292.36,200.0,denoising,low,
521,M93,1,1535106.47,0.000277,1.8055,587718.83,1708.57,200.0,signal_enhancement,low,
522,M93,2,1448429.78,0.000173,2.585,1419659.93,903.06,200.0,signal_enhancement,low,
523,M93,3,1502747.01,0.000243,1.4261,3226356.81,1023.94,200.0,denoising,low,
524,M93,4,2575977.83,0.000243,1.8163,1873870.42,1138.93,200.0,signal_enhancement,low,
525,M93,5,1688369.43,0.000257,1.3616,2680270.71,1261.23,200.0,signal_enhancement,low,
526,M93,6,2153861.8,0.000176,0.5113,1904757.71,1851.51,200.0,denoising,low,
527,M93,7,1344571.49,0.000178,1.3277,3615077.33,1758.44,200.0,signal_enhancement,low,
528,M93,8,1343308.61,0.000172,3.0028,2682232.5,2385.15,200.0,denoising,low,
529,M93,9,1322488.52,9e-05,1.3984,2976672.62,1675.74,200.0,signal_enhancement,low,
530,M94,0,1326182.31,1.7e-05,1.5665,2116325.23,2300.96,200.0,denoising,low,
531,M94,1,2482545.06,8e-06,0.4503,795695.18,1920.87,200.0,signal_enhancement,low,
532,M94,2,1682232.23,1.2e-05,1.4766,1870045.26,732.44,200.0,signal_enhancement,low,
533,M94,3,2012207.83,1.5e-05,1.9395,2251586.33,584.67,200.0,denoising,low,
534,M94,4,2067643.83,1.9e-05,1.0704,2104455.71,1607.02,200.0,denoising,low,0.0
535,M94,5,1108555.37,1.7e-05,0.9143,2664820.23,1546.31,200.0,denoising,low,
536,M94,6,3112940.7,1.9e-05,0.4732,2557352.05,1432.56,200.0,signal_enhancement,low,
537,M94,7,1394086.58,2.1e-05,2.2298,1098254.0,1929.86,200.0,signal_enhancement,low,
538,M94,8,1073560.33,1.7e-05,0.7244,1595349.38,1449.27,200.0,denoising,low,
539,M94,9,1699039.14,2e-06,2.1245,1814288.57,1899.8,200.0,denoising,low,
540,M88,0,2111328.89,5.2e-05,3.082,1368985.1,2208.45,200.0,signal_enhancement,low,
541,M88,1,1862382.54,5.6e-05,2.3335,1080950.87,1507.23,200.0,denoising,low,
542,M88,2,1707257.66,7.7e-05,1.3708,1778578.39,1062.9,200.0,denoising,low,
543,M88,3,1241196.75,4.1e-05,2.2837,1529532.65,1803.03,200.0,signal_enhancement,low,
544,M88,4,1094462.7,4.2e-05,3.5938,230802.53,1040.04,200.0,denoising,low,
545,M88,5,1798179.71,6.3e-05,2.972,1878353.62,689.57,200.0,signal_enhancement,low,
546,M88,6,1284881.97,7.8e-05,1.8111,1623840.74,1442.37,200.0,denoising,low,
547,M88,7,1690828.2,4.2e-05,2.4963,2003899.1,1862.15,200.0,signal_enhancement,low,4.0
548,M88,8,1463104.01,5.8e-05,1.6873,2586283.12,1437.31,200.0,denoising,low,
549,M88,9,994540.16,7.1e-05,1.7334,2662912.14,1448.86,200.0,denoising,low,
550,M93,0,1596074.95,1.3e-05,0.1769,1777269.21,1581.43,200.0,signal_enhancement,medium,
551,M93,1,2261652.54,3.4e-05,0.1668,1403947.31,957.44,200.0,signal_enhancement,medium,
552,M93,2,1413451.91,2.8e-05,0.1719,1762213.44,1341.79,200.0,denoising,medium,
553,M93,3,1110818.52,2.5e-05,0.2022,2114415.86,1676.23,200.0,denoising,medium,
554,M93,4,1991767.26,2.8e-05,0.1287,1572024.19,1902.99,200.0,denoising,high,
555,M93,5,2046653.2,2.4e-05,0.1727,910282.85,716.86,200.0,signal_enhancement,medium,
556,M93,6,913591.46,1.8e-05,0.2058,3269280.07,1281.4,200.0,signal_enhancement,medium,
557,M93,7,2486816.3,2.6e-05,0.1378,914111.79,1263.84,200.0,denoising,high,
558,M93,8,2276075.78,2.4e-05,0.2103,1638077.8,1494.03,200.0,denoising,medium,
559,M93,9,957620.42,3.5e-05,0.124,2275618.9,1436.47,200.0,signal_enhancement,high,
560,M94,0,1962950.35,1.5e-05,2.5773,1639837.26,2012.04,200.0,signal_enhancement,low,
561,M94,1,762554.76,1.7e-05,1.8071,1382705.26,1428.44,200.0,signal_enhancement,low,
562,M94,2,1523692.18,1.2e-05,1.2227,2538424.87,1381.48,200.0,signal_enhancement,low,
563,M94,3,1688764.49,1.1e-05,2.862,2167838.86,1089.37,200.0,denoising,low,
564,M94,4,1538675.63,7e-06,1.9953,2198498.67,2123.71,200.0,denoising,low,
565,M94,5,917204.48,1.6e-05,1.1571,1335442.36,1841.47,200.0,signal_enhancement,low,
566,M94,6,1519122.44,1.2e-05,2.8294,2495053.08,1221.45,200.0,denoising,low,
567,M94,7,1543044.47,1.2e-05,1.854,1401693.67,1338.87,200.0,denoising,low,
568,M94,8,1087266.05,5e-06,1.262,2342333.47,1225.84,200.0,signal_enhancement,low,
569,M94,9,2500083.12,8e-06,2.077,91088.63,1122.78,200.0,signal_enhancement,low,6.0
570,M90,0,1685412.35,2.6e-05,2.0473,1188797.84,2242.34,200.0,denoising,low,
571,M90,1,852384.46,2.9e-05,2.4219,1106651.63,1061.73,200.0,denoising,low,
572,M90,2,1786197.08,2.5e-05,1.8077,1675191.79,1268.27,200.0,signal_enhancement,low,
573,M90,3,749298.39,6e-06,1.3702,2143717.62,1784.93,200.0,signal_enhancement,low,
574,M90,4,1657082.12,3.7e-05,1.822,2076782.7,1417.27,200.0,signal_enhancement,low,
575,M90,5,1066103.93,1.9e-05,2.3403,2175598.98,1383.0,200.0,signal_enhancement,low,
576,M90,6,1746088.64,2.2e-05,0.9436,1211058.53,800.75,200.0,denoising,low,
577,M90,7,1224542.97,3.2e-05,2.1412,2265086.38,2125.51,200.0,signal_enhancement,low,
578,M90,8,2011604.98,3.1e-05,2.2937,2115159.5,2186.9,200.0,denoising,low,
579,M90,9,1806010.16,3.3e-05,1.8254,2285477.71,1775.15,200.0,denoising,low,
580,M90,0,1724548.25,2.4e-05,1.4959,2907135.01,1306.49,200.0,signal_enhancement,low,
581,M90,1,1162671.38,2.2e-05,0.8018,1648475.2,1288.87,200.0,denoising,low,
582,M90,2,990229.24,1.8e-05,1.0358,1958157.35,813.92,200.0,denoising,low,
583,M90,3,1265937.55,2.3e-05,1.2592,1542687.05,1225.86,200.0,denoising,low,2.0
584,M90,4,1930383.65,2e-05,0.8815,1478017.12,2006.84,200.0,signal_enhancement,low,
585,M90,5,1592463.37,1.4e-05,1.6015,1529544.36,1468.26,200.0,denoising,low,
586,M90,6,1532032.65,2.5e-05,0.6149,1670191.66,1176.74,200.0,signal_enhancement,low,4.0
587,M90,7,1535746.59,2.1e-05,0.8349,1297581.24,2045.6,200.0,denoising,low,
588,M90,8,1133067.28,1.6e-05,1.5025,2947642.37,1270.69,200.0,denoising,low,
589,M90,9,1770099.94,1.9e-05,1.0689,2257867.08,1771.92,200.0,signal_enhancement,low,
590,M90,0,1666657.82,0.00019,1.5475,2198525.93,1337.44,200.0,signal_enhancement,low,
591,M90,1,1559361.07,0.000136,2.5273,2225010.39,1876.56,200.0,denoising,low,
592,M90,2,1133873.12,0.000135,2.1073,1786816.77,1661.9,200.0,signal_enhancement,low,0.0
593,M90,3,1613701.39,4e-05,1.1324,1450549.71,1520.63,200.0,signal_enhancement,low,
594,M90,4,1004331.52,8.5e-05,2.1967,1637581.89,1540.84,200.0,denoising,low,
595,M90,5,2496706.37,7.1e-05,1.6098,1151248.37,1337.54,200.0,denoising,low,
596,M90,6,1476900.87,0.000132,1.6255,1484205.54,1501.94,200.0,signal_enhancement,low,
597,M90,7,1529674.95,9.3e-05,1.1665,1687905.99,2416.54,200.0,denoising,low,
598,M90,8,682654.67,0.000136,1.0287,1729789.44,1620.72,200.0,denoising,low,
599,M90,9,1401995.59,0.000123,2.3754,1732927.12,945.69,200.0,signal_enhancement,low,
600,M93,0,2541767.44,2e-06,0.0856,3481297.43,2120.62,200.0,denoising,high,
601,M93,1,1577979.33,3e-06,0.3479,2572475.06,1292.7,200.0,denoising,low,
602,M93,2,1670041.88,4e-06,0.4328,2722808.06,1513.55,200.0,denoising,low,
603,M93,3,3199742.06,3e-06,0.4111,2570163.64,1637.3,200.0,denoising,low,
604,M93,4,2828213.98,2e-06,0.5433,1615801.95,3763.61,200.0,denoising,low,
605,M93,5,1755241.18,3e-06,0.3147,2508558.67,2532.93,200.0,denoising,low,
606,M93,6,2673323.98,3e-06,0.3504,3928187.95,2734.51,200.0,denoising,low,3.0
607,M93,7,1579269.39,2e-06,0.3771,3703492.86,3111.92,200.0,signal_enhancement,low,
608,M93,8,2560328.88,4e-06,0.2898,1609109.78,1983.79,200.0,denoising,low,
609,M93,9,2312437.17,4e-06,0.1863,4171769.72,2085.71,200.0,denoising,medium,
610,M90,0,2738878.58,1.5e-05,1.0576,2325482.95,1558.35,200.0,signal_enhancement,low,
611,M90,1,1835297.84,1.6e-05,0.6534,2435247.98,3180.22,200.0,signal_enhancement,low,
612,M90,2,1329057.2,1.6e-05,0.485,1720839.69,1949.62,200.0,signal_enhancement,low,
613,M90,3,1358628.09,1e-05,0.3385,1457254.13,2005.99,200.0,denoising,low,
614,M90,4,2498961.0,1.1e-05,0.5921,2190216.29,1734.56,200.0,signal_enhancement,low,
615,M90,5,2749211.39,2.7e-05,1.6978,1745782.74,2245.5,200.0,denoising,low,
616,M90,6,2001702.02,1.6e-05,0.99,924732.81,2231.75,200.0,signal_enhancement,low,
617,M90,7,1886366.02,1.8e-05,0.8011,2775627.13,2188.19,200.0,denoising,low,
618,M90,8,1370757.56,9e-06,1.6179,2698787.79,2135.61,200.0,denoising,low,
619,M90,9,2959427.95,1.2e-05,1.9058,2317183.34,2517.38,200.0,denoising,low,
620,M88,0,4146079.02,3.2e-05,1.0552,2288211.29,2481.46,200.0,denoising,low,
621,M88,1,2415962.19,3.5e-05,1.6069,2256376.62,2399.44,200.0,signal_enhancement,low,
622,M88,2,657899.15,6e-06,1.3164,2596058.04,2396.39,200.0,signal_enhancement,low,0.0
623,M88,3,2317303.85,1.7e-05,1.1813,2505971.39,1096.06,200.0,signal_enhancement,low,
624,M88,4,2567836.05,7e-06,1.3095,3679251.23,1361.24,200.0,signal_enhancement,low,
625,M88,5,2577907.13,3.8e-05,1.5282,1970141.75,1775.2,200.0,denoising,low,
626,M88,6,2856148.67,4.5e-05,0.5985,1433471.67,2075.59,200.0,signal_enhancement,low,
627,M88,7,2644634.69,2.1e-05,1.8128,3278168.51,1649.05,200.0,signal_enhancement,low,
628,M88,8,1292039.82,2.5e-05,1.7311,2010063.24,1394.8,200.0,signal_enhancement,low,
629,M88,9,2366314.1,1.9e-05,1.5357,3472662.8,2674.87,200.0,denoising,low,
630,M94,0,2308715.61,2.1e-05,0.7963,2423300.13,2112.97,200.0,denoising,low,
631,M94,1,2981204.35,1.8e-05,0.4405,2386967.42,2743.88,200.0,denoising,low,
632,M94,2,3264847.54,2.9e-05,0.87,3039080.23,1818.19,200.0,denoising,low,
633,M94,3,1342727.07,2.9e-05,1.1066,2569037.38,2573.11,200.0,signal_enhancement,low,
634,M94,4,1500795.4,1.7e-05,0.8236,2775937.27,2373.07,200.0,denoising,low,
635,M94,5,1365086.77,1.4e-05,0.5784,2853836.35,2434.0,200.0,denoising,low,
636,M94,6,2361491.65,1.7e-05,0.7804,2975295.79,2969.29,200.0,denoising,low,
637,M94,7,2751938.4,2.5e-05,1.3214,2371863.92,2201.21,200.0,denoising,low,
638,M94,8,2273824.09,2.8e-05,0.6466,2124577.44,1650.1,200.0,signal_enhancement,low,
639,M94,9,2314495.94,2.7e-05,1.2572,2015071.91,2655.32,200.0,denoising,low,8.0
640,M94,0,2630482.96,5.4e-05,1.2943,1639746.94,3110.82,200.0,denoising,low,
641,M94,1,893922.67,8.6e-05,1.4355,1336306.57,2368.43,200.0,signal_enhancement,low,
642,M94,2,1972410.83,8.2e-05,1.9411,1998096.14,2520.04,200.0,denoising,low,
643,M94,3,1921403.97,9.5e-05,1.5376,2475469.19,2476.74,200.0,denoising,low,
644,M94,4,2228329.77,2.8e-05,2.4759,1362560.82,2424.04,200.0,signal_enhancement,low,
645,M94,5,1921253.27,6.1e-05,2.4004,2566657.76,2068.0,200.0,denoising,low,
646,M94,6,2056029.91,8.9e-05,2.0971,1779505.56,1141.16,200.0,signal_enhancement,low,
647,M94,7,1370159.23,0.000103,2.551,1821384.3,1599.87,200.0,denoising,low,
648,M94,8,2113609.71,7e-05,2.6307,1123054.74,1855.59,200.0,signal_enhancement,low,
649,M94,9,2407266.02,7.7e-05,2.1916,1606034.41,1823.46,200.0,denoising,low,
650,M94,0,1770983.66,0.000102,1.446,1881837.44,1673.69,200.0,denoising,low,
651,M94,1,917622.19,0.000128,0.814,2275105.93,1820.65,200.0,signal_enhancement,low,0.0
652,M94,2,3037794.42,0.000119,1.7716,2256849.21,1399.78,200.0,signal_enhancement,low,
653,M94,3,2615372.68,0.000168,1.2862,3287963.95,1358.43,200.0,denoising,low,
654,M94,4,1837383.73,0.000106,1.8074,1955877.77,2637.91,200.0,signal_enhancement,low,
655,M94,5,2432627.76,0.000181,0.0832,870635.32,1842.34,200.0,signal_enhancement,high,
656,M94,6,2975429.97,0.000119,2.2147,2955205.84,811.32,200.0,signal_enhancement,low,
657,M94,7,2168631.07,0.000145,0.9639,2568885.41,1286.14,200.0,signal_enhancement,low,
658,M94,8,3077784.13,0.000131,1.8409,1011433.8,1688.4,200.0,denoising,low,
659,M94,9,996908.89,0.00014,2.0506,3205289.91,2070.81,200.0,signal_enhancement,low,
660,M93,0,1755594.11,3.7e-05,0.4125,2813126.65,767.91,200.0,signal_enhancement,low,
661,M93,1,1155090.74,4e-05,0.5363,2323362.19,1705.42,200.0,denoising,low,
662,M93,2,2200754.98,4.6e-05,0.819,1621564.2,1436.4,200.0,signal_enhancement,low,0.0
663,M93,3,2273827.0,3.9e-05,0.5731,2023217.96,2076.19,200.0,signal_enhancement,low,1.0
664,M93,4,1094379.67,6.4e-05,0.55,2681291.45,1336.68,200.0,denoising,low,
665,M93,5,1758091.05,5.2e-05,0.4217,2786677.56,1900.27,200.0,denoising,low,
666,M93,6,1232307.77,2.7e-05,0.4245,2914438.99,1397.22,200.0,signal_enhancement,low,
667,M93,7,1808484.6,1.6e-05,0.5908,1931452.74,1568.01,200.0,signal_enhancement,low,
668,M93,8,429049.3,4.7e-05,0.3994,3066610.81,2066.64,200.0,denoising,low,
669,M93,9,1594135.0,4.4e-05,0.4611,1546904.0,2204.35,200.0,denoising,low,
670,M88,0,1757329.08,3.6e-05,0.3466,1354528.78,1770.06,200.0,signal_enhancement,low,
671,M88,1,1380379.74,2.6e-05,0.1584,1499103.12,996.94,200.0,signal_enhancement,medium,
672,M88,2,2462717.37,3.6e-05,0.1872,1765678.24,1084.85,200.0,signal_enhancement,medium,
673,M88,3,2759079.48,2e-05,0.2002,2341446.23,2088.27,200.0,denoising,medium,
674,M88,4,957604.48,3.2e-05,0.1271,1295636.04,728.29,200.0,denoising,high,
675,M88,5,1569428.27,5.1e-05,0.2047,2991322.8,2545.47,200.0,denoising,medium,
676,M88,6,1597355.03,5.6e-05,0.01,2544170.84,1617.85,200.0,signal_enhancement,high,
677,M88,7,1718780.87,1.3e-05,0.2776,1847085.91,1079.53,200.0,signal_enhancement,low,
678,M88,8,1928034.8,3.4e-05,0.1892,2968000.46,2363.67,200.0,signal_enhancement,medium,
679,M88,9,1454024.34,4.8e-05,0.1562,2651462.17,2627.29,200.0,signal_enhancement,medium,
680,M94,0,1711416.44,2.8e-05,1.8538,574608.4,1438.83,200.0,signal_enhancement,low,
681,M94,1,1053246.47,4.4e-05,1.7592,2706146.69,2370.64,200.0,denoising,low,
682,M94,2,1447442.98,3.6e-05,0.8085,2180176.22,1346.26,200.0,signal_enhancement,low,1.0
683,M94,3,1649973.23,3e-05,2.0765,3053448.27,1446.79,200.0,signal_enhancement,low,
684,M94,4,1776126.59,3.4e-05,1.8456,2564918.17,1894.98,200.0,denoising,low,
685,M94,5,1257389.18,4.1e-05,1.3961,1453489.74,1930.12,200.0,signal_enhancement,low,
686,M94,6,1178787.57,2.6e-05,1.5123,2717315.68,1896.15,200.0,denoising,low,
687,M94,7,1325993.11,1.4e-05,1.0952,1888350.38,1996.87,200.0,denoising,low,
688,M94,8,1956643.41,3.1e-05,2.2587,2062115.91,2370.78,200.0,signal_enhancement,low,7.0
689,M94,9,971446.11,4.2e-05,1.6044,2936651.37,1630.5,200.0,signal_enhancement,low,
690,M90,0,1827773.58,1.8e-05,1.7459,1550429.88,963.89,200.0,signal_enhancement,low,
691,M90,1,2378239.42,2.3e-05,2.9993,2733689.67,2044.0,200.0,denoising,low,
692,M90,2,2006449.79,1.1e-05,2.1734,1868114.24,935.86,200.0,denoising,low,
693,M90,3,1132908.76,1.1e-05,1.8439,809080.27,1797.77,200.0,signal_enhancement,low,
694,M90,4,1656258.48,2.5e-05,2.3407,907494.59,1767.52,200.0,denoising,low,
695,M90,5,2049362.67,1.3e-05,2.0915,2741243.86,1328.88,200.0,signal_enhancement,low,
696,M90,6,1449788.5,1e-05,0.6718,1249827.0,1283.52,200.0,signal_enhancement,low,
697,M90,7,1443589.69,2e-05,2.1455,1708659.99,2396.45,200.0,denoising,low,
698,M90,8,1267334.35,1e-05,2.3432,1986950.14,1279.98,200.0,denoising,low,
699,M90,9,1918399.68,3.2e-05,1.218,1404004.45,2420.85,200.0,signal_enhancement,low,
700,M90,0,1430199.05,4.9e-05,0.9799,1535649.52,2064.71,200.0,signal_enhancement,low,
701,M90,1,1105590.39,5.1e-05,1.5652,2083641.71,1254.95,200.0,denoising,low,0.0
702,M90,2,1472129.31,4.8e-05,1.5094,2341468.56,840.4,200.0,denoising,low,
703,M90,3,1738104.65,7.2e-05,1.3125,2120572.94,1970.77,200.0,denoising,low,
704,M90,4,1421121.02,6.2e-05,1.9934,2797889.99,2059.21,200.0,signal_enhancement,low,0.0
705,M90,5,2870012.36,4.7e-05,1.6083,1452548.46,1941.37,200.0,signal_enhancement,low,
706,M90,6,1447409.68,3.3e-05,2.1323,1762534.51,1786.74,200.0,signal_enhancement,low,
707,M90,7,2291507.14,3.8e-05,1.611,3445481.38,1465.36,200.0,denoising,low,
708,M90,8,1796178.58,4.3e-05,2.0041,1630131.02,1972.55,200.0,denoising,low,
709,M90,9,2348758.44,6.5e-05,1.8034,2136342.63,1240.04,200.0,signal_enhancement,low,
710,M90,0,1691063.19,7.1e-05,2.8236,2894761.1,2262.56,200.0,signal_enhancement,low,
711,M90,1,1682962.45,6.9e-05,2.5146,2746139.68,1234.33,200.0,denoising,low,
712,M90,2,1974252.42,7.9e-05,2.4902,1885748.9,2068.53,200.0,signal_enhancement,low,
713,M90,3,2195877.19,5.9e-05,3.2453,2730588.72,3130.35,200.0,signal_enhancement,low,0.0
714,M90,4,809067.87,5.7e-05,3.0543,2582083.73,1895.78,200.0,signal_enhancement,low,
715,M90,5,946553.25,6.2e-05,2.5365,1970656.89,1669.55,200.0,signal_enhancement,low,
716,M90,6,1563202.91,4.6e-05,2.2977,2868107.13,2378.55,200.0,denoising,low,
717,M90,7,767383.99,8.1e-05,0.8366,2211971.46,1720.78,200.0,signal_enhancement,low,
718,M90,8,623603.19,7.4e-05,2.9056,1378621.21,1416.7,200.0,signal_enhancement,low,5.0
719,M90,9,803682.2,5.6e-05,1.7005,2906470.42,1974.6,200.0,denoising,low,0.0
720,M94,0,2446072.99,2e-06,1.3917,1591771.43,2273.59,200.0,denoising,low,
721,M94,1,1552473.96,2e-06,1.4594,1785253.99,2617.35,200.0,denoising,low,
722,M94,2,2252922.4,2e-06,0.7878,1739532.77,1181.75,200.0,denoising,low,
723,M94,3,970749.64,2e-06,2.0609,1691777.87,1323.85,200.0,denoising,low,
724,M94,4,798810.81,3e-06,1.2575,2370534.09,1752.04,200.0,denoising,low,
725,M94,5,1122582.71,2e-06,1.5941,1977314.98,1112.82,200.0,signal_enhancement,low,
726,M94,6,1580990.0,3e-06,1.2771,2024165.08,1143.29,200.0,signal_enhancement,low,2.0
727,M94,7,2442373.22,2e-06,1.4673,1814050.51,1271.16,200.0,denoising,low,
728,M94,8,2057818.82,2e-06,1.2872,2316604.7,1228.18,200.0,signal_enhancement,low,
729,M94,9,1613855.45,2e-06,0.6253,2367998.45,1329.88,200.0,signal_enhancement,low,
730,M88,0,978712.07,3e-05,0.5281,1452683.84,2034.62,200.0,signal_enhancement,low,
731,M88,1,2046868.32,5.5e-05,1.2172,2253067.73,1358.17,200.0,signal_enhancement,low,
732,M88,2,1797683.55,5.6e-05,1.7729,2609987.62,2747.47,200.0,denoising,low,
733,M88,3,1914372.79,5.5e-05,1.4277,3589731.66,2851.0,200.0,denoising,low,
734,M88,4,1491194.86,4.2e-05,1.3311,2518237.77,1542.77,200.0,denoising,low,
735,M88,5,2089990.52,5e-05,0.5622,1485871.5,1900.81,200.0,denoising,low,
736,M88,6,1844678.57,3e-05,0.8888,4176897.22,1544.76,200.0,signal_enhancement,low,
737,M88,7,1696389.17,3.2e-05,1.4565,2653008.75,1427.82,200.0,signal_enhancement,low,
738,M88,8,1788339.65,4.6e-05,1.0842,1503457.56,810.0,200.0,signal_enhancement,low,
739,M88,9,1034339.38,4.8e-05,0.9822,2087792.61,1986.84,200.0,signal_enhancement,low,
740,M88,0,2327114.37,7e-06,1.4641,2693860.83,2614.22,200.0,signal_enhancement,low,
741,M88,1,3074521.28,4e-05,1.5319,1526810.98,1264.2,200.0,signal_enhancement,low,
742,M88,2,2529921.4,3.5e-05,1.8235,982323.0,3016.61,200.0,signal_enhancement,low,
743,M88,3,1310604.65,2e-05,1.6153,1693337.77,1869.36,200.0,denoising,low,
744,M88,4,1236676.21,3.8e-05,1.6392,1357424.93,2052.09,200.0,signal_enhancement,low,
745,M88,5,1153853.91,1.1e-05,1.4077,2480574.49,1634.66,200.0,signal_enhancement,low,
746,M88,6,927702.85,3.4e-05,2.3961,2499843.71,1066.6,200.0,signal_enhancement,low,
747,M88,7,1317865.57,2.4e-05,1.7331,2708240.85,966.69,200.0,denoising,low,
748,M88,8,1134467.05,4.7e-05,1.919,2300586.27,1547.17,200.0,signal_enhancement,low,
749,M88,9,894264.81,2.3e-05,1.1728,2291292.48,790.71,200.0,denoising,low,
750,M88,0,2251089.76,2.3e-05,1.0166,1907781.14,1891.12,200.0,denoising,low,
751,M88,1,3013268.26,2.4e-05,1.9616,1543229.52,1942.64,200.0,denoising,low,
752,M88,2,1512614.21,1.6e-05,1.5672,2153772.34,2781.05,200.0,signal_enhancement,low,
753,M88,3,1865522.19,3.7e-05,0.7587,1644888.17,923.04,200.0,signal_enhancement,low,
754,M88,4,1537449.1,2.2e-05,1.6605,1958914.67,1277.48,200.0,denoising,low,
755,M88,5,1862200.17,3.2e-05,2.3008,1842703.22,2095.99,200.0,denoising,low,
756,M88,6,1518611.44,3.2e-05,1.5826,3309277.02,1907.87,200.0,denoising,low,
757,M88,7,2189483.17,2.5e-05,2.8704,1889563.66,2352.86,200.0,signal_enhancement,low,
758,M88,8,2337067.68,4.9e-05,0.5029,2644553.71,1575.09,200.0,signal_enhancement,low,
759,M88,9,1244616.6,3.6e-05,1.4068,2383989.91,2487.36,200.0,signal_enhancement,low,6.0
760,M90,0,1638569.91,1.6e-05,1.6876,1791906.17,2441.39,200.0,signal_enhancement,low,
761,M90,1,1752466.08,1.6e-05,2.2335,1581808.84,1132.18,200.0,denoising,low,
762,M90,2,2042457.97,1.8e-05,1.253,2390234.82,2518.68,200.0,denoising,low,
763,M90,3,1668345.95,8e-06,2.1301,3159675.45,2082.57,200.0,signal_enhancement,low,
764,M90,4,1608657.37,1.6e-05,2.2003,1297409.59,1828.04,200.0,signal_enhancement,low,
765,M90,5,1780604.41,1.9e-05,2.5699,2148797.94,2090.79,200.0,denoising,low,
766,M90,6,1769000.12,1.1e-05,2.4127,1911333.52,1603.68,200.0,denoising,low,
767,M90,7,2204183.53,1.6e-05,2.1871,925292.29,2033.25,200.0,denoising,low,
768,M90,8,1666701.95,1.6e-05,1.5783,1762241.36,1697.32,200.0,signal_enhancement,low,6.0
769,M90,9,1907297.57,1.1e-05,1.2095,2409466.07,1535.2,200.0,denoising,low,
770,M93,0,2679080.4,2.7e-05,0.9369,2303699.37,956.25,200.0,denoising,low,
771,M93,1,1367057.48,5.3e-05,0.8898,2350916.95,1503.96,200.0,denoising,low,
772,M93,2,758138.28,4.7e-05,1.093,3530548.81,861.51,200.0,denoising,low,
773,M93,3,1810951.96,4.8e-05,0.5576,2457813.56,1742.54,200.0,denoising,low,
774,M93,4,1813237.94,2.7e-05,1.2242,3264687.77,1627.94,200.0,signal_enhancement,low,
775,M93,5,1437972.56,3e-05,0.6385,1570617.57,1877.5,200.0,signal_enhancement,low,
776,M93,6,1441621.49,4.7e-05,0.8962,1849748.76,2691.51,200.0,denoising,low,
777,M93,7,1999561.95,3.8e-05,0.5903,2708578.31,2630.88,200.0,denoising,low,
778,M93,8,1601025.58,4.8e-05,1.1646,3219491.3,1559.84,200.0,signal_enhancement,low,
779,M93,9,2607280.16,1.6e-05,1.1914,1450916.18,1459.42,200.0,signal_enhancement,low,
780,M90,0,1118498.16,2.1e-05,2.1725,1407265.12,1783.61,200.0,denoising,low,
781,M90,1,1857262.1,1.5e-05,2.6781,2790053.28,2016.72,200.0,denoising,low,
782,M90,2,1527004.96,5e-06,1.9785,1893524.36,1634.27,200.0,signal_enhancement,low,0.0
783,M90,3,1151663.35,1.4e-05,3.1971,2141044.84,1809.26,200.0,denoising,low,
784,M90,4,1497218.93,1.2e-05,3.3518,1513341.21,1452.12,200.0,signal_enhancement,low,
785,M90,5,927712.45,1.6e-05,2.3551,2240590.59,848.56,200.0,denoising,low,
786,M90,6,1445937.19,1.5e-05,2.4266,1487380.67,1420.58,200.0,denoising,low,
787,M90,7,2022153.55,1.7e-05,2.1665,1735717.86,1706.88,200.0,denoising,low,
788,M90,8,1648509.06,5e-06,1.9975,1837444.02,1133.75,200.0,denoising,low,
789,M90,9,1091916.01,1.8e-05,2.8055,1946184.49,2721.58,200.0,denoising,low,
790,M94,0,1474015.07,8.4e-05,0.4533,859945.26,1787.96,200.0,denoising,low,
791,M94,1,1716949.57,9.3e-05,1.3424,1546766.15,1336.64,200.0,denoising,low,
792,M94,2,988524.83,5e-05,1.124,1491917.11,1723.75,200.0,denoising,low,
793,M94,3,948883.14,3.6e-05,0.6729,1842838.39,1280.87,200.0,signal_enhancement,low,
794,M94,4,2052780.26,6.8e-05,1.166,2026399.29,1069.37,200.0,denoising,low,0.0
795,M94,5,2018963.24,0.000101,1.6148,2458644.91,1457.8,200.0,signal_enhancement,low,
796,M94,6,1378063.41,7.5e-05,0.6093,1604066.97,1934.21,200.0,signal_enhancement,low,
797,M94,7,2034738.72,7.7e-05,1.3691,1525774.88,1835.51,200.0,denoising,low,
798,M94,8,2389620.91,8.5e-05,0.5499,2098142.66,940.95,200.0,signal_enhancement,low,
799,M94,9,1295463.28,5.4e-05,1.1786,1691722.59,1937.59,200.0,signal_enhancement,low,
800,M94,0,1092889.49,0.000245,2.9374,2017414.53,1877.93,200.0,signal_enhancement,low,
801,M94,1,1350535.29,0.00017,0.5997,1115452.85,1233.76,200.0,denoising,low,
802,M94,2,2473163.67,0.000195,0.731,1465875.32,1125.79,200.0,signal_enhancement,low,
803,M94,3,789541.46,0.000231,1.2127,1881235.36,678.47,200.0,denoising,low,
804,M94,4,1172228.15,0.000228,1.7405,1503188.08,1599.55,200.0,signal_enhancement,low,2.0
805,M94,5,1499550.27,0.000204,2.2267,2212036.81,1341.12,200.0,signal_enhancement,low,3.0
806,M94,6,2142590.24,0.00013,0.8497,2057476.08,2146.91,200.0,signal_enhancement,low,
807,M94,7,1866544.92,0.000188,2.1659,2177919.13,817.57,200.0,signal_enhancement,low,
808,M94,8,1137262.15,0.000168,2.5147,2009020.34,1276.36,200.0,signal_enhancement,low,
809,M94,9,1646940.99,0.000269,1.775,2330155.43,1629.76,200.0,denoising,low,
810,M94,0,1508684.41,0.000322,2.9394,2049733.24,1387.22,200.0,signal_enhancement,low,
811,M94,1,2799959.8,0.000249,3.0061,1809975.28,1153.27,200.0,denoising,low,
812,M94,2,967659.65,0.000376,1.9619,1437665.7,1231.28,200.0,denoising,low,
813,M94,3,1639360.55,0.000282,3.1136,1607271.41,1347.65,200.0,denoising,low,
814,M94,4,1969829.86,0.000256,2.6298,1212750.09,1852.1,200.0,signal_enhancement,low,0.0
815,M94,5,812654.32,9.8e-05,2.5768,1141505.96,1311.48,200.0,denoising,low,
816,M94,6,1010299.11,0.000331,2.3481,1009458.74,1503.87,200.0,signal_enhancement,low,
817,M94,7,1507851.75,0.00026,3.5808,2129309.49,2493.79,200.0,denoising,low,
818,M94,8,1577496.73,0.000194,2.8088,1674394.12,1615.16,200.0,denoising,low,6.0
819,M94,9,964638.76,0.000218,2.5973,1024910.4,1546.45,200.0,denoising,low,
820,M93,0,2007836.17,7.8e-05,1.2736,2527357.62,1595.31,200.0,denoising,low,
821,M93,1,1580295.24,9e-05,1.1734,2353350.95,893.83,200.0,signal_enhancement,low,
822,M93,2,1889988.63,4.2e-05,1.5783,3694601.17,2098.78,200.0,signal_enhancement,low,
823,M93,3,1688929.57,6.5e-05,1.6099,1611915.32,855.84,200.0,signal_enhancement,low,
824,M93,4,1599217.1,9.2e-05,0.9584,830591.88,1255.3,200.0,signal_enhancement,low,
825,M93,5,1291785.53,5.4e-05,0.8354,2143825.99,1860.59,200.0,signal_enhancement,low,
826,M93,6,2085101.15,8.3e-05,0.1524,1730356.28,1512.19,200.0,denoising,medium,
827,M93,7,1242139.27,9e-05,1.0634,1246897.38,1782.62,200.0,denoising,low,0.0
828,M93,8,1663801.01,6.1e-05,0.6034,2776569.07,1757.03,200.0,denoising,low,
829,M93,9,1644560.68,0.000109,1.5009,1775565.92,631.43,200.0,denoising,low,
830,M88,0,503065.98,0.000141,1.8004,2261399.56,819.11,200.0,denoising,low,
831,M88,1,1584965.38,0.000146,1.451,1697819.9,1413.4,200.0,denoising,low,
832,M88,2,1487617.7,7.5e-05,1.2734,1961544.15,1807.54,200.0,denoising,low,
833,M88,3,1678923.9,0.000136,1.0911,2057038.2,2076.95,200.0,denoising,low,
834,M88,4,629949.31,0.000148,1.0177,1677264.82,2146.13,200.0,signal_enhancement,low,
835,M88,5,963274.36,0.000227,0.9188,1430689.66,1172.23,200.0,denoising,low,
836,M88,6,1435201.3,0.000123,1.0579,1744629.16,1353.43,200.0,denoising,low,
837,M88,7,1638607.04,0.000117,1.1097,2388418.5,1657.57,200.0,signal_enhancement,low,
838,M88,8,2248838.5,0.000125,0.7398,510897.41,1397.4,200.0,signal_enhancement,low,
839,M88,9,1976539.93,0.00015,1.1022,673651.96,2188.73,200.0,denoising,low,
840,M93,0,1761374.15,3.2e-05,1.0231,1874407.62,1208.03,200.0,denoising,low,
841,M93,1,2013822.15,3e-05,2.1819,922505.09,1830.63,200.0,signal_enhancement,low,
842,M93,2,2497234.0,4.6e-05,1.7782,1465788.87,2017.13,200.0,signal_enhancement,low,
843,M93,3,940355.57,5.2e-05,1.9799,2064406.78,2493.07,200.0,signal_enhancement,low,
844,M93,4,306071.99,4.1e-05,1.4297,2776299.85,1228.2,200.0,denoising,low,
845,M93,5,2168179.71,3.2e-05,1.7661,2568077.71,1330.69,200.0,denoising,low,
846,M93,6,1997540.42,3.6e-05,0.9103,2575800.7,2840.23,200.0,denoising,low,5.0
847,M93,7,2248025.24,2.5e-05,0.7788,3260805.41,1505.44,200.0,signal_enhancement,low,
848,M93,8,1943954.88,3.6e-05,1.8785,2761364.13,1850.92,200.0,signal_enhancement,low,4.0
849,M93,9,1878171.09,4e-05,2.2378,3592335.41,2359.47,200.0,denoising,low,
850,M90,0,1479696.13,0.001146,2.0408,2522479.97,1847.0,200.0,signal_enhancement,low,
851,M90,1,2188789.27,0.001102,1.9357,2029209.19,2460.12,200.0,signal_enhancement,low,
852,M90,2,2013220.78,0.00068,1.0126,1613766.38,1497.51,200.0,signal_enhancement,low,
853,M90,3,2067055.08,0.001786,1.2537,2260483.69,1825.95,200.0,denoising,low,
854,M90,4,995286.93,0.000957,2.1043,535519.58,2433.11,200.0,denoising,low,
855,M90,5,1390048.84,0.001132,1.5933,2805155.1,1589.37,200.0,signal_enhancement,low,
856,M90,6,1486153.35,0.001183,1.6725,2692498.69,2089.84,200.0,denoising,low,
857,M90,7,1852231.94,0.001282,2.0935,1735297.39,1528.29,200.0,signal_enhancement,low,
858,M90,8,2409557.97,0.000329,1.7795,2405612.63,2413.78,200.0,denoising,low,0.0
859,M90,9,1898599.21,0.001312,1.5848,2451371.4,1349.96,200.0,signal_enhancement,low,
860,M88,0,2937841.2,0.000184,1.4875,1927848.73,1363.83,200.0,signal_enhancement,low,
861,M88,1,1556809.0,0.00018,1.5508,1792131.07,1617.14,200.0,signal_enhancement,low,0.0
862,M88,2,1435228.5,0.000184,2.2679,2744325.32,2917.36,200.0,signal_enhancement,low,
863,M88,3,1575079.89,8.9e-05,1.6684,1235746.16,1892.47,200.0,denoising,low,
864,M88,4,2481565.75,0.00019,1.8751,1616601.41,1384.81,200.0,denoising,low,
865,M88,5,2998205.81,9.8e-05,0.7925,1999310.73,618.17,200.0,denoising,low,0.0
866,M88,6,2327848.58,0.000114,1.6365,2247415.24,2427.76,200.0,signal_enhancement,low,
867,M88,7,1944286.55,0.00025,2.0965,2095712.49,1384.41,200.0,signal_enhancement,low,
868,M88,8,1487400.46,0.00013,2.1739,1952394.42,1965.85,200.0,denoising,low,0.0
869,M88,9,1866463.4,0.000107,1.8608,2557078.44,2686.84,200.0,signal_enhancement,low,
870,M88,0,2102548.26,2.4e-05,2.4207,2373445.65,1823.15,200.0,denoising,low,
871,M88,1,1873918.42,2.4e-05,2.3893,1635119.86,10.0,200.0,denoising,low,
872,M88,2,2100032.49,2.9e-05,2.226,2813916.56,1493.2,200.0,denoising,low,
873,M88,3,1050422.9,4e-05,2.3871,1688366.22,735.27,200.0,signal_enhancement,low,
874,M88,4,1562058.21,1.4e-05,1.6432,2708567.63,1825.83,200.0,signal_enhancement,low,
875,M88,5,1789844.73,2.2e-05,2.3332,2857531.76,2024.37,200.0,signal_enhancement,low,
876,M88,6,1351247.47,3.1e-05,2.759,921218.44,1881.86,200.0,signal_enhancement,low,
877,M88,7,1331454.85,1.8e-05,1.6701,1726710.75,1080.54,200.0,signal_enhancement,low,
878,M88,8,1563474.24,2.7e-05,1.2759,1800163.69,2053.03,200.0,denoising,low,7.0
879,M88,9,2101601.63,1.7e-05,2.2812,2234697.29,2132.16,200.0,signal_enhancement,low,
880,M88,0,1392652.46,1.8e-05,2.0401,2133201.17,2045.88,200.0,denoising,low,
881,M88,1,2038676.2,1.9e-05,1.2603,1779425.7,1856.43,200.0,signal_enhancement,low,
882,M88,2,1272447.35,2.8e-05,1.5739,1519891.78,1292.4,200.0,signal_enhancement,low,
883,M88,3,1934601.59,1.8e-05,2.7979,1880073.34,2513.54,200.0,signal_enhancement,low,
884,M88,4,1290860.11,2.1e-05,2.2923,1824303.38,1432.05,200.0,denoising,low,
885,M88,5,2631025.34,1.9e-05,2.2687,2204723.55,1515.94,200.0,signal_enhancement,low,
886,M88,6,959537.17,1e-05,2.1796,1922205.81,1767.24,200.0,denoising,low,
887,M88,7,1832607.93,1.6e-05,2.528,2059289.81,1157.47,200.0,signal_enhancement,low,
888,M88,8,2372111.1,3.4e-05,2.0882,2289412.66,1888.93,200.0,denoising,low,
889,M88,9,2788351.46,1.7e-05,1.5494,2006462.02,1827.22,200.0,signal_enhancement,low,3.0
890,M94,0,1290598.42,1.6e-05,1.4315,2034087.37,651.3,200.0,denoising,low,
891,M94,1,1370512.75,1.9e-05,1.4663,1772166.17,1589.09,200.0,denoising,low,
892,M94,2,1409783.6,1.9e-05,2.607,1729131.22,1234.36,200.0,denoising,low,
893,M94,3,1879985.46,1.9e-05,1.4592,2109385.46,1030.0,200.0,denoising,low,1.0
894,M94,4,2000344.7,1e-05,1.3739,991925.22,1955.66,200.0,signal_enhancement,low,
895,M94,5,2249232.86,2.1e-05,2.0174,2863518.98,933.67,200.0,signal_enhancement,low,
896,M94,6,1702639.06,1.3e-05,3.0067,3696458.78,1533.74,200.0,denoising,low,
897,M94,7,2687374.64,8e-06,2.8033,1985232.65,1807.4,200.0,denoising,low,
898,M94,8,422216.82,1.5e-05,3.1046,1076982.55,1921.64,200.0,signal_enhancement,low,
899,M94,9,2118246.87,1.9e-05,1.0822,2130867.3,1229.11,200.0,signal_enhancement,low,
900,M88,0,1049142.16,2.2e-05,2.1316,2284000.83,3135.82,200.0,denoising,low,
901,M88,1,1846359.49,2.3e-05,2.1524,3125052.23,1960.53,200.0,denoising,low,
902,M88,2,2026085.49,2e-05,1.8072,2297485.95,1585.13,200.0,denoising,low,
903,M88,3,2026636.06,2.3e-05,1.6344,1808279.01,842.91,200.0,denoising,low,
904,M88,4,1349200.36,2.2e-05,2.7946,2207074.88,2145.41,200.0,signal_enhancement,low,
905,M88,5,1359230.78,1.9e-05,3.1996,1403644.42,1448.95,200.0,signal_enhancement,low,
906,M88,6,1478166.42,1.1e-05,1.3544,3529821.77,1882.48,200.0,signal_enhancement,low,
907,M88,7,1777657.82,2.8e-05,2.6179,2512836.3,1139.12,200.0,denoising,low,
908,M88,8,1102466.37,8e-06,1.9311,2163076.37,2522.28,200.0,signal_enhancement,low,
909,M88,9,1958386.74,3e-05,2.9135,439042.16,2036.08,200.0,denoising,low,
910,M94,0,2600799.12,2.3e-05,1.849,1974438.17,2123.16,200.0,denoising,low,
911,M94,1,1256241.38,1.3e-05,2.6532,2785080.87,1446.96,200.0,denoising,low,
912,M94,2,2278129.6,2.7e-05,2.2016,3690332.49,2362.27,200.0,denoising,low,
913,M94,3,2574060.28,2.9e-05,2.2439,2217991.19,1734.32,200.0,signal_enhancement,low,2.0
914,M94,4,2274441.03,1.1e-05,2.7044,1689994.68,2222.93,200.0,denoising,low,
915,M94,5,1552172.44,2.4e-05,1.6966,1913135.44,2333.76,200.0,denoising,low,
916,M94,6,3113737.87,2.4e-05,3.0292,1671109.81,2662.84,200.0,signal_enhancement,low,
917,M94,7,2840805.95,3.5e-05,2.0489,1995135.71,1415.36,200.0,denoising,low,
918,M94,8,1097653.15,3e-05,3.1319,1994903.59,2310.2,200.0,signal_enhancement,low,
919,M94,9,1340768.34,4.3e-05,2.0877,1810838.36,1557.88,200.0,denoising,low,
920,M93,0,2033110.01,0.00018,2.2964,2086865.49,238.11,200.0,signal_enhancement,low,
921,M93,1,1597273.92,0.000186,1.3979,2682151.39,1984.07,200.0,signal_enhancement,low,
922,M93,2,2349392.44,9.6e-05,1.7781,2476494.79,1950.14,200.0,signal_enhancement,low,
923,M93,3,1202683.93,9.3e-05,1.8585,1524013.91,1872.66,200.0,denoising,low,
924,M93,4,2293834.73,9.2e-05,0.5777,1998107.39,2020.8,200.0,denoising,low,
925,M93,5,1630111.82,7.3e-05,3.0877,2638001.39,1886.78,200.0,signal_enhancement,low,0.0
926,M93,6,1082515.12,0.00013,2.1623,3020028.6,2322.93,200.0,denoising,low,5.0
927,M93,7,1341804.57,0.000131,1.4831,2339219.59,1869.39,200.0,signal_enhancement,low,5.0
928,M93,8,1591622.08,8.9e-05,1.6957,3666482.27,1702.99,200.0,denoising,low,
929,M93,9,1371878.59,0.000152,1.555,2491960.35,1716.42,200.0,signal_enhancement,low,
930,M93,0,1131959.96,7.6e-05,1.8949,3396980.43,1606.79,200.0,denoising,low,
931,M93,1,2063399.67,5.9e-05,2.1571,2228497.41,2084.24,200.0,denoising,low,
932,M93,2,1068593.03,6.9e-05,2.403,1840039.52,1884.94,200.0,signal_enhancement,low,
933,M93,3,1088179.94,5.1e-05,1.2748,2745907.22,1486.1,200.0,signal_enhancement,low,
934,M93,4,1058103.09,5.7e-05,0.7854,2620669.2,1789.62,200.0,denoising,low,
935,M93,5,3035145.31,8.1e-05,2.1363,1410039.36,1489.2,200.0,signal_enhancement,low,3.0
936,M93,6,2570862.45,5.2e-05,2.2549,2231816.96,2586.61,200.0,signal_enhancement,low,
937,M93,7,1768623.96,7.2e-05,2.2041,3759891.5,2077.39,200.0,denoising,low,
938,M93,8,2270808.69,7.3e-05,1.6744,2835259.29,1928.78,200.0,signal_enhancement,low,
939,M93,9,1732521.79,8.6e-05,2.8889,1068295.45,1597.98,200.0,signal_enhancement,low,
940,M93,0,983463.24,5.4e-05,2.1752,1977430.98,1134.61,200.0,signal_enhancement,low,
941,M93,1,2474977.74,5.6e-05,0.9475,2105990.79,1998.51,200.0,signal_enhancement,low,
942,M93,2,1875372.21,3.4e-05,2.6614,2308035.71,1207.98,200.0,signal_enhancement,low,1.0
943,M93,3,1658425.0,3.8e-05,2.2751,3107385.96,1743.15,200.0,signal_enhancement,low,
944,M93,4,2052490.82,2.8e-05,2.4661,2900045.74,1959.8,200.0,signal_enhancement,low,
945,M93,5,581236.31,5.7e-05,2.312,2107183.9,2953.23,200.0,denoising,low,
946,M93,6,1094926.45,7.6e-05,0.7021,2108232.69,1800.4,200.0,signal_enhancement,low,
947,M93,7,608706.93,2.8e-05,1.6709,2600775.15,1280.1,200.0,signal_enhancement,low,
948,M93,8,2219617.2,4.9e-05,1.2795,2791005.62,1432.97,200.0,denoising,low,
949,M93,9,1226160.55,5.2e-05,1.1643,1377752.57,2482.43,200.0,denoising,low,
950,M90,0,2173381.98,8.9e-05,1.3588,2147661.74,2395.23,200.0,signal_enhancement,low,
951,M90,1,2282101.85,7.6e-05,2.3535,1927958.74,2192.76,200.0,signal_enhancement,low,
952,M90,2,2418109.57,9.4e-05,1.9146,2205286.18,1611.33,200.0,denoising,low,
953,M90,3,1704569.8,9.4e-05,1.2808,2669043.98,1413.94,200.0,signal_enhancement,low,
954,M90,4,2472122.69,0.000104,1.8116,3468239.26,1370.37,200.0,signal_enhancement,low,1.0
955,M90,5,870134.03,0.00015,0.01,1809732.45,1608.21,200.0,denoising,high,
956,M90,6,422390.99,5.6e-05,1.6328,2902075.7,2021.3,200.0,signal_enhancement,low,4.0
957,M90,7,1532999.66,6.2e-05,1.0889,2148613.79,1421.86,200.0,signal_enhancement,low,
958,M90,8,2194333.89,9.2e-05,2.7224,1622113.06,1247.93,200.0,denoising,low,
959,M90,9,1757679.88,0.000159,1.3636,2727124.74,2210.84,200.0,signal_enhancement,low,
960,M88,0,1055093.01,3e-06,1.3934,1883760.76,1206.97,200.0,signal_enhancement,low,
961,M88,1,1777268.0,2e-06,0.7503,2392941.51,2184.71,200.0,denoising,low,
962,M88,2,1262087.63,2e-06,0.807,911459.62,1799.5,200.0,signal_enhancement,low,
963,M88,3,1354687.37,2e-06,1.1354,1935453.1,1692.86,200.0,denoising,low,
964,M88,4,1391202.68,2e-06,1.9838,2598554.94,1751.37,200.0,signal_enhancement,low,
965,M88,5,1816902.55,2e-06,1.6039,1010523.45,1059.46,200.0,denoising,low,
966,M88,6,1548861.45,2e-06,1.4583,1787194.02,2062.84,200.0,denoising,low,
967,M88,7,1262023.58,2e-06,2.572,1934240.46,1243.95,200.0,signal_enhancement,low,
968,M88,8,1243908.4,1e-06,1.9042,1759946.78,1710.99,200.0,denoising,low,
969,M88,9,1781832.41,2e-06,1.002,2133407.16,1240.81,200.0,signal_enhancement,low,
970,M90,0,1436934.6,3.1e-05,1.6171,1941248.71,2580.38,200.0,signal_enhancement,low,
971,M90,1,2070374.47,3.9e-05,1.9848,1550314.13,2320.45,200.0,denoising,low,
972,M90,2,459207.57,2.5e-05,3.0634,1977228.67,1089.29,200.0,denoising,low,
973,M90,3,1548341.06,4.4e-05,2.3604,3032141.23,1584.86,200.0,signal_enhancement,low,
974,M90,4,2309012.25,4.3e-05,2.5516,2373293.73,1425.55,200.0,signal_enhancement,low,
975,M90,5,1490531.31,3.6e-05,1.8562,1314044.56,2902.9,200.0,denoising,low,
976,M90,6,1130970.28,4.2e-05,2.0225,2122224.01,2192.08,200.0,signal_enhancement,low,
977,M90,7,1345392.59,2.9e-05,1.8268,1861357.5,1748.58,200.0,denoising,low,
978,M90,8,2205899.34,7.6e-05,1.9255,1719706.81,2198.72,200.0,denoising,low,
979,M90,9,1869014.16,4.5e-05,1.4086,1791379.53,1745.87,200.0,signal_enhancement,low,
980,M90,0,1455967.21,1.3e-05,0.6073,2645313.4,2170.82,200.0,denoising,low,
981,M90,1,2253656.33,2e-05,1.2069,2408324.53,1389.47,200.0,signal_enhancement,low,
982,M90,2,855184.19,2.4e-05,2.0596,2082850.65,1775.75,200.0,denoising,low,1.0
983,M90,3,1145690.32,1.7e-05,1.7671,2109201.28,1219.9,200.0,signal_enhancement,low,
984,M90,4,1106462.71,2.4e-05,1.9615,2832179.09,1539.87,200.0,denoising,low,2.0
985,M90,5,1668377.87,1.9e-05,1.3649,2027061.66,1129.39,200.0,denoising,low,
986,M90,6,2573930.22,1.5e-05,1.4959,2290427.8,1767.37,200.0,signal_enhancement,low,
987,M90,7,1690847.34,2.4e-05,2.6517,1379640.84,1968.92,200.0,denoising,low,
988,M90,8,1293649.34,1.7e-05,1.9596,1489553.43,1893.36,200.0,signal_enhancement,low,
989,M90,9,1416367.04,2.4e-05,1.1921,1744881.25,2040.36,200.0,denoising,low,
990,M90,0,2278868.53,6.5e-05,1.1714,1937972.13,1739.49,200.0,signal_enhancement,low,
991,M90,1,1344400.74,3.2e-05,1.4412,2597495.9,1754.93,200.0,signal_enhancement,low,
992,M90,2,2101993.13,8.1e-05,0.7974,1432566.05,1601.67,200.0,denoising,low,
993,M90,3,1161598.5,7.1e-05,1.8323,2182283.04,1502.89,200.0,denoising,low,
994,M90,4,2279852.45,6.5e-05,2.1403,2320912.29,1374.55,200.0,denoising,low,
995,M90,5,1962474.93,7.8e-05,1.5153,606619.73,914.9,200.0,denoising,low,4.0
996,M90,6,1302901.51,6.3e-05,1.4129,2462195.58,1493.22,200.0,denoising,low,
997,M90,7,1776331.25,4.9e-05,2.1008,1243168.99,1191.8,200.0,denoising,low,
998,M90,8,2271227.09,6.3e-05,1.6518,2617179.18,1784.98,200.0,signal_enhancement,low,
999,M90,9,1860879.67,6.6e-05,1.9175,1525559.56,2093.79,200.0,denoising,low,
1000,M93,0,946333.05,1.4e-05,1.5213,1826416.51,1861.51,200.0,denoising,low,
1001,M93,1,1251967.5,9e-06,2.2662,1308228.45,1387.1,200.0,denoising,low,
1002,M93,2,2280178.61,6e-06,2.4252,1336420.76,1043.1,200.0,denoising,low,
1003,M93,3,1775390.92,1.5e-05,3.3389,1683276.5,2660.69,200.0,denoising,low,
1004,M93,4,2260026.19,9e-06,1.4955,1379935.8,1090.92,200.0,signal_enhancement,low,
1005,M93,5,1616720.09,7e-06,2.7301,2674300.03,2635.34,200.0,signal_enhancement,low,
1006,M93,6,1732774.59,1e-05,3.0013,3254550.02,2201.81,200.0,denoising,low,
1007,M93,7,1077961.77,9e-06,1.4446,2540778.99,975.44,200.0,signal_enhancement,low,
1008,M93,8,1665528.85,1e-05,2.4528,2084604.31,927.73,200.0,denoising,low,
1009,M93,9,1665553.13,1e-05,2.1062,1843714.12,1579.85,200.0,signal_enhancement,low,
1010,M94,0,605772.72,2.4e-05,1.5883,2823406.76,1765.05,200.0,denoising,low,
1011,M94,1,539923.44,1.3e-05,0.5955,2227332.76,1238.55,200.0,denoising,low,
1012,M94,2,1938799.05,2.2e-05,2.6211,3071858.93,3026.63,200.0,denoising,low,
1013,M94,3,1497683.79,2e-05,2.0518,1705425.31,1764.55,200.0,signal_enhancement,low,
1014,M94,4,1458248.55,2.2e-05,0.7542,2062826.5,793.99,200.0,signal_enhancement,low,
1015,M94,5,1556897.69,1.7e-05,2.3968,1776770.2,1865.08,200.0,denoising,low,
1016,M94,6,1132050.0,2.3e-05,1.3202,2124135.37,1185.07,200.0,denoising,low,
1017,M94,7,1632213.43,1.7e-05,2.7187,2498354.07,1408.95,200.0,signal_enhancement,low,
1018,M94,8,2397635.07,1e-05,2.115,2928193.82,2172.17,200.0,signal_enhancement,low,4.0
1019,M94,9,1930973.91,1.9e-05,2.6371,2422923.21,1413.39,200.0,denoising,low,1.0
1020,M88,0,1493864.99,1.3e-05,1.5354,2382552.67,1189.59,200.0,denoising,low,
1021,M88,1,1865649.26,2.7e-05,1.9609,1580966.0,1154.13,200.0,signal_enhancement,low,
1022,M88,2,1595890.18,2.2e-05,1.3323,2861768.5,526.52,200.0,denoising,low,
1023,M88,3,2620651.86,2.6e-05,1.6111,2394717.58,2824.26,200.0,signal_enhancement,low,
1024,M88,4,1092195.05,2.5e-05,2.0893,2186913.01,1591.25,200.0,signal_enhancement,low,
1025,M88,5,1282664.81,2e-05,2.6571,1828772.28,1247.95,200.0,signal_enhancement,low,
1026,M88,6,2081593.53,1.7e-05,2.5332,1874433.03,1736.96,200.0,signal_enhancement,low,
1027,M88,7,1562239.51,1.2e-05,1.8699,1009578.14,1010.95,200.0,signal_enhancement,low,4.0
1028,M88,8,1449725.38,2.7e-05,1.8226,3143316.29,2158.1,200.0,signal_enhancement,low,
1029,M88,9,1403223.71,2.9e-05,1.392,1799845.88,1850.62,200.0,signal_enhancement,low,
1030,M94,0,1426745.5,6.6e-05,1.3125,1607275.17,1766.51,200.0,signal_enhancement,low,
1031,M94,1,1148321.31,7.2e-05,1.3536,1932615.84,1380.78,200.0,denoising,low,
1032,M94,2,751402.7,7.1e-05,1.2264,3326062.83,2129.49,200.0,signal_enhancement,low,
1033,M94,3,1370101.27,4.4e-05,0.4861,1942738.04,2302.77,200.0,denoising,low,
1034,M94,4,2356875.34,7.2e-05,0.8793,1183074.55,1466.83,200.0,denoising,low,1.0
1035,M94,5,1786126.15,4e-05,0.8884,1221356.21,1457.61,200.0,denoising,low,
1036,M94,6,1493239.73,9.2e-05,0.6302,3169932.25,2325.39,200.0,signal_enhancement,low,
1037,M94,7,1248002.59,4e-05,0.7927,2544360.28,1707.54,200.0,signal_enhancement,low,
1038,M94,8,1160359.35,4.2e-05,0.8026,2072638.19,887.58,200.0,denoising,low,
1039,M94,9,1631451.3,7.9e-05,0.7555,2092163.51,1568.63,200.0,signal_enhancement,low,
1040,M93,0,1608502.63,7e-06,0.9456,2850954.84,1581.61,200.0,denoising,low,
1041,M93,1,1774901.9,7e-06,0.8927,1791283.42,1425.68,200.0,denoising,low,
1042,M93,2,2518146.54,6e-06,0.503,1934429.27,1634.82,200.0,denoising,low,
1043,M93,3,2159289.76,1.1e-05,1.3518,2568667.18,2275.68,200.0,signal_enhancement,low,
1044,M93,4,1414255.77,1.2e-05,1.2612,1904174.9,1286.88,200.0,signal_enhancement,low,
1045,M93,5,1644221.75,9e-06,1.1575,986912.59,1375.92,200.0,signal_enhancement,low,
1046,M93,6,1788779.06,7e-06,1.4824,1794683.11,1169.32,200.0,denoising,low,
1047,M93,7,1462502.66,8e-06,0.9573,2831923.13,2809.27,200.0,denoising,low,
1048,M93,8,956138.91,1e-05,1.2706,2038379.48,2305.06,200.0,denoising,low,0.0
1049,M93,9,1597658.11,6e-06,1.5598,1360411.25,1249.06,200.0,signal_enhancement,low,
1050,M93,0,1722824.82,3.1e-05,1.8325,2117902.13,707.93,200.0,signal_enhancement,low,
1051,M93,1,1524785.03,2e-05,1.9591,1953385.24,1363.09,200.0,signal_enhancement,low,0.0
1052,M93,2,1682026.75,3.9e-05,2.2786,1156859.29,1365.34,200.0,denoising,low,
1053,M93,3,1973288.54,3.9e-05,0.8835,2837872.7,1979.62,200.0,signal_enhancement,low,
1054,M93,4,2030780.88,3.4e-05,1.8616,3024874.29,1961.16,200.0,signal_enhancement,low,
1055,M93,5,1121315.04,3.5e-05,2.4834,3152002.54,2025.56,200.0,denoising,low,
1056,M93,6,1829637.61,2.1e-05,1.5205,2852426.49,2051.05,200.0,denoising,low,
1057,M93,7,1877493.63,2.9e-05,1.2134,1272311.15,2106.72,200.0,signal_enhancement,low,
1058,M93,8,1085441.27,1e-05,1.5597,2804757.29,2722.3,200.0,signal_enhancement,low,
1059,M93,9,1678142.02,3.1e-05,1.498,2317535.1,1782.0,200.0,denoising,low,
1060,M93,0,2008095.48,3.9e-05,2.3527,1162859.4,1152.83,200.0,signal_enhancement,low,
1061,M93,1,1442016.08,4.5e-05,2.0872,1386884.65,1514.52,200.0,denoising,low,
1062,M93,2,1599954.95,6.1e-05,2.7447,2199550.77,1559.03,200.0,denoising,low,
1063,M93,3,894895.53,6.8e-05,1.6909,2591719.05,1983.36,200.0,denoising,low,
1064,M93,4,1680880.16,4.4e-05,1.6586,2133164.91,1495.75,200.0,signal_enhancement,low,
1065,M93,5,1290687.1,3.5e-05,1.552,2017142.47,2119.25,200.0,denoising,low,
1066,M93,6,1005257.67,4.9e-05,1.3106,836751.26,1488.55,200.0,denoising,low,
1067,M93,7,2410904.67,4e-06,1.8,2204452.68,1931.07,200.0,signal_enhancement,low,
1068,M93,8,1747155.64,1.3e-05,2.4243,2045723.07,1785.64,200.0,signal_enhancement,low,
1069,M93,9,2065376.14,4e-05,2.1013,1267976.06,896.78,200.0,signal_enhancement,low,
1070,M90,0,1858489.27,2.5e-05,0.5441,2772922.5,1848.31,200.0,denoising,low,
1071,M90,1,1165641.83,2.8e-05,0.5883,1522200.23,1360.54,200.0,denoising,low,
1072,M90,2,1645427.73,2.2e-05,0.6402,2524246.44,2342.59,200.0,denoising,low,
1073,M90,3,1300947.56,2.7e-05,0.7927,2020170.16,701.95,200.0,denoising,low,1.0
1074,M90,4,2385419.97,1.5e-05,1.0024,1796537.31,1665.1,200.0,signal_enhancement,low,
1075,M90,5,2073164.92,1.5e-05,0.7601,1802987.47,1868.09,200.0,signal_enhancement,low,
1076,M90,6,558514.73,1.8e-05,0.6095,1495343.84,1357.05,200.0,signal_enhancement,low,
1077,M90,7,1435078.43,2.5e-05,0.6599,1863379.83,2006.4,200.0,signal_enhancement,low,5.0
1078,M90,8,1715383.29,2.7e-05,0.6269,2601933.08,1435.06,200.0,signal_enhancement,low,
1079,M90,9,1978370.02,1.4e-05,1.1244,2097853.61,2056.65,200.0,signal_enhancement,low,
1080,M90,0,1668367.96,4e-06,2.1348,2581097.5,1000.06,200.0,signal_enhancement,low,
1081,M90,1,1834962.57,5e-06,1.4895,1848858.4,1300.81,200.0,signal_enhancement,low,
1082,M90,2,1450347.44,7e-06,1.3716,1665853.94,1544.65,200.0,denoising,low,
1083,M90,3,1125468.42,6e-06,0.6911,1597404.83,1458.1,200.0,signal_enhancement,low,1.0
1084,M90,4,1538034.67,4e-06,0.9009,2300710.74,1215.69,200.0,signal_enhancement,low,
1085,M90,5,876236.84,5e-06,1.2487,1552269.57,1952.24,200.0,denoising,low,2.0
1086,M90,6,899315.18,3e-06,1.6215,812338.12,771.9,200.0,signal_enhancement,low,
1087,M90,7,1828797.72,6e-06,1.5627,2135051.64,1388.87,200.0,denoising,low,
1088,M90,8,339747.06,4e-06,1.5906,1928002.02,2342.25,200.0,signal_enhancement,low,
1089,M90,9,1669300.16,7e-06,1.8634,1920054.12,692.98,200.0,signal_enhancement,low,
1090,M93,0,1647459.15,1.6e-05,0.296,2015279.0,2374.11,200.0,signal_enhancement,low,
1091,M93,1,1458607.12,1.1e-05,0.2977,2077541.36,2005.24,200.0,signal_enhancement,low,
1092,M93,2,2700338.47,1.9e-05,0.3094,1942672.43,960.32,200.0,denoising,low,
1093,M93,3,992001.39,3e-06,0.216,2790847.6,997.02,200.0,denoising,medium,
1094,M93,4,1189811.87,1.8e-05,0.3342,1850452.52,1663.41,200.0,denoising,low,
1095,M93,5,730422.72,1.5e-05,0.3427,1878356.1,2371.48,200.0,denoising,low,
1096,M93,6,2199558.21,1.6e-05,0.2948,697599.12,1073.2,200.0,signal_enhancement,low,
1097,M93,7,1578250.13,1.4e-05,0.3088,2919043.13,1770.12,200.0,denoising,low,0.0
1098,M93,8,1965696.0,2.5e-05,0.3838,1293045.7,1800.57,200.0,denoising,low,
1099,M93,9,2521617.56,1.7e-05,0.2827,1980480.41,1464.81,200.0,signal_enhancement,low,
1100,M88,0,1195123.13,3.8e-05,2.2389,1893068.33,1966.89,200.0,signal_enhancement,low,
1101,M88,1,1523107.72,4.1e-05,3.5322,1402928.34,1868.32,200.0,signal_enhancement,low,
1102,M88,2,836310.35,4e-05,2.3559,1925409.47,1888.39,200.0,signal_enhancement,low,
1103,M88,3,1413179.84,7e-05,2.6705,2748631.95,2316.23,200.0,denoising,low,
1104,M88,4,1450491.15,3.9e-05,2.7847,2749095.24,1866.24,200.0,signal_enhancement,low,
1105,M88,5,2155781.96,4.6e-05,3.0582,2764504.47,1790.86,200.0,signal_enhancement,low,2.0
1106,M88,6,1273404.59,4.1e-05,2.5628,1742735.22,1994.23,200.0,denoising,low,
1107,M88,7,1518097.42,4.2e-05,2.2877,2754246.5,2372.84,200.0,denoising,low,
1108,M88,8,1645264.71,2.9e-05,1.7298,2015974.18,937.61,200.0,signal_enhancement,low,
1109,M88,9,1231809.11,6.3e-05,2.0155,2524970.71,1801.83,200.0,denoising,low,0.0
1110,M88,0,1824866.59,5.1e-05,1.4494,1962707.24,1822.96,200.0,denoising,low,
1111,M88,1,1716754.91,4.9e-05,2.1757,1793069.1,1359.02,200.0,denoising,low,
1112,M88,2,1057441.75,3.7e-05,2.3404,2229072.3,1821.04,200.0,signal_enhancement,low,
1113,M88,3,496746.9,3.9e-05,1.6201,1395437.46,1021.93,200.0,denoising,low,
1114,M88,4,1774895.08,5e-05,0.6867,1262889.22,1910.48,200.0,denoising,low,
1115,M88,5,1453010.0,5.1e-05,0.8863,1709224.92,1681.48,200.0,signal_enhancement,low,
1116,M88,6,2066697.3,4.4e-05,1.637,1239181.2,2094.2,200.0,signal_enhancement,low,
1117,M88,7,2222062.49,8.3e-05,1.0616,1928008.37,1023.63,200.0,signal_enhancement,low,
1118,M88,8,1275272.73,4.7e-05,1.7143,2442268.64,1545.84,200.0,denoising,low,
1119,M88,9,1579401.3,3.6e-05,3.0676,1250126.88,1049.7,200.0,signal_enhancement,low,
1120,M88,0,1916071.0,0.000174,2.2459,2183100.78,1983.68,200.0,denoising,low,
1121,M88,1,1181903.5,0.000155,2.0587,1667890.26,1157.07,200.0,signal_enhancement,low,
1122,M88,2,1153756.66,9.2e-05,2.3349,1927511.25,1660.67,200.0,signal_enhancement,low,0.0
1123,M88,3,2141505.5,0.000165,1.9382,2516566.89,1340.25,200.0,denoising,low,
1124,M88,4,1839526.94,0.00013,1.6326,2568175.08,1773.0,200.0,signal_enhancement,low,
1125,M88,5,1619639.11,0.000116,2.6691,897658.03,1408.67,200.0,denoising,low,2.0
1126,M88,6,1435913.84,0.00031,1.5484,2337344.48,1577.91,200.0,denoising,low,
1127,M88,7,2327730.32,0.000243,2.3795,1769506.79,1036.52,200.0,denoising,low,
1128,M88,8,1378529.12,0.000155,2.3042,1728104.91,1517.58,200.0,denoising,low,
1129,M88,9,772944.22,0.000164,2.1009,2171214.23,1608.03,200.0,signal_enhancement,low,8.0
1130,M94,0,1375244.68,0.000185,2.1954,1184974.81,2073.55,200.0,signal_enhancement,low,
1131,M94,1,1005439.75,7.8e-05,1.8308,1487466.7,2165.0,200.0,signal_enhancement,low,
1132,M94,2,1664659.41,6.6e-05,3.4967,2018996.04,1778.18,200.0,signal_enhancement,low,
1133,M94,3,2502001.69,6.3e-05,2.9185,2129106.13,1273.1,200.0,signal_enhancement,low,
1134,M94,4,1001438.18,0.000114,1.5376,2128889.82,1894.83,200.0,signal_enhancement,low,
1135,M94,5,1199295.95,7.2e-05,2.3115,2666040.5,986.74,200.0,denoising,low,
1136,M94,6,1429173.86,0.000121,2.0739,2104700.91,623.27,200.0,signal_enhancement,low,
1137,M94,7,1430881.31,0.000105,2.0671,2220272.72,2051.47,200.0,signal_enhancement,low,3.0
1138,M94,8,2245053.91,0.000125,2.4069,1795291.76,1242.1,200.0,denoising,low,
1139,M94,9,1453846.45,0.000136,2.4876,2024585.13,1827.46,200.0,denoising,low,
1140,M88,0,885222.8,3.7e-05,2.8072,1072523.99,1864.98,200.0,signal_enhancement,low,
1141,M88,1,1448212.38,3.3e-05,1.7758,1501108.79,2343.59,200.0,denoising,low,
1142,M88,2,1555753.48,4.8e-05,2.9496,2170195.91,1433.97,200.0,denoising,low,
1143,M88,3,1290948.94,2.9e-05,2.2108,2513458.64,1711.4,200.0,denoising,low,
1144,M88,4,1733503.88,2.6e-05,3.1119,1736292.77,1179.27,200.0,denoising,low,
1145,M88,5,792759.25,2.1e-05,1.9058,1832617.78,1649.71,200.0,denoising,low,
1146,M88,6,1010616.06,2.5e-05,2.9012,3221046.05,1892.85,200.0,denoising,low,5.0
1147,M88,7,1466356.85,8e-06,2.148,1460240.29,2086.74,200.0,signal_enhancement,low,
1148,M88,8,2237998.16,3.3e-05,3.2306,1951377.29,2075.28,200.0,signal_enhancement,low,
1149,M88,9,1009589.62,2.4e-05,2.1937,1367306.13,1071.44,200.0,denoising,low,
1150,M94,0,1369004.43,8.7e-05,0.2659,2440748.34,2332.21,200.0,denoising,low,
1151,M94,1,1834845.38,0.000141,0.302,2786645.98,1006.65,200.0,signal_enhancement,low,0.0
1152,M94,2,1575245.01,0.00017,0.5693,2867405.45,2252.29,200.0,signal_enhancement,low,
1153,M94,3,1254307.33,0.000166,0.3299,1900352.94,1653.17,200.0,signal_enhancement,low,
1154,M94,4,1274817.16,9.2e-05,0.0148,1360016.47,1091.22,200.0,denoising,high,
1155,M94,5,1539437.08,0.000165,0.338,1755875.82,2610.9,200.0,signal_enhancement,low,
1156,M94,6,1588939.12,0.000143,0.2894,2067970.82,1057.89,200.0,denoising,low,
1157,M94,7,1834576.77,9.2e-05,0.1949,2188191.88,1925.04,200.0,denoising,medium,
1158,M94,8,752363.18,0.000102,0.4745,1078153.13,1130.14,200.0,denoising,low,3.0
1159,M94,9,1763923.34,0.000111,0.3771,2224524.1,1435.07,200.0,denoising,low,
1160,M90,0,1524526.36,2.7e-05,0.4024,1343735.24,1337.34,200.0,denoising,low,
1161,M90,1,1081216.55,3.8e-05,0.4039,2488767.34,594.16,200.0,signal_enhancement,low,
1162,M90,2,1714987.1,1.1e-05,0.4099,2006929.3,2137.26,200.0,denoising,low,
1163,M90,3,786897.2,2e-05,0.3449,2023667.68,1548.61,200.0,denoising,low,
1164,M90,4,1999301.35,2e-05,0.2322,1973604.31,1054.45,200.0,signal_enhancement,medium,
1165,M90,5,2244144.49,2.6e-05,0.5789,1575089.98,2203.05,200.0,signal_enhancement,low,
1166,M90,6,2674611.67,2.5e-05,0.3807,1570294.81,1716.18,200.0,signal_enhancement,low,
1167,M90,7,934671.88,2.5e-05,0.2321,2062012.82,1370.16,200.0,signal_enhancement,medium,
1168,M90,8,2459880.29,2.5e-05,0.3258,1802413.07,1410.85,200.0,signal_enhancement,low,3.0
1169,M90,9,1778214.06,3.3e-05,0.4093,897351.14,1776.39,200.0,denoising,low,
1170,M93,0,1697362.64,3e-05,1.6448,1501233.36,1611.15,200.0,signal_enhancement,low,
1171,M93,1,1803910.61,3e-05,2.3549,1865818.93,1533.19,200.0,denoising,low,
1172,M93,2,1308191.16,3.2e-05,1.2363,2101549.42,1170.02,200.0,denoising,low,
1173,M93,3,935145.67,9e-06,1.7129,1713482.79,1311.8,200.0,denoising,low,
1174,M93,4,1764434.73,3.2e-05,2.1278,2230834.13,1888.28,200.0,signal_enhancement,low,
1175,M93,5,1683167.35,2.3e-05,1.4016,2606881.04,1504.23,200.0,signal_enhancement,low,
1176,M93,6,1074567.37,2e-05,1.2585,1992510.11,1385.83,200.0,denoising,low,
1177,M93,7,845948.73,1.7e-05,1.1221,2223822.45,2112.67,200.0,signal_enhancement,low,
1178,M93,8,2558844.71,2.5e-05,1.037,2734165.14,2340.71,200.0,denoising,low,
1179,M93,9,1955148.27,3.1e-05,2.8048,1227166.65,1374.02,200.0,denoising,low,0.0
1180,M93,0,1592405.98,0.000201,2.7601,1920525.14,1256.75,200.0,denoising,low,
1181,M93,1,1742011.6,0.000134,1.7273,2728905.22,1401.1,200.0,signal_enhancement,low,
1182,M93,2,1943553.61,9.2e-05,1.7189,1841845.42,1536.37,200.0,signal_enhancement,low,
1183,M93,3,1483065.2,0.000197,1.4076,3070687.46,1568.49,200.0,denoising,low,
1184,M93,4,1461605.36,0.000276,2.17,2284398.5,962.17,200.0,signal_enhancement,low,1.0
1185,M93,5,1292520.09,0.000195,2.1976,1000122.74,1434.78,200.0,denoising,low,
1186,M93,6,2235285.26,0.000197,2.4264,1947241.69,1450.91,200.0,signal_enhancement,low,
1187,M93,7,1626058.25,0.000296,1.6036,1780876.47,908.67,200.0,denoising,low,
1188,M93,8,1175594.83,0.000132,1.488,1440649.28,1140.45,200.0,signal_enhancement,low,
1189,M93,9,1981254.91,0.000232,1.1828,1604732.11,1050.82,200.0,denoising,low,
1190,M93,0,2285554.34,0.000177,1.5954,1962496.56,1275.04,200.0,denoising,low,
1191,M93,1,1595731.29,8.3e-05,1.2811,1205379.69,1935.68,200.0,signal_enhancement,low,
1192,M93,2,2102954.05,0.000247,1.8431,2055171.03,1916.32,200.0,denoising,low,
1193,M93,3,1581396.83,0.000103,0.8313,1487704.48,1994.98,200.0,denoising,low,
1194,M93,4,1191261.52,9.5e-05,2.2299,1811326.19,1224.88,200.0,signal_enhancement,low,
1195,M93,5,1445732.59,0.000183,2.2679,1887435.07,873.26,200.0,signal_enhancement,low,
1196,M93,6,564426.37,8.7e-05,1.3952,2346142.24,1570.34,200.0,signal_enhancement,low,
1197,M93,7,1653688.59,0.000168,2.2526,2648195.18,2019.19,200.0,denoising,low,
1198,M93,8,215393.4,0.00014,1.341,2144078.32,1185.3,200.0,signal_enhancement,low,
1199,M93,9,989434.29,0.000238,2.102,1748819.24,1540.78,200.0,signal_enhancement,low,
1200,M93,0,1529074.88,8e-06,0.988,993987.6,246.13,200.0,denoising,low,
1201,M93,1,1497716.57,4e-06,0.5403,1794903.6,1823.8,200.0,signal_enhancement,low,
1202,M93,2,1755370.04,8e-06,1.2318,1255379.29,2384.57,200.0,denoising,low,
1203,M93,3,845560.88,5e-06,1.0934,1378696.61,734.16,200.0,signal_enhancement,low,
1204,M93,4,1739792.06,7e-06,1.0284,1931518.43,1641.51,200.0,denoising,low,
1205,M93,5,1977325.75,6e-06,1.2491,2204221.78,1254.43,200.0,denoising,low,
1206,M93,6,676050.74,9e-06,0.7081,949155.35,1979.99,200.0,signal_enhancement,low,5.0
1207,M93,7,1968205.65,9e-06,0.9437,2370158.28,1129.66,200.0,signal_enhancement,low,
1208,M93,8,1821936.43,8e-06,1.1665,1330386.58,1717.74,200.0,signal_enhancement,low,
1209,M93,9,1987244.28,7e-06,0.7377,1248348.91,1765.08,200.0,signal_enhancement,low,3.0
1210,M90,0,1084538.84,2e-05,2.9336,1619803.75,1244.97,200.0,denoising,low,
1211,M90,1,1502939.07,1.4e-05,1.3588,2190646.28,1737.26,200.0,signal_enhancement,low,
1212,M90,2,1436870.73,1.6e-05,2.2144,1559512.78,910.79,200.0,signal_enhancement,low,
1213,M90,3,1919218.38,9e-06,2.2603,1436398.12,97.94,200.0,denoising,low,0.0
1214,M90,4,2289391.74,9e-06,1.6387,1411008.08,432.19,200.0,signal_enhancement,low,
1215,M90,5,915812.05,1.7e-05,1.9512,1516007.03,1550.72,200.0,signal_enhancement,low,
1216,M90,6,1591094.11,1e-05,2.368,2239268.61,937.5,200.0,denoising,low,
1217,M90,7,1063851.37,2.5e-05,0.7427,648004.75,1931.79,200.0,signal_enhancement,low,4.0
1218,M90,8,1247069.25,1.1e-05,2.1245,2603849.91,1962.05,200.0,denoising,low,
1219,M90,9,1706446.45,1.7e-05,1.9787,1014253.06,925.16,200.0,denoising,low,
1220,M94,0,1293806.26,3.2e-05,1.1293,2488546.2,1014.73,200.0,denoising,low,
1221,M94,1,1123616.68,2.7e-05,2.0628,2442419.54,1642.77,200.0,denoising,low,
1222,M94,2,1801190.65,2e-05,2.2529,2116680.07,1300.85,200.0,denoising,low,
1223,M94,3,1495957.94,2.8e-05,1.488,1129054.17,655.02,200.0,signal_enhancement,low,
1224,M94,4,1367277.57,1.7e-05,2.2646,1346245.26,1816.26,200.0,denoising,low,
1225,M94,5,1704016.68,4e-05,3.1263,1114855.84,1792.37,200.0,denoising,low,
1226,M94,6,1810277.31,2.8e-05,3.429,1418210.31,1855.49,200.0,signal_enhancement,low,
1227,M94,7,1041361.11,1.3e-05,1.1618,1430538.18,899.29,200.0,signal_enhancement,low,
1228,M94,8,1980019.68,1.6e-05,2.9817,2076929.85,1346.85,200.0,signal_enhancement,low,
1229,M94,9,1147907.34,2.5e-05,2.9119,825464.15,1691.2,200.0,signal_enhancement,low,
1230,M88,0,882391.24,4.8e-05,0.4518,1952740.99,1632.01,200.0,denoising,low,
1231,M88,1,1412125.41,3e-05,0.2584,2231291.23,1019.87,200.0,signal_enhancement,low,0.0
1232,M88,2,1478461.2,2.5e-05,0.3069,2937693.66,2475.74,200.0,denoising,low,
1233,M88,3,1269445.33,3.2e-05,0.6095,1115740.2,1881.29,200.0,signal_enhancement,low,
1234,M88,4,816151.76,3e-05,0.6595,2272778.87,2541.99,200.0,denoising,low,
1235,M88,5,1515278.7,3.9e-05,0.364,2209600.02,1799.96,200.0,denoising,low,
1236,M88,6,1298697.24,4.2e-05,0.2346,1637057.7,2219.72,200.0,signal_enhancement,medium,
1237,M88,7,1374936.75,2.7e-05,0.3816,2603068.4,1658.33,200.0,denoising,low,
1238,M88,8,2115485.86,2e-05,0.5149,1621995.25,1707.1,200.0,signal_enhancement,low,
1239,M88,9,1921322.15,2.2e-05,0.3394,1543669.94,1799.14,200.0,denoising,low,
1240,M88,0,1016655.55,4e-06,2.8975,1619574.4,1169.68,200.0,signal_enhancement,low,
1241,M88,1,1811369.16,3e-06,2.2244,1897227.75,1832.33,200.0,signal_enhancement,low,
1242,M88,2,1459413.69,4e-06,3.6265,2039677.8,2403.29,200.0,denoising,low,
1243,M88,3,1311224.46,5e-06,2.0158,1417366.89,1236.21,200.0,signal_enhancement,low,
1244,M88,4,1510366.54,5e-06,4.0111,2288134.12,1349.27,200.0,denoising,low,
1245,M88,5,1684346.3,6e-06,3.8161,981139.23,2163.94,200.0,signal_enhancement,low,1.0
1246,M88,6,1227337.13,3e-06,3.174,1752086.09,1869.05,200.0,signal_enhancement,low,
1247,M88,7,1815920.42,5e-06,1.4954,1440021.58,865.03,200.0,signal_enhancement,low,
1248,M88,8,1066328.26,7e-06,3.0811,2462374.47,1683.58,200.0,signal_enhancement,low,
1249,M88,9,1653698.42,5e-06,1.9671,2327234.76,1709.99,200.0,signal_enhancement,low,
1250,M88,0,623035.1,1.5e-05,2.8496,2313571.22,1758.19,200.0,signal_enhancement,low,
1251,M88,1,1586920.03,1e-05,2.5963,1240303.05,1554.15,200.0,signal_enhancement,low,
1252,M88,2,1587625.12,1.4e-05,2.6466,1514591.41,1534.15,200.0,denoising,low,
1253,M88,3,1372214.74,1.3e-05,1.2749,1674779.48,1451.2,200.0,signal_enhancement,low,
1254,M88,4,660026.2,1.2e-05,2.1407,1920179.18,970.45,200.0,denoising,low,
1255,M88,5,1278007.74,1.4e-05,3.8994,1179728.76,1344.34,200.0,denoising,low,
1256,M88,6,1716277.64,1.2e-05,3.3104,1645580.3,1766.84,200.0,signal_enhancement,low,
1257,M88,7,1542918.86,1.1e-05,2.4076,1854348.36,1614.52,200.0,signal_enhancement,low,
1258,M88,8,1428162.52,5e-06,0.3576,2785928.5,1195.23,200.0,signal_enhancement,low,
1259,M88,9,1051973.73,9e-06,2.4431,1133640.76,1696.57,200.0,signal_enhancement,low,4.0
1260,M88,0,3786919.1,1.6e-05,0.96,1956460.34,2440.42,200.0,signal_enhancement,low,
1261,M88,1,2410052.7,1.1e-05,0.4423,3433064.39,1960.54,200.0,denoising,low,0.0
1262,M88,2,1728937.63,2.1e-05,0.5791,3346378.71,2247.45,200.0,signal_enhancement,low,
1263,M88,3,2573619.32,3.1e-05,0.6149,2177422.92,2075.87,200.0,signal_enhancement,low,
1264,M88,4,1492363.71,2.1e-05,0.6847,2301312.75,1676.05,200.0,denoising,low,
1265,M88,5,1712571.47,1e-05,0.6833,1593967.1,2081.35,200.0,denoising,low,2.0
1266,M88,6,1484723.73,2.1e-05,0.4775,2331270.3,2494.96,200.0,signal_enhancement,low,
1267,M88,7,1471974.57,2.2e-05,0.7819,2917534.08,2023.09,200.0,denoising,low,
1268,M88,8,2527468.89,1.3e-05,0.6688,3508419.4,1296.54,200.0,denoising,low,7.0
1269,M88,9,2191634.17,2e-05,0.6871,2464743.78,1584.33,200.0,denoising,low,
1270,M90,0,2914121.46,1.2e-05,1.3513,1356573.43,752.1,200.0,denoising,low,
1271,M90,1,3357423.48,8e-06,1.9077,3405183.92,3058.17,200.0,signal_enhancement,low,0.0
1272,M90,2,2271346.22,1.4e-05,1.3735,2414637.29,1899.59,200.0,denoising,low,
1273,M90,3,2244981.26,9e-06,1.0179,1675902.89,2451.64,200.0,signal_enhancement,low,
1274,M90,4,1495849.37,4e-06,1.4391,3302521.68,1842.96,200.0,signal_enhancement,low,
1275,M90,5,1840375.09,1.2e-05,1.4816,1336674.92,2102.91,200.0,signal_enhancement,low,
1276,M90,6,2872897.2,4e-06,1.4075,2705441.82,1500.32,200.0,signal_enhancement,low,5.0
1277,M90,7,2332282.62,8e-06,1.1241,1173931.71,806.1,200.0,denoising,low,
1278,M90,8,2073129.13,4e-06,1.6305,2927821.0,1457.81,200.0,signal_enhancement,low,
1279,M90,9,2508037.39,1.1e-05,0.7968,1245331.17,2437.02,200.0,denoising,low,
1280,M93,0,3005332.91,4e-06,6.897,1614074.9,2395.3,200.0,denoising,low,
1281,M93,1,2090715.18,8e-06,5.2055,2388709.87,3117.28,200.0,denoising,low,
1282,M93,2,2785982.94,6e-06,3.3912,2228802.15,1967.26,200.0,signal_enhancement,low,
1283,M93,3,1182092.03,8e-06,3.6341,3231059.55,2076.39,200.0,signal_enhancement,low,
1284,M93,4,1872655.58,5e-06,2.7242,1302053.15,2297.47,200.0,signal_enhancement,low,
1285,M93,5,1959551.36,7e-06,3.5192,2288932.25,2420.12,200.0,denoising,low,
1286,M93,6,427262.06,7e-06,4.2367,2426682.42,1657.79,200.0,signal_enhancement,low,
1287,M93,7,1875016.25,6e-06,1.5066,2499670.98,3465.99,200.0,denoising,low,
1288,M93,8,1729475.95,6e-06,2.9954,3152345.22,2807.87,200.0,denoising,low,
1289,M93,9,978549.65,3e-06,1.9026,2926460.84,2712.75,200.0,denoising,low,
1290,M94,0,2054082.94,8e-06,0.6068,2863248.45,2592.17,200.0,denoising,low,
1291,M94,1,2531418.07,7e-06,0.6553,2492070.61,1164.93,200.0,signal_enhancement,low,
1292,M94,2,1762888.05,9e-06,0.5077,2327224.36,3240.75,200.0,signal_enhancement,low,
1293,M94,3,1848504.85,1.5e-05,0.568,3019358.08,1686.86,200.0,signal_enhancement,low,2.0
1294,M94,4,2095206.3,6e-06,0.4583,1870947.74,2304.49,200.0,denoising,low,
1295,M94,5,887741.89,1.1e-05,0.5612,3745853.24,1208.72,200.0,denoising,low,0.0
1296,M94,6,2398160.52,8e-06,0.2615,2960944.25,2643.0,200.0,denoising,low,
1297,M94,7,1871139.74,1.1e-05,0.5627,3022134.72,2075.45,200.0,denoising,low,
1298,M94,8,1467322.6,1e-05,0.369,3294096.26,2411.69,200.0,denoising,low,6.0
1299,M94,9,1363629.26,9e-06,0.4154,2903560.45,1687.07,200.0,signal_enhancement,low,
1300,M94,0,2569839.84,9e-06,2.3304,3053280.75,1130.31,200.0,signal_enhancement,low,
1301,M94,1,2019474.45,1.2e-05,1.1239,3069393.39,2129.35,200.0,signal_enhancement,low,
1302,M94,2,1832448.24,9e-06,2.0545,2780240.2,2503.07,200.0,signal_enhancement,low,
1303,M94,3,2712871.7,1.1e-05,1.2247,2121038.5,1981.95,200.0,denoising,low,
1304,M94,4,1900872.57,8e-06,1.3473,1640276.84,2113.95,200.0,denoising,low,
1305,M94,5,1939186.68,7e-06,1.4114,2743408.28,1787.03,200.0,signal_enhancement,low,
1306,M94,6,1548690.53,1e-05,1.8835,2166544.02,2469.42,200.0,denoising,low,
1307,M94,7,2683015.01,8e-06,1.5805,2781804.36,2465.46,200.0,signal_enhancement,low,
1308,M94,8,2324335.95,1.3e-05,2.3314,3498530.84,1881.32,200.0,signal_enhancement,low,
1309,M94,9,2325214.71,9e-06,1.6388,2917821.74,2859.11,200.0,denoising,low,
1310,M94,0,1138696.49,1.4e-05,1.2536,2958016.67,1820.2,200.0,signal_enhancement,low,
1311,M94,1,2486243.82,2.1e-05,1.2969,766343.48,2232.41,200.0,denoising,low,
1312,M94,2,2356801.74,1.7e-05,1.0958,2520273.2,2522.44,200.0,signal_enhancement,low,
1313,M94,3,1643016.93,1.1e-05,0.951,2629145.05,1614.8,200.0,denoising,low,
1314,M94,4,3511435.09,1.4e-05,1.2769,2249845.81,1946.24,200.0,denoising,low,3.0
1315,M94,5,946593.85,1.4e-05,1.5544,2568388.78,2610.82,200.0,signal_enhancement,low,
1316,M94,6,2741367.99,1.2e-05,1.8669,2562896.95,2026.18,200.0,denoising,low,
1317,M94,7,2489968.6,2.1e-05,1.8596,1238133.81,2684.61,200.0,denoising,low,
1318,M94,8,2050404.26,1.3e-05,0.8898,1047035.29,1901.54,200.0,signal_enhancement,low,
1319,M94,9,2499002.66,1.3e-05,1.6044,1905322.57,2260.75,200.0,denoising,low,
1320,M94,0,1624824.31,3e-06,0.1815,2677414.72,2086.47,200.0,signal_enhancement,medium,
1321,M94,1,1461117.26,6e-06,0.1887,1694286.35,1444.55,200.0,signal_enhancement,medium,
1322,M94,2,1348072.21,2e-06,0.1522,1739383.6,1305.98,200.0,signal_enhancement,medium,
1323,M94,3,1458329.44,5e-06,0.1316,3168768.23,996.86,200.0,signal_enhancement,high,
1324,M94,4,1086458.48,3e-06,0.1315,1441042.94,1333.25,200.0,denoising,high,
1325,M94,5,1075617.84,6e-06,0.1463,1944553.51,2322.51,200.0,denoising,high,
1326,M94,6,782326.98,7e-06,0.1594,3552610.58,2330.65,200.0,signal_enhancement,medium,
1327,M94,7,2403512.7,6e-06,0.2389,2492100.85,1427.23,200.0,signal_enhancement,medium,
1328,M94,8,1495187.45,4e-06,0.1583,1835881.75,1139.24,200.0,denoising,medium,
1329,M94,9,2065281.37,4e-06,0.2134,2941875.58,1864.16,200.0,signal_enhancement,medium,
1330,M88,0,1297330.88,2.9e-05,0.1756,1392230.51,2317.2,200.0,denoising,medium,
1331,M88,1,1190962.12,2.1e-05,0.2583,2708435.93,1611.09,200.0,denoising,low,
1332,M88,2,2331200.59,2.5e-05,0.443,988381.11,1581.12,200.0,signal_enhancement,low,
1333,M88,3,1465268.39,1e-05,0.3744,1608034.72,1911.27,200.0,denoising,low,
1334,M88,4,1162992.57,1.8e-05,0.2692,1276476.48,1384.33,200.0,denoising,low,
1335,M88,5,1869794.51,3.9e-05,0.2757,2223174.02,1504.85,200.0,signal_enhancement,low,
1336,M88,6,1616411.15,6.1e-05,0.2157,2315891.43,2583.01,200.0,signal_enhancement,medium,
1337,M88,7,2412902.88,3.7e-05,0.2617,2746968.46,2432.77,200.0,denoising,low,
1338,M88,8,2048051.3,4.4e-05,0.5069,1615676.84,1576.68,200.0,signal_enhancement,low,
1339,M88,9,1793335.26,1.7e-05,0.2738,2376508.92,1891.01,200.0,denoising,low,
1340,M90,0,1540723.23,1.9e-05,1.9266,1713157.48,1863.96,200.0,denoising,low,
1341,M90,1,1768226.3,1.7e-05,2.9992,808001.08,2079.13,200.0,signal_enhancement,low,
1342,M90,2,1455801.07,1.8e-05,2.7708,1413760.67,1567.33,200.0,signal_enhancement,low,
1343,M90,3,1376631.99,1.8e-05,1.1548,2514069.07,2051.29,200.0,denoising,low,
1344,M90,4,1591968.97,1.8e-05,2.0063,1954016.53,2517.74,200.0,denoising,low,
1345,M90,5,1783452.02,2e-05,2.0054,1740826.16,1392.43,200.0,signal_enhancement,low,
1346,M90,6,974198.08,2.3e-05,2.2312,2072623.0,1589.95,200.0,signal_enhancement,low,
1347,M90,7,968301.5,1.9e-05,2.0872,2809902.47,2058.57,200.0,signal_enhancement,low,
1348,M90,8,2106833.19,1e-05,3.7117,1953663.63,1411.19,200.0,denoising,low,
1349,M90,9,1678930.29,1.2e-05,2.2732,1260250.39,2372.87,200.0,signal_enhancement,low,
1350,M90,0,1865125.46,1.6e-05,2.5449,1411344.05,1491.73,200.0,signal_enhancement,low,
1351,M90,1,2352810.06,2e-05,1.6546,2203363.38,2012.79,200.0,denoising,low,
1352,M90,2,1555361.08,2.8e-05,1.1217,2585076.06,1705.06,200.0,denoising,low,
1353,M90,3,1588966.43,1.1e-05,2.4609,2434098.41,1145.93,200.0,denoising,low,
1354,M90,4,1628753.83,2.7e-05,2.1983,2111762.35,1732.92,200.0,denoising,low,
1355,M90,5,1384541.23,1.6e-05,1.9591,1413166.74,2515.8,200.0,signal_enhancement,low,
1356,M90,6,1504560.64,1.7e-05,1.6478,1944784.42,2614.91,200.0,denoising,low,
1357,M90,7,1930485.69,3e-05,1.3173,983473.54,1775.18,200.0,signal_enhancement,low,
1358,M90,8,1145693.62,2.6e-05,2.0582,1545857.14,2138.17,200.0,signal_enhancement,low,
1359,M90,9,2204361.74,2.1e-05,0.795,2165545.4,1190.51,200.0,signal_enhancement,low,
1360,M90,0,1481576.71,8e-06,2.5389,1470557.1,1255.29,200.0,signal_enhancement,low,
1361,M90,1,1592236.36,9e-06,1.4548,1551035.06,1075.83,200.0,signal_enhancement,low,
1362,M90,2,1091852.07,1.2e-05,1.7582,1518691.72,2373.4,200.0,denoising,low,
1363,M90,3,1885783.26,9e-06,2.2251,1327282.19,2232.13,200.0,denoising,low,
1364,M90,4,1824890.51,9e-06,0.9907,1948635.07,2126.11,200.0,denoising,low,0.0
1365,M90,5,1598103.72,5e-06,1.4385,2595551.7,1729.54,200.0,signal_enhancement,low,
1366,M90,6,1686518.25,9e-06,2.0873,2908217.43,1897.32,200.0,denoising,low,
1367,M90,7,1991426.43,9e-06,1.2908,2190990.75,1525.57,200.0,signal_enhancement,low,
1368,M90,8,2065791.41,1e-05,2.1711,1711261.25,373.9,200.0,denoising,low,
1369,M90,9,1472217.36,1.1e-05,1.2404,1566819.35,2014.33,200.0,denoising,low,
1370,M93,0,797575.79,1.7e-05,0.9514,1706822.88,1967.02,200.0,signal_enhancement,low,
1371,M93,1,665381.47,1.6e-05,1.5247,2146354.11,1513.71,200.0,signal_enhancement,low,0.0
1372,M93,2,1587169.63,1.6e-05,1.2915,1452973.41,1419.7,200.0,denoising,low,
1373,M93,3,508555.69,1.5e-05,1.2337,1703245.94,1674.47,200.0,signal_enhancement,low,
1374,M93,4,1320769.09,1.4e-05,1.5493,1183983.6,1158.59,200.0,signal_enhancement,low,2.0
1375,M93,5,1785840.29,1.3e-05,0.6925,2125632.89,2255.0,200.0,denoising,low,
1376,M93,6,1656023.33,1.6e-05,1.7225,2060188.55,1627.96,200.0,signal_enhancement,low,
1377,M93,7,1866355.38,1.7e-05,1.2103,2711196.99,1840.07,200.0,denoising,low,
1378,M93,8,2219059.67,6e-06,1.4724,1800374.99,1650.31,200.0,signal_enhancement,low,
1379,M93,9,2041521.9,1.6e-05,0.8356,2327275.85,2215.44,200.0,denoising,low,
1380,M88,0,1679800.41,4.7e-05,2.4982,2054630.86,2364.38,200.0,signal_enhancement,low,
1381,M88,1,1198928.55,5.5e-05,2.7836,1195845.94,1943.05,200.0,signal_enhancement,low,
1382,M88,2,1750858.26,5.7e-05,2.356,1543124.91,1504.07,200.0,denoising,low,
1383,M88,3,965102.27,5.6e-05,0.5457,1778850.18,2282.57,200.0,denoising,low,
1384,M88,4,2341453.6,7.4e-05,0.6857,1038063.42,1344.12,200.0,denoising,low,
1385,M88,5,1736850.73,6.6e-05,1.466,3377330.19,1261.09,200.0,signal_enhancement,low,
1386,M88,6,1616757.95,8.4e-05,1.4169,2107647.26,1174.49,200.0,signal_enhancement,low,
1387,M88,7,2105406.95,6.4e-05,2.7201,2063122.38,1085.5,200.0,signal_enhancement,low,
1388,M88,8,2093679.52,3.9e-05,2.2121,3812179.25,1871.75,200.0,denoising,low,
1389,M88,9,2240638.44,2.9e-05,1.4009,3164875.18,2206.3,200.0,signal_enhancement,low,
1390,M90,0,2328680.39,6e-06,0.2086,1780198.08,2107.66,200.0,denoising,medium,
1391,M90,1,1580028.59,1.1e-05,0.2529,1521114.61,1793.0,200.0,denoising,low,
1392,M90,2,1667058.74,4e-06,0.1532,2384959.28,795.31,200.0,signal_enhancement,medium,
1393,M90,3,1088967.74,7e-06,0.1613,2137939.69,2124.43,200.0,denoising,medium,
1394,M90,4,1126015.12,4e-06,0.2707,992228.09,2009.2,200.0,denoising,low,2.0
1395,M90,5,1655272.67,6e-06,0.1062,1945987.1,1545.04,200.0,signal_enhancement,high,
1396,M90,6,911932.42,3e-06,0.1608,2312539.98,2007.57,200.0,denoising,medium,
1397,M90,7,2238046.74,4e-06,0.1972,1356628.22,2433.04,200.0,signal_enhancement,medium,
1398,M90,8,2717771.44,5e-06,0.202,2531293.35,2668.36,200.0,denoising,medium,
1399,M90,9,1219809.59,4e-06,0.1368,2352256.59,1423.34,200.0,denoising,high,
1400,M93,0,2324578.23,1.8e-05,1.9498,2217895.62,1822.03,200.0,signal_enhancement,low,
1401,M93,1,2257121.91,1.1e-05,1.5819,1137738.26,1264.74,200.0,signal_enhancement,low,
1402,M93,2,2433790.4,1.6e-05,1.7211,859554.35,985.54,200.0,denoising,low,
1403,M93,3,2081144.18,1.7e-05,2.4411,1823997.89,1140.95,200.0,signal_enhancement,low,
1404,M93,4,1124735.85,1.8e-05,2.105,2180126.24,1359.88,200.0,denoising,low,
1405,M93,5,2148406.06,1.3e-05,1.8304,1012476.78,1434.17,200.0,signal_enhancement,low,
1406,M93,6,1740664.62,1.3e-05,1.4596,1600998.09,1873.71,200.0,signal_enhancement,low,
1407,M93,7,2055265.09,7e-06,1.7123,2247203.04,1970.7,200.0,signal_enhancement,low,
1408,M93,8,2392811.77,1.5e-05,0.8644,2235457.12,2014.82,200.0,signal_enhancement,low,
1409,M93,9,1445531.1,1.5e-05,2.1786,1342619.12,1513.92,200.0,denoising,low,
1410,M94,0,1574593.48,5e-06,0.2844,1871943.53,2400.7,200.0,signal_enhancement,low,
1411,M94,1,1757802.65,6e-06,0.4622,1847429.71,2228.92,200.0,signal_enhancement,low,
1412,M94,2,1763245.05,5e-06,0.3064,2582852.24,986.35,200.0,denoising,low,
1413,M94,3,2192739.59,5e-06,0.3178,3427037.04,2028.28,200.0,signal_enhancement,low,
1414,M94,4,1866001.09,5e-06,0.246,1921224.99,1918.51,200.0,signal_enhancement,medium,
1415,M94,5,2800807.0,5e-06,0.4285,2515643.95,1797.8,200.0,denoising,low,
1416,M94,6,1329815.05,4e-06,0.4655,2246994.83,1530.73,200.0,signal_enhancement,low,
1417,M94,7,2019635.56,4e-06,0.4668,1410327.15,968.79,200.0,signal_enhancement,low,
1418,M94,8,1751766.53,5e-06,0.6041,3402773.48,1874.75,200.0,signal_enhancement,low,
1419,M94,9,949947.42,5e-06,0.3367,2170112.03,1637.6,200.0,signal_enhancement,low,
1420,M94,0,1091620.52,3e-06,1.7307,2050947.25,2437.59,200.0,denoising,low,
1421,M94,1,980534.84,9e-06,2.1915,1774303.63,2515.86,200.0,denoising,low,
1422,M94,2,1138548.55,9e-06,1.3852,1865011.29,1470.73,200.0,signal_enhancement,low,1.0
1423,M94,3,1701546.7,7e-06,0.8878,1072217.18,472.37,200.0,signal_enhancement,low,
1424,M94,4,1555976.19,7e-06,1.5789,2121702.36,1388.05,200.0,denoising,low,1.0
1425,M94,5,1913945.22,8e-06,1.2601,2278383.29,1052.59,200.0,denoising,low,
1426,M94,6,1339611.9,1e-05,2.806,2263703.43,2332.7,200.0,signal_enhancement,low,4.0
1427,M94,7,1971032.49,1e-05,2.7757,1850699.6,1721.14,200.0,signal_enhancement,low,
1428,M94,8,1167713.75,5e-06,1.7323,2146307.88,1957.79,200.0,signal_enhancement,low,
1429,M94,9,1774339.28,3e-06,2.7503,1383324.93,1560.4,200.0,denoising,low,
1430,M94,0,1490526.61,6e-06,3.2158,1348918.23,1634.82,200.0,denoising,low,
1431,M94,1,873297.3,6e-06,2.8743,1463140.28,2335.02,200.0,signal_enhancement,low,
1432,M94,2,1740802.49,7e-06,2.3321,2351851.18,2409.54,200.0,signal_enhancement,low,
1433,M94,3,2213218.48,3e-06,0.7539,1099034.87,1760.24,200.0,denoising,low,
1434,M94,4,1465502.49,7e-06,2.7684,1579897.17,2034.27,200.0,signal_enhancement,low,
1435,M94,5,2072104.9,6e-06,1.6977,1551410.69,1097.62,200.0,denoising,low,
1436,M94,6,938072.64,4e-06,2.2492,1959519.35,2389.9,200.0,signal_enhancement,low,
1437,M94,7,1460577.13,9e-06,3.2297,2206535.59,1810.88,200.0,denoising,low,
1438,M94,8,1805507.29,5e-06,2.7231,2997367.1,1662.23,200.0,denoising,low,
1439,M94,9,1773442.59,4e-06,1.5829,1653150.66,1224.21,200.0,denoising,low,
1440,M90,0,1602752.0,9e-05,1.2297,1926125.56,1366.6,200.0,signal_enhancement,low,
1441,M90,1,1772700.69,3.1e-05,1.7438,2837125.83,1572.35,200.0,denoising,low,
1442,M90,2,2193863.03,7.9e-05,1.9146,1861669.85,1797.35,200.0,denoising,low,
1443,M90,3,2318127.01,0.000102,1.6497,1469749.93,2650.0,200.0,signal_enhancement,low,
1444,M90,4,2176918.56,0.000155,1.7035,1950311.35,1710.71,200.0,signal_enhancement,low,
1445,M90,5,1898801.88,0.000123,1.6657,2200516.09,1468.42,200.0,signal_enhancement,low,
1446,M90,6,1547781.59,6.9e-05,1.6812,2517251.02,2458.78,200.0,signal_enhancement,low,
1447,M90,7,2762668.4,4.6e-05,0.5387,1972443.78,1461.46,200.0,signal_enhancement,low,
1448,M90,8,1682484.36,7.4e-05,1.2871,1012623.83,487.74,200.0,denoising,low,
1449,M90,9,1254820.47,7.3e-05,1.241,3327196.17,1095.55,200.0,denoising,low,
1450,M88,0,849819.01,6e-06,0.6888,1965097.54,1161.74,200.0,signal_enhancement,low,
1451,M88,1,1595725.74,3e-06,1.5718,2468097.97,1516.32,200.0,denoising,low,
1452,M88,2,1898814.49,8e-06,1.7292,2369321.03,1214.37,200.0,signal_enhancement,low,
1453,M88,3,1414007.59,7e-06,1.0782,964065.69,1369.96,200.0,signal_enhancement,low,
1454,M88,4,1970206.48,8e-06,1.243,2669478.87,2584.24,200.0,signal_enhancement,low,
1455,M88,5,2192522.34,6e-06,1.5315,1274109.58,1033.55,200.0,signal_enhancement,low,
1456,M88,6,1803755.31,3e-06,1.7532,1694274.49,2455.26,200.0,signal_enhancement,low,
1457,M88,7,1531280.83,9e-06,0.8742,2202134.97,1353.94,200.0,signal_enhancement,low,
1458,M88,8,1448552.2,5e-06,0.6859,1686745.68,813.85,200.0,denoising,low,
1459,M88,9,905683.86,9e-06,2.038,2337073.24,1794.0,200.0,signal_enhancement,low,
1460,M88,0,649662.39,7.6e-05,1.3062,2360667.26,1499.06,200.0,denoising,low,
1461,M88,1,1075471.84,9.5e-05,0.6639,1827421.35,1533.84,200.0,denoising,low,
1462,M88,2,1426731.65,2.8e-05,2.1805,2371429.13,2074.04,200.0,signal_enhancement,low,
1463,M88,3,1207737.2,8e-05,2.6766,1409328.78,1363.54,200.0,denoising,low,
1464,M88,4,1071917.64,6.4e-05,2.3743,1203184.74,1545.29,200.0,denoising,low,
1465,M88,5,2828711.67,5.5e-05,3.3515,1132953.96,1690.34,200.0,denoising,low,
1466,M88,6,1843173.01,0.000105,1.47,2294228.76,1687.01,200.0,signal_enhancement,low,
1467,M88,7,1285538.62,5.1e-05,1.1674,2659567.58,2219.76,200.0,signal_enhancement,low,
1468,M88,8,1013708.69,0.000118,2.7517,2388051.21,1018.89,200.0,signal_enhancement,low,
1469,M88,9,1383026.02,7e-05,0.8974,2095386.83,1387.27,200.0,signal_enhancement,low,
1470,M88,0,2305720.79,2.6e-05,1.2549,2641610.62,2019.37,200.0,signal_enhancement,low,
1471,M88,1,1827531.58,2.8e-05,2.2184,1796414.35,2105.04,200.0,signal_enhancement,low,
1472,M88,2,1694642.22,2.5e-05,1.5338,2533460.4,2080.39,200.0,denoising,low,
1473,M88,3,1567487.49,2.5e-05,0.7211,1522201.14,1042.85,200.0,denoising,low,
1474,M88,4,1523664.98,3.7e-05,1.7388,1316208.34,1015.35,200.0,denoising,low,
1475,M88,5,1845301.93,3.4e-05,1.3106,2109883.4,1477.38,200.0,denoising,low,
1476,M88,6,1382393.91,2.2e-05,1.1898,981204.37,993.08,200.0,signal_enhancement,low,
1477,M88,7,2290160.09,3.4e-05,0.7226,1725783.61,1657.03,200.0,denoising,low,
1478,M88,8,979874.0,2.8e-05,1.5404,2624104.72,1591.8,200.0,denoising,low,
1479,M88,9,1862093.79,1.7e-05,1.5886,2402485.93,1348.04,200.0,denoising,low,
1480,M94,0,1207436.07,1.7e-05,1.3294,1878243.08,1202.32,200.0,denoising,low,
1481,M94,1,1777562.89,1.4e-05,1.7812,2143274.12,2128.84,200.0,signal_enhancement,low,
1482,M94,2,1533191.31,1.2e-05,1.4494,2724673.09,1915.34,200.0,denoising,low,
1483,M94,3,812295.11,2e-05,1.0024,1305969.62,1282.68,200.0,signal_enhancement,low,
1484,M94,4,2079362.51,1.6e-05,0.6078,1327862.97,1929.01,200.0,signal_enhancement,low,
1485,M94,5,1188632.22,1.2e-05,1.7233,3053087.8,1415.21,200.0,denoising,low,
1486,M94,6,1496628.41,2.1e-05,0.8148,2039462.59,2040.59,200.0,denoising,low,1.0
1487,M94,7,2274386.97,1.7e-05,1.5943,1842380.6,1662.65,200.0,signal_enhancement,low,
1488,M94,8,1574235.67,1.4e-05,2.0414,1622840.78,2555.38,200.0,denoising,low,0.0
1489,M94,9,1694193.54,1.9e-05,1.107,1862604.92,2284.05,200.0,signal_enhancement,low,
1490,M93,0,996893.33,2.7e-05,1.1284,1800905.51,1055.56,200.0,denoising,low,
1491,M93,1,1940369.72,2.9e-05,1.3976,1608759.16,1220.33,200.0,denoising,low,
1492,M93,2,1606091.62,1.6e-05,1.1673,2124339.87,1735.48,200.0,signal_enhancement,low,1.0
1493,M93,3,926506.71,2.1e-05,0.8579,2080067.4,1545.65,200.0,denoising,low,
1494,M93,4,963218.45,1.5e-05,1.8027,1201602.47,1444.69,200.0,signal_enhancement,low,
1495,M93,5,2094113.19,1.8e-05,0.7138,1669014.61,1844.91,200.0,signal_enhancement,low,
1496,M93,6,2227597.51,2.9e-05,1.3004,1822529.69,1860.53,200.0,signal_enhancement,low,
1497,M93,7,2813229.54,1.7e-05,0.8913,2078815.24,753.44,200.0,signal_enhancement,low,
1498,M93,8,1323246.57,2.4e-05,0.6673,1345939.39,1829.1,200.0,denoising,low,
1499,M93,9,1772210.74,2.5e-05,1.6732,1601078.97,2178.4,200.0,denoising,low,
1500,M93,0,1236554.63,2.7e-05,0.8757,2258438.58,1185.14,200.0,denoising,low,
1501,M93,1,1365459.07,1.9e-05,1.3308,1608043.97,1197.34,200.0,denoising,low,
1502,M93,2,996020.58,1.6e-05,1.064,948805.42,1676.36,200.0,denoising,low,
1503,M93,3,927950.19,2.5e-05,2.2958,1143894.91,1268.92,200.0,signal_enhancement,low,
1504,M93,4,1615194.66,2.3e-05,0.8846,1980887.2,1058.18,200.0,denoising,low,
1505,M93,5,1066124.11,2.3e-05,1.2108,2336927.43,1901.8,200.0,signal_enhancement,low,
1506,M93,6,1011315.03,2e-05,1.6204,2143245.32,1761.48,200.0,signal_enhancement,low,
1507,M93,7,1778547.85,1.1e-05,0.8797,2552385.98,1945.83,200.0,signal_enhancement,low,
1508,M93,8,1071039.8,9e-06,1.0154,1270876.6,1721.45,200.0,signal_enhancement,low,
1509,M93,9,888556.0,1.7e-05,1.443,1024192.27,1525.81,200.0,signal_enhancement,low,
1510,M88,0,850669.63,6e-06,0.4855,534270.07,1932.35,200.0,signal_enhancement,low,
1511,M88,1,1748337.73,6e-06,0.9537,993076.18,1422.9,200.0,denoising,low,
1512,M88,2,486647.42,6e-06,1.3516,2422092.02,1213.65,200.0,denoising,low,
1513,M88,3,507794.17,5e-06,1.5747,1620446.3,1890.46,200.0,denoising,low,
1514,M88,4,2008802.5,6e-06,1.4256,2435661.18,1317.44,200.0,denoising,low,
1515,M88,5,1575482.52,5e-06,0.6114,2087800.37,1609.58,200.0,signal_enhancement,low,
1516,M88,6,1035150.79,7e-06,1.4456,858175.97,1080.26,200.0,signal_enhancement,low,
1517,M88,7,1266869.61,5e-06,1.7651,1493708.35,1029.27,200.0,denoising,low,4.0
1518,M88,8,1658287.3,8e-06,1.8182,1790145.54,1847.4,200.0,signal_enhancement,low,
1519,M88,9,2063033.2,6e-06,1.8339,1947730.47,1326.84,200.0,denoising,low,
1520,M90,0,1395292.59,6e-06,0.2941,2114767.04,1459.67,200.0,signal_enhancement,low,
1521,M90,1,1220107.56,6e-06,0.2237,1693595.46,2363.16,200.0,denoising,medium,
1522,M90,2,1089621.19,8e-06,0.245,1032897.06,1363.23,200.0,signal_enhancement,medium,
1523,M90,3,1163754.14,6e-06,0.1033,1708719.03,987.09,200.0,signal_enhancement,high,1.0
1524,M90,4,1506763.3,5e-06,0.14,1321775.22,421.73,200.0,signal_enhancement,high,
1525,M90,5,1775084.54,8e-06,0.1699,1921311.35,2057.85,200.0,denoising,medium,
1526,M90,6,1477522.19,6e-06,0.1718,1906325.65,1951.63,200.0,signal_enhancement,medium,
1527,M90,7,631576.05,8e-06,0.1668,1868846.32,1772.7,200.0,denoising,medium,
1528,M90,8,1449360.76,6e-06,0.1015,2134867.99,1170.09,200.0,denoising,high,
1529,M90,9,1247047.28,6e-06,0.2786,1849578.75,1184.55,200.0,signal_enhancement,low,
1530,M90,0,938012.49,5e-06,1.6128,1710041.98,630.39,200.0,denoising,low,
1531,M90,1,1889360.99,3e-06,1.6898,2247405.64,1219.66,200.0,signal_enhancement,low,
1532,M90,2,1321548.07,2e-06,2.615,2160063.49,1585.19,200.0,denoising,low,
1533,M90,3,633500.17,4e-06,1.7221,1482224.33,1727.78,200.0,signal_enhancement,low,
1534,M90,4,1475502.87,3e-06,3.2872,1450470.59,1757.65,200.0,denoising,low,
1535,M90,5,1107537.91,6e-06,1.7272,2148926.81,1438.31,200.0,signal_enhancement,low,
1536,M90,6,1614028.58,4e-06,2.7422,1284412.21,1360.47,200.0,denoising,low,
1537,M90,7,941682.22,4e-06,2.0183,1723601.77,1356.14,200.0,signal_enhancement,low,
1538,M90,8,1006365.53,7e-06,2.3651,1316415.84,991.94,200.0,denoising,low,
1539,M90,9,1122731.54,3e-06,2.4757,3247777.95,1219.53,200.0,denoising,low,
1540,M90,0,1408737.63,7e-06,2.5329,2369335.15,1392.64,200.0,signal_enhancement,low,
1541,M90,1,783698.47,4e-06,2.2829,2296858.39,1552.17,200.0,denoising,low,
1542,M90,2,884136.89,4e-06,2.2391,1385122.8,1532.79,200.0,signal_enhancement,low,
1543,M90,3,782434.94,3e-06,2.1418,961890.89,1837.46,200.0,signal_enhancement,low,
1544,M90,4,1373188.57,5e-06,2.2746,1758874.99,1521.62,200.0,denoising,low,0.0
1545,M90,5,1263647.39,5e-06,2.7266,1302102.8,1171.91,200.0,signal_enhancement,low,
1546,M90,6,422825.33,3e-06,2.8673,2364009.67,952.98,200.0,denoising,low,
1547,M90,7,1993198.68,5e-06,2.0734,1602627.19,986.9,200.0,signal_enhancement,low,
1548,M90,8,1681473.42,3e-06,2.3055,2461469.41,1080.35,200.0,signal_enhancement,low,
1549,M90,9,820427.61,2e-06,2.3932,1020928.69,1408.97,200.0,signal_enhancement,low,
1550,M94,0,2332912.95,0.002946,2.3951,1670776.2,915.65,200.0,denoising,low,
1551,M94,1,1736321.29,0.002724,2.5777,1187836.74,1928.6,200.0,signal_enhancement,low,
1552,M94,2,896474.76,0.002461,1.5507,1336510.96,2496.38,200.0,denoising,low,
1553,M94,3,1455466.33,0.002967,2.7964,2363641.78,1337.44,200.0,denoising,low,
1554,M94,4,1832323.76,0.003214,2.6229,1740254.43,1685.78,200.0,denoising,low,
1555,M94,5,1137907.21,0.001947,2.0026,1471350.87,1353.18,200.0,signal_enhancement,low,
1556,M94,6,1662825.53,0.003272,2.0237,1373661.35,1883.19,200.0,signal_enhancement,low,
1557,M94,7,1689752.69,0.003525,1.1293,2548886.07,1004.36,200.0,signal_enhancement,low,
1558,M94,8,980836.53,0.002688,2.2394,2369093.03,1578.77,200.0,denoising,low,
1559,M94,9,1027143.05,0.003416,2.1806,1981849.73,1224.73,200.0,signal_enhancement,low,
1560,M90,0,2026483.13,1.3e-05,1.7686,2214993.62,2237.85,200.0,denoising,low,
1561,M90,1,1737409.87,1.1e-05,0.4126,2025494.31,2434.09,200.0,signal_enhancement,low,
1562,M90,2,1280958.49,2e-05,2.006,1608427.76,1143.53,200.0,denoising,low,
1563,M90,3,2320625.3,6e-06,1.2468,763056.8,1402.33,200.0,signal_enhancement,low,
1564,M90,4,2025273.0,1e-05,2.2705,2655593.63,1280.09,200.0,signal_enhancement,low,
1565,M90,5,1121261.17,1.6e-05,1.798,2117652.6,941.02,200.0,signal_enhancement,low,
1566,M90,6,1518003.05,1.1e-05,2.3689,2977967.68,1339.06,200.0,denoising,low,
1567,M90,7,1712463.98,8e-06,1.8056,2079000.49,1728.54,200.0,denoising,low,
1568,M90,8,1776403.18,1.1e-05,1.2217,1880411.36,1865.73,200.0,denoising,low,
1569,M90,9,1810665.17,1.5e-05,2.6965,2865407.78,1363.16,200.0,denoising,low,
1570,M88,0,1180255.27,0.000141,1.7237,2438413.68,2408.15,200.0,denoising,low,
1571,M88,1,758141.19,0.000216,1.0276,1627050.73,900.52,200.0,denoising,low,
1572,M88,2,1616159.55,0.000228,1.1619,2799098.64,1218.34,200.0,signal_enhancement,low,
1573,M88,3,2227892.72,0.000168,1.6523,2472878.02,2122.01,200.0,denoising,low,
1574,M88,4,1697036.18,0.000195,1.4674,2011255.57,535.64,200.0,signal_enhancement,low,
1575,M88,5,1187097.02,0.000254,1.278,2811057.42,1758.84,200.0,signal_enhancement,low,
1576,M88,6,1170623.64,0.000208,1.9756,3345367.56,1706.09,200.0,signal_enhancement,low,
1577,M88,7,2273291.59,0.000179,1.8614,2273681.57,1113.44,200.0,denoising,low,6.0
1578,M88,8,1671099.3,7.6e-05,1.634,1143560.09,1736.24,200.0,denoising,low,
1579,M88,9,2714810.44,0.00027,1.1131,2062751.39,1875.94,200.0,denoising,low,
1580,M88,0,1489837.83,0.000539,2.7669,2104871.31,1129.46,200.0,denoising,low,
1581,M88,1,1862519.17,0.000405,2.6558,1964819.12,1872.28,200.0,denoising,low,
1582,M88,2,1835418.88,0.000206,3.1513,2321962.19,1747.98,200.0,signal_enhancement,low,
1583,M88,3,2896202.47,0.000306,1.1389,2511756.4,1031.78,200.0,denoising,low,
1584,M88,4,1762793.32,0.000517,2.2493,1501453.02,2226.93,200.0,signal_enhancement,low,
1585,M88,5,1044973.25,0.000477,1.5502,1865845.41,1126.86,200.0,signal_enhancement,low,
1586,M88,6,2292568.65,0.000398,1.1137,1892375.44,1262.37,200.0,denoising,low,
1587,M88,7,864806.72,0.000468,1.9639,389263.68,1672.31,200.0,signal_enhancement,low,
1588,M88,8,2070246.45,0.000497,1.3655,1638942.35,1478.33,200.0,denoising,low,
1589,M88,9,1711461.8,0.000389,2.1226,1354332.66,1918.64,200.0,denoising,low,
1590,M88,0,2751472.87,0.000608,1.974,1864232.62,1796.62,200.0,signal_enhancement,low,
1591,M88,1,1194753.42,0.000279,1.9507,522359.09,1646.22,200.0,denoising,low,
1592,M88,2,901038.43,0.000259,2.2395,2249783.12,2179.78,200.0,denoising,low,
1593,M88,3,1587960.84,0.000518,2.4479,1473549.46,2543.88,200.0,denoising,low,
1594,M88,4,1497653.27,0.000424,1.8267,1104495.2,852.76,200.0,signal_enhancement,low,
1595,M88,5,1800599.4,0.000372,3.1206,1509209.57,1783.0,200.0,denoising,low,
1596,M88,6,1292837.69,0.000182,2.0477,709988.54,2285.97,200.0,denoising,low,
1597,M88,7,2206267.92,0.000592,0.8609,1472703.2,2146.28,200.0,denoising,low,
1598,M88,8,1911791.49,0.000235,1.8193,571796.61,1165.44,200.0,denoising,low,2.0
1599,M88,9,1954245.95,0.000413,2.301,1418824.41,1424.79,200.0,denoising,low,
1600,M93,0,2344049.93,2e-05,0.5328,2091050.43,1067.46,200.0,denoising,low,
1601,M93,1,2472237.63,2.2e-05,0.4682,2008655.12,1585.13,200.0,denoising,low,
1602,M93,2,819309.19,3.6e-05,0.3743,1827387.14,2326.51,200.0,signal_enhancement,low,
1603,M93,3,1770895.42,3.7e-05,0.4603,1323844.08,1745.59,200.0,denoising,low,
1604,M93,4,2022881.39,2.1e-05,0.6255,2205989.94,1828.68,200.0,signal_enhancement,low,
1605,M93,5,2332648.47,2.9e-05,0.2577,2251514.98,2245.27,200.0,denoising,low,
1606,M93,6,1155827.34,3.2e-05,0.4079,3029748.27,1526.49,200.0,denoising,low,
1607,M93,7,1291653.38,3.3e-05,0.4301,1915684.1,1958.41,200.0,signal_enhancement,low,
1608,M93,8,1057289.8,3.1e-05,0.3613,3098858.96,1945.98,200.0,denoising,low,
1609,M93,9,1952187.32,2.4e-05,0.4147,1778341.55,412.98,200.0,denoising,low,
1610,M94,0,1772904.99,3.6e-05,1.1142,2339103.05,1789.39,200.0,denoising,low,
1611,M94,1,781563.43,3.1e-05,1.9387,1959245.12,2247.39,200.0,signal_enhancement,low,
1612,M94,2,2186064.29,2.4e-05,2.0921,1933483.73,1681.37,200.0,signal_enhancement,low,
1613,M94,3,1810107.76,2.7e-05,1.361,1374893.45,1355.6,200.0,signal_enhancement,low,
1614,M94,4,1109754.55,2.9e-05,1.7062,1467162.75,1571.13,200.0,denoising,low,
1615,M94,5,1201772.24,3.7e-05,1.0192,2157168.39,1936.87,200.0,denoising,low,
1616,M94,6,1538213.36,3.1e-05,0.2737,2285617.2,1588.84,200.0,signal_enhancement,low,
1617,M94,7,658450.04,2e-05,1.4604,2992571.93,1816.14,200.0,signal_enhancement,low,
1618,M94,8,1732388.31,4.8e-05,1.4558,1519221.56,1256.52,200.0,denoising,low,
1619,M94,9,1829494.65,3.8e-05,1.6967,2036338.65,1713.72,200.0,denoising,low,
1620,M90,0,1971879.98,3.8e-05,0.9963,3824286.63,1663.33,200.0,denoising,low,
1621,M90,1,1775620.65,4.1e-05,0.3765,2595626.05,216.19,200.0,signal_enhancement,low,
1622,M90,2,1413647.56,9.7e-05,2.0867,2279329.51,1173.83,200.0,denoising,low,
1623,M90,3,1592602.65,5.9e-05,1.665,2726701.36,1696.0,200.0,signal_enhancement,low,
1624,M90,4,1781562.83,6.1e-05,1.1639,3447172.22,2071.87,200.0,signal_enhancement,low,
1625,M90,5,1247879.07,6.6e-05,1.9302,2228125.8,2173.55,200.0,signal_enhancement,low,
1626,M90,6,1762883.27,9.6e-05,0.9853,2548414.45,2990.92,200.0,denoising,low,
1627,M90,7,1958832.24,6.7e-05,1.4143,1646457.34,1729.01,200.0,denoising,low,1.0
1628,M90,8,2129128.67,6.5e-05,1.6331,2644516.86,820.5,200.0,denoising,low,
1629,M90,9,2371161.43,8.5e-05,1.4866,3893600.6,1288.49,200.0,denoising,low,
1630,M90,0,2797903.29,3.8e-05,1.4194,2217079.68,1485.62,200.0,signal_enhancement,low,
1631,M90,1,2065756.62,4.6e-05,1.7113,1914929.65,2587.46,200.0,signal_enhancement,low,
1632,M90,2,2546486.42,4.9e-05,1.7152,1276139.91,1686.58,200.0,denoising,low,
1633,M90,3,2452366.36,4.7e-05,1.2702,1767762.96,1958.99,200.0,signal_enhancement,low,
1634,M90,4,1953991.09,4.4e-05,1.6092,2694613.16,1582.68,200.0,signal_enhancement,low,
1635,M90,5,2563671.11,4.3e-05,1.3801,2203607.07,1685.62,200.0,denoising,low,
1636,M90,6,2013433.67,5.9e-05,1.2711,2844705.9,1536.15,200.0,signal_enhancement,low,
1637,M90,7,2273657.21,5.1e-05,0.9242,1995479.0,2548.69,200.0,denoising,low,
1638,M90,8,2986397.52,3.7e-05,1.3361,1313730.2,1014.63,200.0,denoising,low,
1639,M90,9,1265013.1,6.1e-05,1.0857,1910041.65,2731.32,200.0,denoising,low,
1640,M90,0,1807825.04,2.3e-05,2.4155,2575834.35,2538.13,200.0,denoising,low,
1641,M90,1,1766618.97,1.3e-05,1.4158,2277452.1,2570.76,200.0,signal_enhancement,low,
1642,M90,2,2185076.19,1.5e-05,2.1869,2202740.63,995.23,200.0,signal_enhancement,low,
1643,M90,3,2037218.56,2e-05,1.9795,2119727.49,1800.59,200.0,denoising,low,
1644,M90,4,1637833.47,2.1e-05,1.7733,3320765.57,2047.89,200.0,denoising,low,
1645,M90,5,2541259.21,1.9e-05,1.9284,2529335.52,1777.9,200.0,denoising,low,
1646,M90,6,2019522.64,1.6e-05,2.1964,3240122.78,2346.87,200.0,signal_enhancement,low,
1647,M90,7,1499744.14,1.4e-05,1.5683,2376007.47,2307.95,200.0,denoising,low,
1648,M90,8,2437724.04,2e-05,2.6363,2196810.84,2311.93,200.0,denoising,low,
1649,M90,9,1576374.79,2.2e-05,3.0764,2151989.21,1458.03,200.0,signal_enhancement,low,
1650,M88,0,1951158.03,4.7e-05,0.9747,1419186.32,2009.79,200.0,signal_enhancement,low,
1651,M88,1,1452096.5,4.5e-05,1.4796,3327626.56,1358.14,200.0,denoising,low,
1652,M88,2,2508368.85,6e-05,0.9136,2602323.83,3228.41,200.0,denoising,low,
1653,M88,3,1726764.39,5.8e-05,1.4251,2237476.89,1536.24,200.0,signal_enhancement,low,
1654,M88,4,1154726.66,4.7e-05,1.5696,2811427.34,2612.4,200.0,denoising,low,
1655,M88,5,782830.49,6e-05,1.8212,1808508.06,2421.41,200.0,signal_enhancement,low,
1656,M88,6,1842834.4,3.5e-05,1.541,1588385.01,2782.81,200.0,denoising,low,
1657,M88,7,2408856.49,5.4e-05,1.215,1891610.63,1010.15,200.0,signal_enhancement,low,
1658,M88,8,2177253.68,4.9e-05,1.4623,1039455.56,1490.73,200.0,denoising,low,7.0
1659,M88,9,2272409.11,7e-05,1.0951,2271220.35,2456.12,200.0,signal_enhancement,low,
1660,M93,0,2446392.17,2e-06,1.5795,1955044.11,1457.11,200.0,denoising,low,
1661,M93,1,1547375.28,3e-06,1.4962,1746800.03,1926.59,200.0,denoising,low,
1662,M93,2,2263200.68,3e-06,1.8178,1412595.63,1336.75,200.0,signal_enhancement,low,
1663,M93,3,2288169.22,2e-06,1.7833,1783485.1,2566.65,200.0,signal_enhancement,low,
1664,M93,4,1779028.76,3e-06,1.17,2257791.21,2157.68,200.0,denoising,low,
1665,M93,5,605109.93,3e-06,2.4943,2070237.42,1931.13,200.0,denoising,low,
1666,M93,6,2115737.63,1e-06,1.5827,2481950.03,1955.6,200.0,signal_enhancement,low,
1667,M93,7,2038558.14,2e-06,1.8543,925346.98,2087.73,200.0,denoising,low,
1668,M93,8,1219392.88,2e-06,2.0934,2148025.39,1408.95,200.0,signal_enhancement,low,
1669,M93,9,2211959.71,3e-06,2.2744,3224845.74,913.04,200.0,denoising,low,
1670,M94,0,2526355.39,4.8e-05,0.6292,1509824.85,2745.33,200.0,denoising,low,
1671,M94,1,1523056.14,4.3e-05,0.2625,90978.9,1830.26,200.0,denoising,low,
1672,M94,2,1946795.67,3.5e-05,0.2368,3294078.28,671.04,200.0,signal_enhancement,medium,
1673,M94,3,2159556.34,4.9e-05,0.2308,2014220.44,2029.8,200.0,signal_enhancement,medium,
1674,M94,4,1391157.48,4e-05,0.3265,3414088.32,1740.7,200.0,denoising,low,
1675,M94,5,2329964.51,3.8e-05,0.463,2557498.71,2709.18,200.0,denoising,low,
1676,M94,6,1426284.3,4.2e-05,0.2744,3156201.61,2125.84,200.0,signal_enhancement,low,
1677,M94,7,2287514.76,7e-06,0.5894,1918111.3,2582.47,200.0,signal_enhancement,low,1.0
1678,M94,8,1119737.91,3.6e-05,0.224,2378518.67,2048.12,200.0,signal_enhancement,medium,
1679,M94,9,2013604.11,3.9e-05,0.2529,2229302.74,2013.14,200.0,signal_enhancement,low,
1680,M94,0,1725896.67,4e-05,0.5527,2389653.41,1399.59,200.0,signal_enhancement,low,
1681,M94,1,2160515.6,4.5e-05,0.8066,795226.69,1336.61,200.0,denoising,low,0.0
1682,M94,2,2239266.57,4.6e-05,0.5391,3220548.95,2309.17,200.0,signal_enhancement,low,
1683,M94,3,1385114.17,3.1e-05,0.8415,3396865.45,1739.05,200.0,signal_enhancement,low,
1684,M94,4,1671311.55,4.6e-05,0.4559,3409722.86,1747.45,200.0,signal_enhancement,low,
1685,M94,5,2181196.54,3.7e-05,0.9778,2445504.81,843.1,200.0,denoising,low,
1686,M94,6,1112849.1,4.9e-05,0.7772,2107010.46,1207.27,200.0,denoising,low,
1687,M94,7,1315168.8,2.2e-05,0.6903,2320524.68,1534.79,200.0,denoising,low,
1688,M94,8,2014640.83,4.4e-05,0.5769,2451274.95,1277.12,200.0,signal_enhancement,low,
1689,M94,9,1275606.26,3.3e-05,0.773,2147136.45,2004.7,200.0,signal_enhancement,low,
1690,M93,0,2305647.87,2e-06,2.0249,1359432.77,1782.38,200.0,signal_enhancement,low,
1691,M93,1,2362466.28,1e-06,2.3031,1737732.46,445.97,200.0,denoising,low,
1692,M93,2,879181.92,2e-06,2.7256,1627650.88,1168.11,200.0,denoising,low,
1693,M93,3,1567234.9,1e-06,1.5363,2188302.87,1757.5,200.0,denoising,low,
1694,M93,4,1100868.64,3e-06,1.0841,2430614.29,1892.69,200.0,signal_enhancement,low,
1695,M93,5,1437888.45,3e-06,2.1266,2492663.88,1598.04,200.0,signal_enhancement,low,
1696,M93,6,1519454.77,4e-06,1.8743,1341461.42,2074.21,200.0,signal_enhancement,low,
1697,M93,7,2112588.74,3e-06,1.9506,2505437.4,1551.39,200.0,signal_enhancement,low,4.0
1698,M93,8,2015202.76,3e-06,0.8952,2062492.3,856.14,200.0,signal_enhancement,low,
1699,M93,9,2180170.43,1e-06,1.2469,1906421.73,766.53,200.0,signal_enhancement,low,
1700,M93,0,1557222.16,1e-05,1.3923,1817673.24,3166.42,200.0,signal_enhancement,low,
1701,M93,1,1527871.88,1.8e-05,1.3518,3148352.2,1795.36,200.0,denoising,low,
1702,M93,2,939665.79,1.3e-05,1.5631,1307065.03,1529.57,200.0,signal_enhancement,low,0.0
1703,M93,3,1785443.39,1.2e-05,1.6702,1110072.79,2274.43,200.0,denoising,low,2.0
1704,M93,4,1272642.91,8e-06,1.9463,953452.9,3062.47,200.0,signal_enhancement,low,
1705,M93,5,791339.4,1.6e-05,1.3011,2328309.78,1845.29,200.0,denoising,low,
1706,M93,6,2229097.16,8e-06,1.506,2979807.16,2092.46,200.0,signal_enhancement,low,2.0
1707,M93,7,1103010.19,1.3e-05,2.2915,2067953.44,2020.62,200.0,signal_enhancement,low,2.0
1708,M93,8,1869316.98,1.6e-05,1.9161,2714653.14,770.6,200.0,signal_enhancement,low,
1709,M93,9,1662686.74,1.2e-05,2.044,1158226.73,1008.79,200.0,signal_enhancement,low,
1710,M93,0,2043419.24,3.5e-05,2.4421,1471434.59,1816.13,200.0,signal_enhancement,low,
1711,M93,1,843720.39,2.4e-05,1.574,2035090.47,1548.08,200.0,denoising,low,
1712,M93,2,568394.8,5.2e-05,0.9535,2088234.47,2441.18,200.0,signal_enhancement,low,
1713,M93,3,1242574.81,4.4e-05,2.1112,2599954.9,2346.28,200.0,signal_enhancement,low,
1714,M93,4,141400.49,5.1e-05,1.8627,1219537.72,2402.33,200.0,signal_enhancement,low,
1715,M93,5,1104441.59,4.1e-05,0.5703,2252015.75,2538.73,200.0,denoising,low,
1716,M93,6,1537357.41,2.4e-05,0.6286,1967068.74,1966.97,200.0,denoising,low,
1717,M93,7,2671037.9,4.5e-05,1.328,1248825.26,344.52,200.0,signal_enhancement,low,2.0
1718,M93,8,2493689.39,4.6e-05,1.3976,1482579.15,1512.02,200.0,denoising,low,5.0
1719,M93,9,2147524.72,3.5e-05,1.0275,1860322.22,2218.87,200.0,denoising,low,
1720,M88,0,1736523.36,2e-05,3.0597,1160847.6,2288.84,200.0,denoising,low,
1721,M88,1,1162706.86,1.3e-05,2.6965,2456612.96,1455.58,200.0,signal_enhancement,low,
1722,M88,2,1439245.19,2.4e-05,2.8132,2213431.28,1411.19,200.0,denoising,low,
1723,M88,3,1626351.58,2.4e-05,1.7513,2451115.02,1450.74,200.0,denoising,low,
1724,M88,4,1129739.1,2.7e-05,2.5444,2417186.1,1937.93,200.0,signal_enhancement,low,
1725,M88,5,2164124.46,1.8e-05,2.6314,2587304.08,1829.5,200.0,signal_enhancement,low,
1726,M88,6,1418922.84,2.3e-05,1.8294,961237.18,317.43,200.0,denoising,low,
1727,M88,7,1398063.9,2.2e-05,4.0464,1521047.99,1747.73,200.0,signal_enhancement,low,5.0
1728,M88,8,369382.99,1.8e-05,2.1306,2128941.35,2041.86,200.0,signal_enhancement,low,
1729,M88,9,2302340.12,1.6e-05,2.7762,2263979.74,2207.12,200.0,signal_enhancement,low,
1730,M90,0,1903722.28,2.9e-05,0.7873,2080833.67,1188.52,200.0,signal_enhancement,low,
1731,M90,1,1605673.59,4.1e-05,1.1172,2929901.56,2242.84,200.0,signal_enhancement,low,
1732,M90,2,1066859.17,3.3e-05,0.71,2792067.32,1524.39,200.0,signal_enhancement,low,
1733,M90,3,1215528.74,3.5e-05,1.0974,1865154.89,1722.08,200.0,signal_enhancement,low,
1734,M90,4,1828073.42,3.2e-05,0.7109,2452124.17,1372.31,200.0,signal_enhancement,low,
1735,M90,5,1656218.5,2.7e-05,0.8869,3087835.97,1871.83,200.0,signal_enhancement,low,
1736,M90,6,2109714.21,2.7e-05,0.7477,1353424.27,1812.01,200.0,signal_enhancement,low,
1737,M90,7,978377.72,1.8e-05,0.6992,1560769.77,2260.19,200.0,denoising,low,
1738,M90,8,1882993.01,2.4e-05,1.2593,1605377.52,2105.19,200.0,signal_enhancement,low,
1739,M90,9,1552340.54,3.5e-05,0.8373,2127348.73,2486.52,200.0,denoising,low,
1740,M93,0,1929296.68,1.8e-05,0.1084,1699876.75,1548.51,200.0,denoising,high,
1741,M93,1,1217460.49,1.8e-05,0.1451,2596588.56,1531.62,200.0,denoising,high,
1742,M93,2,1484227.34,2.5e-05,0.1704,523047.69,1503.47,200.0,signal_enhancement,medium,
1743,M93,3,1256644.94,2e-05,0.0986,2202421.45,1091.22,200.0,signal_enhancement,high,
1744,M93,4,2327354.62,1.9e-05,0.2531,2541343.67,1884.66,200.0,denoising,low,
1745,M93,5,1829631.41,1.7e-05,0.1525,1927966.76,1250.81,200.0,signal_enhancement,medium,
1746,M93,6,1402543.78,1.2e-05,0.2151,2380913.88,1253.39,200.0,denoising,medium,
1747,M93,7,643362.31,6e-06,0.1267,1565063.66,1486.22,200.0,signal_enhancement,high,
1748,M93,8,1869477.95,2.3e-05,0.2848,2502223.09,629.43,200.0,denoising,low,
1749,M93,9,1252699.67,1.9e-05,0.2223,2793752.74,1803.51,200.0,signal_enhancement,medium,
1750,M90,0,1571227.75,5.5e-05,1.3486,2664654.47,1348.05,200.0,denoising,low,
1751,M90,1,1787622.0,2.5e-05,0.7924,1883316.25,1619.12,200.0,denoising,low,
1752,M90,2,1003563.77,5.3e-05,1.179,3049226.72,2251.6,200.0,denoising,low,
1753,M90,3,2344472.85,3.6e-05,1.5299,1380348.89,1694.65,200.0,denoising,low,
1754,M90,4,1181376.96,3.5e-05,1.1451,2092712.21,2211.57,200.0,signal_enhancement,low,
1755,M90,5,1038386.95,3.9e-05,1.6388,2996108.13,2067.38,200.0,signal_enhancement,low,
1756,M90,6,1555230.3,5.1e-05,0.953,3149540.1,1975.38,200.0,signal_enhancement,low,
1757,M90,7,840458.02,2.2e-05,1.3474,2190913.93,2514.34,200.0,signal_enhancement,low,
1758,M90,8,1811543.66,4.7e-05,1.462,1237908.06,2274.46,200.0,denoising,low,
1759,M90,9,1741149.74,2.6e-05,0.9898,2200632.34,1240.75,200.0,signal_enhancement,low,
1760,M90,0,1887117.13,2.5e-05,1.8973,1482741.91,1851.24,200.0,denoising,low,
1761,M90,1,1089109.18,4.1e-05,1.4068,2239810.59,1352.38,200.0,signal_enhancement,low,
1762,M90,2,1525384.78,2.7e-05,1.8598,1529041.38,1725.72,200.0,denoising,low,
1763,M90,3,2197503.22,1.5e-05,1.4595,2146361.91,1331.3,200.0,signal_enhancement,low,
1764,M90,4,1187859.69,3.5e-05,1.8516,1076221.99,1787.63,200.0,denoising,low,
1765,M90,5,1554484.45,1.4e-05,2.5659,1501226.47,1632.83,200.0,signal_enhancement,low,1.0
1766,M90,6,1645821.61,3.7e-05,2.2036,1617484.34,2103.09,200.0,denoising,low,0.0
1767,M90,7,1784659.23,2.6e-05,3.0823,2072332.17,851.76,200.0,denoising,low,
1768,M90,8,2647664.98,4.1e-05,2.0378,1195875.43,1518.36,200.0,denoising,low,
1769,M90,9,2247170.54,3.2e-05,2.7532,2223856.99,1683.62,200.0,signal_enhancement,low,
1770,M90,0,1980549.53,3.9e-05,2.8001,2819854.98,2275.58,200.0,signal_enhancement,low,
1771,M90,1,1891755.0,5.8e-05,3.8971,2671139.19,1749.68,200.0,signal_enhancement,low,
1772,M90,2,715566.79,4.2e-05,2.0463,1900003.61,2543.87,200.0,denoising,low,1.0
1773,M90,3,1418575.98,4.5e-05,1.7795,1284613.52,1806.56,200.0,denoising,low,
1774,M90,4,1606801.23,3.4e-05,2.4508,1400381.15,1050.09,200.0,denoising,low,
1775,M90,5,1691418.55,3.7e-05,2.1402,1376579.5,1534.4,200.0,denoising,low,
1776,M90,6,1768285.32,4.5e-05,2.8939,2351605.29,994.31,200.0,signal_enhancement,low,
1777,M90,7,2497323.39,4.4e-05,3.1062,2046380.89,887.4,200.0,denoising,low,
1778,M90,8,2287067.03,6.8e-05,2.3448,1239993.29,1736.42,200.0,denoising,low,
1779,M90,9,1404790.76,5.3e-05,2.5676,3010354.82,1898.04,200.0,signal_enhancement,low,
1780,M88,0,1136534.76,1.5e-05,0.3933,2335788.83,2172.53,200.0,denoising,low,
1781,M88,1,1593091.29,2.3e-05,0.315,1600679.68,1713.43,200.0,denoising,low,0.0
1782,M88,2,1805874.21,2.7e-05,0.3673,1650567.45,1019.01,200.0,signal_enhancement,low,
1783,M88,3,1660489.46,3e-05,0.3833,2176494.21,1938.54,200.0,signal_enhancement,low,
1784,M88,4,2164057.59,1.9e-05,0.262,1851046.66,2459.42,200.0,denoising,low,
1785,M88,5,1282203.84,3.7e-05,0.2342,1348601.77,1416.31,200.0,signal_enhancement,medium,
1786,M88,6,1981697.37,3.3e-05,0.4186,2580055.73,1076.31,200.0,denoising,low,
1787,M88,7,1559890.74,3.9e-05,0.3166,1318734.75,1600.82,200.0,denoising,low,
1788,M88,8,1265679.34,1.8e-05,0.353,1300914.25,1397.98,200.0,signal_enhancement,low,
1789,M88,9,1855786.59,1e-05,0.1386,1184038.3,1808.08,200.0,denoising,high,
1790,M94,0,1598421.58,0.000102,1.151,1011899.22,1393.49,200.0,signal_enhancement,low,
1791,M94,1,1446751.68,4.1e-05,0.7911,1676115.71,2477.65,200.0,signal_enhancement,low,0.0
1792,M94,2,1536027.89,5.3e-05,0.8116,1354966.8,1408.68,200.0,denoising,low,
1793,M94,3,778563.8,2.7e-05,0.6722,1995962.91,1449.16,200.0,denoising,low,
1794,M94,4,1672506.14,8.1e-05,1.8453,1386863.35,1834.65,200.0,signal_enhancement,low,3.0
1795,M94,5,1412052.69,7.4e-05,1.0998,1097635.83,1561.19,200.0,signal_enhancement,low,
1796,M94,6,2057920.06,4.2e-05,0.8726,1995323.88,1769.75,200.0,denoising,low,1.0
1797,M94,7,1121890.02,8.6e-05,0.8585,454520.21,1002.46,200.0,denoising,low,
1798,M94,8,1661092.4,6.3e-05,0.6401,2294260.67,827.69,200.0,denoising,low,
1799,M94,9,1776201.16,6e-05,0.3665,2037280.95,1611.14,200.0,signal_enhancement,low,
1800,M88,0,1859531.72,1.3e-05,0.3063,1682437.68,1595.96,200.0,signal_enhancement,low,
1801,M88,1,875992.04,2.5e-05,0.4366,1135855.78,1441.79,200.0,signal_enhancement,low,
1802,M88,2,1219828.79,2.9e-05,0.4773,1420643.19,2061.94,200.0,denoising,low,
1803,M88,3,2860344.92,3.2e-05,0.2509,2636090.55,2420.35,200.0,denoising,low,
1804,M88,4,1343889.87,2.7e-05,0.5585,1876502.22,1206.06,200.0,signal_enhancement,low,
1805,M88,5,1975743.03,1.6e-05,0.3748,1064321.66,536.61,200.0,denoising,low,4.0
1806,M88,6,2443125.71,1.6e-05,0.4696,3288082.76,1915.15,200.0,signal_enhancement,low,
1807,M88,7,1260900.33,2.5e-05,0.4429,673364.76,1509.3,200.0,denoising,low,
1808,M88,8,1230956.6,2.8e-05,0.2906,2867163.94,1375.99,200.0,denoising,low,
1809,M88,9,1119850.23,2e-05,0.2463,1938249.14,1625.69,200.0,denoising,medium,
1810,M88,0,1397358.41,7.4e-05,1.5042,2494050.11,3126.78,200.0,signal_enhancement,low,
1811,M88,1,1001000.51,3.5e-05,1.5857,2289551.33,1408.46,200.0,denoising,low,
1812,M88,2,2640579.01,6.6e-05,2.1985,1609296.63,1852.68,200.0,denoising,low,
1813,M88,3,2047250.6,5.4e-05,1.8975,909347.43,2172.33,200.0,denoising,low,
1814,M88,4,1338271.38,4.1e-05,1.1347,2625769.51,1815.17,200.0,denoising,low,
1815,M88,5,1406445.74,4.6e-05,0.9856,1075134.01,1470.21,200.0,signal_enhancement,low,
1816,M88,6,2458832.28,2.8e-05,0.9799,1286997.43,1646.13,200.0,denoising,low,
1817,M88,7,1689084.25,9.4e-05,2.7338,3972090.64,2218.43,200.0,signal_enhancement,low,
1818,M88,8,2579162.43,4.6e-05,1.2077,2186409.54,2114.12,200.0,signal_enhancement,low,
1819,M88,9,1966289.6,7.3e-05,1.2534,2523613.12,1512.92,200.0,signal_enhancement,low,
1820,M88,0,2072697.8,0.000125,1.088,2596221.7,933.5,200.0,denoising,low,
1821,M88,1,2015139.62,7.4e-05,1.6033,2405474.31,959.02,200.0,denoising,low,
1822,M88,2,1590395.21,7.7e-05,1.0254,3395613.7,2023.61,200.0,signal_enhancement,low,1.0
1823,M88,3,1569112.82,9.7e-05,2.2773,1099323.55,654.83,200.0,signal_enhancement,low,
1824,M88,4,1529105.32,7.6e-05,2.0392,2575742.57,1468.06,200.0,signal_enhancement,low,
1825,M88,5,1860798.78,6.6e-05,1.227,1478082.05,1858.55,200.0,denoising,low,
1826,M88,6,2100758.7,5.9e-05,2.4166,1414483.45,1320.66,200.0,signal_enhancement,low,
1827,M88,7,1315289.24,8e-05,1.7102,2000861.05,1420.34,200.0,signal_enhancement,low,
1828,M88,8,1664260.87,8.5e-05,1.7089,1453029.47,1618.65,200.0,denoising,low,
1829,M88,9,2006154.17,5.2e-05,1.0192,1505052.35,1286.99,200.0,denoising,low,
1830,M90,0,1084607.8,4e-05,0.0688,2397535.09,2108.11,200.0,signal_enhancement,high,
1831,M90,1,2974981.83,0.000102,0.1094,1220085.69,2104.61,200.0,signal_enhancement,high,
1832,M90,2,1308738.89,9.4e-05,0.1277,2565629.03,2236.18,200.0,denoising,high,
1833,M90,3,1655092.33,6.8e-05,0.1129,2513499.79,1142.86,200.0,signal_enhancement,high,
1834,M90,4,1480947.31,5.9e-05,0.0842,2775343.73,2034.13,200.0,signal_enhancement,high,
1835,M90,5,2086796.32,9.8e-05,0.1579,2447515.83,1360.01,200.0,signal_enhancement,medium,
1836,M90,6,1545593.21,7.6e-05,0.0895,2772889.57,1802.54,200.0,signal_enhancement,high,
1837,M90,7,1350088.98,4.7e-05,0.1272,2928518.06,2016.86,200.0,signal_enhancement,high,1.0
1838,M90,8,1499529.05,0.000105,0.1376,2141916.43,2101.46,200.0,denoising,high,
1839,M90,9,2031213.36,7.1e-05,0.0964,1353250.67,1963.76,200.0,denoising,high,
1840,M94,0,1934155.43,3.6e-05,1.2256,2766341.31,2680.78,200.0,denoising,low,
1841,M94,1,2798060.54,4.9e-05,0.7151,2014784.54,2173.11,200.0,signal_enhancement,low,
1842,M94,2,1160713.33,5.5e-05,0.8776,2051726.77,2201.05,200.0,denoising,low,
1843,M94,3,2752802.54,5.5e-05,0.8584,2655075.66,1442.21,200.0,denoising,low,
1844,M94,4,1691045.62,3e-05,0.7311,1863833.42,2512.62,200.0,denoising,low,
1845,M94,5,2106413.15,4.4e-05,0.8222,2274482.08,2288.63,200.0,denoising,low,
1846,M94,6,2281469.32,5.1e-05,0.9812,1245929.11,2034.18,200.0,denoising,low,
1847,M94,7,2494603.6,3.4e-05,0.955,2960486.49,611.24,200.0,signal_enhancement,low,
1848,M94,8,2344066.53,6e-05,0.8548,3900733.28,2099.42,200.0,denoising,low,
1849,M94,9,3145467.42,4.2e-05,0.4884,2365017.74,2956.92,200.0,signal_enhancement,low,
1850,M93,0,2526129.75,3.6e-05,0.0353,2693864.66,1849.0,200.0,denoising,high,
1851,M93,1,1870983.87,4.9e-05,0.0862,759601.37,1655.15,200.0,denoising,high,
1852,M93,2,705197.11,3e-05,0.0865,1750513.52,1588.6,200.0,signal_enhancement,high,
1853,M93,3,1768131.46,3.7e-05,0.0854,2040134.61,1593.47,200.0,signal_enhancement,high,
1854,M93,4,1147080.24,3.1e-05,0.1429,2785348.77,1997.67,200.0,denoising,high,
1855,M93,5,982264.07,5.4e-05,0.0777,2089230.54,1705.67,200.0,signal_enhancement,high,
1856,M93,6,2116289.53,3e-05,0.0798,3053960.17,1924.94,200.0,signal_enhancement,high,
1857,M93,7,1704307.15,2.9e-05,0.0891,2668068.07,1531.48,200.0,signal_enhancement,high,
1858,M93,8,1770342.56,2.6e-05,0.0867,1817613.7,1090.95,200.0,denoising,high,
1859,M93,9,1913687.76,3.4e-05,0.0975,1501012.48,1602.34,200.0,signal_enhancement,high,
1860,M90,0,2040699.56,8.6e-05,1.1567,3053188.62,1616.65,200.0,denoising,low,
1861,M90,1,1875658.95,7.5e-05,2.6594,1960779.07,1959.12,200.0,signal_enhancement,low,0.0
1862,M90,2,2423472.15,0.000102,1.6442,2942712.1,2131.48,200.0,signal_enhancement,low,
1863,M90,3,2131642.48,5.6e-05,2.0002,2373132.09,1881.45,200.0,denoising,low,2.0
1864,M90,4,2175228.02,9.5e-05,0.6255,2372285.28,1414.18,200.0,signal_enhancement,low,
1865,M90,5,1860814.69,9.7e-05,0.9846,2053669.8,1458.4,200.0,signal_enhancement,low,
1866,M90,6,1472256.13,2.4e-05,1.9005,2438574.23,1371.56,200.0,signal_enhancement,low,
1867,M90,7,2273541.17,9.1e-05,2.0132,1362093.07,1017.68,200.0,denoising,low,
1868,M90,8,2439667.05,0.000105,1.9446,2071696.7,1550.46,200.0,signal_enhancement,low,
1869,M90,9,2790952.56,0.000107,1.6377,2328795.87,781.52,200.0,signal_enhancement,low,
1870,M88,0,1601481.28,1.4e-05,2.0667,2318011.43,1554.22,200.0,signal_enhancement,low,
1871,M88,1,1347160.91,3.1e-05,1.8804,1113414.48,1542.67,200.0,signal_enhancement,low,0.0
1872,M88,2,1616740.74,4.2e-05,1.1991,2200329.38,1822.81,200.0,signal_enhancement,low,
1873,M88,3,1548316.45,2.2e-05,1.5894,1554003.98,1345.44,200.0,signal_enhancement,low,
1874,M88,4,1873506.71,6e-06,1.737,1963697.2,1364.79,200.0,denoising,low,
1875,M88,5,2175613.57,2.7e-05,1.9287,1672191.15,899.04,200.0,denoising,low,
1876,M88,6,1866737.17,1.9e-05,2.8548,872372.21,757.01,200.0,denoising,low,3.0
1877,M88,7,1347726.61,2.3e-05,2.0416,2917390.68,1808.6,200.0,denoising,low,
1878,M88,8,1605727.05,2.9e-05,1.4812,2232239.86,1876.08,200.0,signal_enhancement,low,
1879,M88,9,2190029.39,1.5e-05,1.5467,1855374.34,1716.97,200.0,signal_enhancement,low,
1880,M94,0,1297373.17,3.9e-05,0.1295,2228994.8,1395.4,200.0,denoising,high,
1881,M94,1,1366236.55,4.3e-05,0.1769,1361970.53,2241.4,200.0,denoising,medium,
1882,M94,2,1340816.49,2.8e-05,0.1399,2737227.02,2153.21,200.0,signal_enhancement,high,0.0
1883,M94,3,1530153.19,4.1e-05,0.1303,2139306.98,1157.52,200.0,signal_enhancement,high,
1884,M94,4,1596173.83,2.3e-05,0.2434,1745723.29,2806.27,200.0,signal_enhancement,medium,
1885,M94,5,1790772.68,2.8e-05,0.1288,2205022.92,2142.92,200.0,denoising,high,
1886,M94,6,1880636.05,4.7e-05,0.1392,2210507.97,1826.3,200.0,denoising,high,
1887,M94,7,2029209.38,5.2e-05,0.232,2079693.74,2248.03,200.0,denoising,medium,
1888,M94,8,1678102.26,2.4e-05,0.2075,2542927.64,883.33,200.0,denoising,medium,
1889,M94,9,1672364.25,3.9e-05,0.1504,1506778.12,1526.53,200.0,denoising,medium,
1890,M93,0,1437592.47,6.7e-05,0.0671,1415517.99,1572.5,200.0,denoising,high,
1891,M93,1,1769458.34,8.1e-05,0.1065,2069549.15,1656.94,200.0,denoising,high,
1892,M93,2,1285378.8,7.1e-05,0.0526,3071232.53,2024.38,200.0,denoising,high,
1893,M93,3,1722336.37,5.7e-05,0.0706,2022136.05,2149.38,200.0,signal_enhancement,high,
1894,M93,4,1996114.08,0.000103,0.0948,1707193.36,2074.68,200.0,signal_enhancement,high,
1895,M93,5,1392260.67,4.2e-05,0.0366,2328210.13,2430.86,200.0,signal_enhancement,high,1.0
1896,M93,6,1649659.81,7.8e-05,0.068,2927536.46,2179.4,200.0,signal_enhancement,high,
1897,M93,7,1582643.12,0.000109,0.0784,2042431.75,1428.28,200.0,denoising,high,
1898,M93,8,1969698.63,0.000109,0.0476,1630084.57,1028.64,200.0,denoising,high,
1899,M93,9,2305207.43,9.6e-05,0.0752,1213909.59,1020.27,200.0,denoising,high,
1900,M93,0,2014472.57,0.000242,1.7399,1548234.62,1374.9,200.0,denoising,low,
1901,M93,1,1492228.6,0.000126,2.6325,2891261.88,1852.68,200.0,signal_enhancement,low,
1902,M93,2,1572898.14,0.000145,1.7711,1930363.76,1884.28,200.0,denoising,low,
1903,M93,3,1131599.26,0.000247,1.3669,2245671.23,2172.68,200.0,signal_enhancement,low,
1904,M93,4,1809314.03,0.000276,1.0639,2621990.85,2170.68,200.0,signal_enhancement,low,
1905,M93,5,2393125.03,0.000354,1.427,2795881.61,293.48,200.0,denoising,low,
1906,M93,6,1948370.4,0.000324,1.3109,1188648.02,1783.69,200.0,denoising,low,
1907,M93,7,1231846.72,0.000349,1.5035,1146787.69,1458.11,200.0,denoising,low,
1908,M93,8,1144214.98,0.000303,2.3017,3711104.79,1305.86,200.0,signal_enhancement,low,
1909,M93,9,1443124.62,0.000278,2.8869,758305.03,1131.09,200.0,signal_enhancement,low,
1910,M93,0,1384443.41,0.000106,1.4304,1805342.36,1413.62,200.0,denoising,low,
1911,M93,1,2377950.95,0.000252,1.8192,1949483.95,1659.91,200.0,denoising,low,
1912,M93,2,752604.46,0.000136,2.8316,2086571.13,1448.03,200.0,denoising,low,
1913,M93,3,1807025.37,4.9e-05,1.8313,1501392.32,2342.21,200.0,signal_enhancement,low,
1914,M93,4,1868175.9,0.000118,2.0062,1748309.65,1819.78,200.0,signal_enhancement,low,
1915,M93,5,1541429.83,9.9e-05,2.461,2181735.86,1726.15,200.0,denoising,low,
1916,M93,6,1480679.85,0.000145,3.4813,2411412.32,2010.91,200.0,signal_enhancement,low,
1917,M93,7,1513456.47,0.000152,2.4274,2555368.67,2120.67,200.0,denoising,low,
1918,M93,8,1632388.43,0.000248,1.9784,2670530.96,1631.9,200.0,signal_enhancement,low,
1919,M93,9,486878.31,0.000165,2.4733,2748846.71,2649.56,200.0,signal_enhancement,low,
1920,M88,0,1295588.06,4.8e-05,1.2783,2042901.0,1905.91,200.0,denoising,low,
1921,M88,1,2012320.49,3.4e-05,2.8709,1518247.31,2226.33,200.0,denoising,low,
1922,M88,2,2112383.25,2.7e-05,2.3377,1496460.45,2744.86,200.0,denoising,low,
1923,M88,3,1496485.63,5e-05,1.5596,3781598.69,2063.41,200.0,signal_enhancement,low,
1924,M88,4,2276107.19,2.3e-05,2.2571,3433117.61,2279.46,200.0,signal_enhancement,low,
1925,M88,5,2410970.73,3.6e-05,1.6254,1261996.37,2105.86,200.0,signal_enhancement,low,0.0
1926,M88,6,1517860.02,4.5e-05,2.2137,2307100.93,2246.14,200.0,signal_enhancement,low,
1927,M88,7,1155336.21,4.8e-05,2.0475,2053133.71,1663.59,200.0,denoising,low,
1928,M88,8,2366836.65,3.7e-05,1.8356,2365004.05,2709.48,200.0,denoising,low,
1929,M88,9,1524870.56,2.8e-05,2.7664,1688432.97,1591.38,200.0,signal_enhancement,low,
1930,M88,0,1370672.1,7.3e-05,1.7762,1318430.78,1985.38,200.0,signal_enhancement,low,
1931,M88,1,1965435.78,8.3e-05,2.0038,2638783.86,2063.84,200.0,signal_enhancement,low,
1932,M88,2,1696731.15,2e-05,2.0447,2062833.77,2358.27,200.0,denoising,low,
1933,M88,3,2811139.35,3.7e-05,2.1265,2876258.07,2424.21,200.0,signal_enhancement,low,
1934,M88,4,1889018.51,6.5e-05,2.1622,2879030.76,900.99,200.0,denoising,low,1.0
1935,M88,5,958013.04,0.000125,2.3069,1554861.41,1715.5,200.0,signal_enhancement,low,
1936,M88,6,2574544.7,7.4e-05,1.7511,1441263.7,2473.9,200.0,signal_enhancement,low,
1937,M88,7,877099.38,0.000102,1.66,3182726.49,1645.87,200.0,signal_enhancement,low,
1938,M88,8,2212339.75,0.000115,2.2254,2154701.21,2622.93,200.0,signal_enhancement,low,
1939,M88,9,1956561.64,5e-05,1.8581,2307964.47,1832.86,200.0,denoising,low,
1940,M88,0,1687324.54,5e-06,1.3092,2381055.83,2657.28,200.0,denoising,low,
1941,M88,1,1691728.03,7e-06,0.3902,3048509.21,2670.0,200.0,signal_enhancement,low,0.0
1942,M88,2,1764844.6,5e-06,0.5847,3085782.35,523.03,200.0,signal_enhancement,low,
1943,M88,3,2019148.02,4e-06,1.5784,1949402.09,1323.12,200.0,denoising,low,
1944,M88,4,930851.38,5e-06,2.2852,1963251.35,1138.46,200.0,denoising,low,
1945,M88,5,1438072.16,5e-06,2.0538,1871678.5,1596.17,200.0,signal_enhancement,low,
1946,M88,6,1829915.94,6e-06,1.3708,1117275.92,2214.4,200.0,signal_enhancement,low,
1947,M88,7,2143180.35,7e-06,3.17,2630029.79,1888.43,200.0,denoising,low,
1948,M88,8,2448412.65,7e-06,2.8201,1924720.64,1977.58,200.0,signal_enhancement,low,
1949,M88,9,1684143.46,5e-06,1.4053,2236951.09,1400.77,200.0,signal_enhancement,low,
1950,M90,0,2059018.43,4.1e-05,0.9089,1017029.66,1578.35,200.0,denoising,low,
1951,M90,1,2144576.9,4.8e-05,1.084,2621728.25,2642.12,200.0,signal_enhancement,low,
1952,M90,2,1884802.68,3.7e-05,0.8276,2924044.96,1577.72,200.0,denoising,low,
1953,M90,3,2150974.59,4.2e-05,0.4042,2270227.54,1362.69,200.0,denoising,low,2.0
1954,M90,4,2884727.14,3.3e-05,0.3982,2641046.42,904.19,200.0,denoising,low,
1955,M90,5,1375355.04,4.7e-05,0.8438,1859962.51,2252.27,200.0,denoising,low,
1956,M90,6,1244995.74,4.6e-05,0.5635,1331794.5,2034.47,200.0,signal_enhancement,low,1.0
1957,M90,7,1317352.41,1.9e-05,0.7545,2046241.9,1940.3,200.0,denoising,low,
1958,M90,8,1485086.78,3.5e-05,0.7813,1551578.92,2784.57,200.0,signal_enhancement,low,
1959,M90,9,944478.68,3.1e-05,0.6234,968777.05,2506.84,200.0,denoising,low,
1960,M94,0,1975491.35,1.1e-05,2.1457,2889218.68,1201.48,200.0,signal_enhancement,low,
1961,M94,1,671749.46,8e-06,2.1566,2113300.28,1412.57,200.0,denoising,low,
1962,M94,2,2172287.77,9e-06,2.1686,2437193.42,2579.98,200.0,denoising,low,
1963,M94,3,2042156.46,1.1e-05,2.3317,2574234.85,1749.08,200.0,denoising,low,
1964,M94,4,1469735.12,1.6e-05,2.2119,2891052.32,2048.06,200.0,signal_enhancement,low,
1965,M94,5,1758726.47,1.2e-05,1.6905,1782999.25,1008.74,200.0,signal_enhancement,low,
1966,M94,6,2046492.56,1.7e-05,2.1779,2206699.19,1157.37,200.0,denoising,low,
1967,M94,7,1963262.85,1.3e-05,1.5071,815189.1,1760.1,200.0,signal_enhancement,low,
1968,M94,8,2781121.77,1.3e-05,1.5161,1216405.65,2792.81,200.0,signal_enhancement,low,
1969,M94,9,1546693.66,1e-05,1.9764,1604230.08,1992.21,200.0,denoising,low,
1970,M93,0,1443557.55,1.5e-05,18.0667,3340383.27,1719.93,200.0,signal_enhancement,low,
1971,M93,1,1410528.66,3e-05,17.5067,1980913.08,1061.07,200.0,signal_enhancement,low,
1972,M93,2,2148992.67,2.4e-05,13.0863,2365882.41,2877.16,200.0,denoising,low,
1973,M93,3,1172900.48,2.8e-05,18.1491,1157028.4,1129.09,200.0,denoising,low,
1974,M93,4,2310143.15,2.4e-05,11.423,2939603.23,2542.64,200.0,signal_enhancement,low,
1975,M93,5,2137825.01,2.4e-05,16.2758,1791550.64,1845.35,200.0,denoising,low,
1976,M93,6,1722793.37,3e-05,16.0622,2098607.12,1698.28,200.0,denoising,low,
1977,M93,7,1625438.44,2.5e-05,9.758,2978945.54,2635.89,200.0,denoising,low,
1978,M93,8,2246492.4,1.5e-05,15.9169,2655791.99,2541.69,200.0,denoising,low,
1979,M93,9,1663255.82,1.6e-05,14.6776,651669.29,2220.03,200.0,denoising,low,
1980,M94,0,1047834.2,3.1e-05,0.204,1903301.29,1378.04,200.0,signal_enhancement,medium,
1981,M94,1,968340.47,2.9e-05,0.0261,1700793.32,2139.91,200.0,signal_enhancement,high,
1982,M94,2,1589257.93,3e-05,0.1941,1174135.47,1376.85,200.0,denoising,medium,
1983,M94,3,1189398.08,4.3e-05,0.2206,552043.48,1580.09,200.0,denoising,medium,
1984,M94,4,1829527.64,2.8e-05,0.1836,1992708.24,1110.75,200.0,denoising,medium,
1985,M94,5,1224186.76,3.1e-05,0.1177,1665613.89,692.04,200.0,denoising,high,
1986,M94,6,1379846.05,3e-05,0.1464,1936544.02,615.84,200.0,denoising,high,
1987,M94,7,913479.3,4.7e-05,0.1685,1470034.75,1621.3,200.0,signal_enhancement,medium,
1988,M94,8,799157.69,4e-05,0.2317,996256.44,1206.74,200.0,denoising,medium,
1989,M94,9,1653342.0,2.2e-05,0.2882,2243952.47,2054.26,200.0,denoising,low,
1990,M88,0,1021858.52,1.1e-05,2.3323,2284214.76,1469.79,200.0,denoising,low,
1991,M88,1,1485638.96,1.1e-05,1.3313,1158831.96,1594.59,200.0,denoising,low,
1992,M88,2,976678.93,8e-06,1.7002,1832407.23,1484.32,200.0,denoising,low,
1993,M88,3,1064247.96,1.1e-05,1.7495,963869.26,1718.55,200.0,signal_enhancement,low,
1994,M88,4,2005375.93,9e-06,1.7943,1673910.67,1267.57,200.0,denoising,low,
1995,M88,5,1494286.22,1.5e-05,2.3208,1818207.46,2035.33,200.0,denoising,low,
1996,M88,6,1485319.55,7e-06,2.3927,1802538.46,1463.82,200.0,denoising,low,
1997,M88,7,2178750.23,1.1e-05,3.0183,1329380.15,1253.8,200.0,signal_enhancement,low,
1998,M88,8,714931.18,1e-05,1.7967,1664390.28,465.36,200.0,signal_enhancement,low,
1999,M88,9,1502403.32,1.4e-05,1.0845,2415329.55,1622.76,200.0,signal_enhancement,low,
2000,M90,0,1263610.62,3.1e-05,0.6358,2290105.38,1258.96,200.0,signal_enhancement,low,
2001,M90,1,2128954.53,2.6e-05,0.5276,1995936.47,1064.54,200.0,denoising,low,
2002,M90,2,1718367.17,3.7e-05,0.3638,2914833.64,728.08,200.0,signal_enhancement,low,
2003,M90,3,1236380.15,3.5e-05,0.5089,1387835.53,1520.44,200.0,denoising,low,
2004,M90,4,1818992.3,2.7e-05,0.5098,1633642.57,664.46,200.0,denoising,low,
2005,M90,5,1354002.43,3e-05,0.4625,1287217.41,1473.68,200.0,denoising,low,
2006,M90,6,1334313.57,2e-05,0.6376,2503988.97,602.88,200.0,signal_enhancement,low,
2007,M90,7,656649.46,2.7e-05,0.5091,2328637.86,1660.81,200.0,denoising,low,
2008,M90,8,1335378.23,1e-05,0.5147,1677944.9,1316.19,200.0,denoising,low,
2009,M90,9,839773.45,2.2e-05,0.5928,1364315.6,880.89,200.0,signal_enhancement,low,
2010,M90,0,1135573.39,0.000165,2.7982,1757608.5,2155.97,200.0,signal_enhancement,low,
2011,M90,1,1348244.16,0.00021,2.3265,1216059.99,519.55,200.0,denoising,low,
2012,M90,2,1755311.45,0.00016,1.4947,1580586.9,676.78,200.0,denoising,low,0.0
2013,M90,3,1236335.88,0.000215,2.1586,1246861.28,1394.1,200.0,denoising,low,
2014,M90,4,1445660.87,0.00023,2.843,1951039.12,963.58,200.0,signal_enhancement,low,
2015,M90,5,1838118.72,3.7e-05,1.9513,1466556.78,868.78,200.0,signal_enhancement,low,
2016,M90,6,1462277.66,0.000222,1.9578,1203271.11,1441.48,200.0,signal_enhancement,low,
2017,M90,7,1117874.43,0.0002,3.2242,1519090.79,1223.58,200.0,denoising,low,
2018,M90,8,1266184.83,0.000224,2.3996,1249101.34,1391.45,200.0,denoising,low,
2019,M90,9,1473703.63,0.000133,2.2645,1376292.52,2107.42,200.0,signal_enhancement,low,
2020,M90,0,1322695.7,3.7e-05,1.6766,1803132.32,1088.44,200.0,signal_enhancement,low,
2021,M90,1,1313971.47,1.6e-05,1.9648,1878580.35,1670.9,200.0,denoising,low,
2022,M90,2,1330199.64,3.8e-05,1.791,1374277.06,1205.16,200.0,denoising,low,
2023,M90,3,1509011.59,4.9e-05,2.1386,1881793.47,956.2,200.0,denoising,low,
2024,M90,4,1560809.46,5.6e-05,1.5822,1301053.03,1577.89,200.0,denoising,low,
2025,M90,5,1630304.91,3.3e-05,1.059,976000.19,1182.1,200.0,signal_enhancement,low,
2026,M90,6,1281524.82,2.6e-05,1.6081,1618728.8,1534.42,200.0,signal_enhancement,low,
2027,M90,7,1026715.19,3.3e-05,2.1549,1938985.5,813.95,200.0,signal_enhancement,low,
2028,M90,8,1333146.09,3.8e-05,1.2515,1970975.04,2106.07,200.0,denoising,low,
2029,M90,9,1512262.77,2.2e-05,1.938,2130845.78,948.1,200.0,denoising,low,
2030,M93,0,739385.52,1.6e-05,1.4958,2107328.55,1279.64,200.0,denoising,low,
2031,M93,1,1623116.75,2.2e-05,0.9433,1604588.94,884.69,200.0,signal_enhancement,low,
2032,M93,2,863889.58,1.1e-05,2.0567,1811956.16,1482.7,200.0,signal_enhancement,low,
2033,M93,3,1274269.38,2.4e-05,0.8357,2051163.75,2049.63,200.0,signal_enhancement,low,0.0
2034,M93,4,655448.01,3.3e-05,1.7783,439632.26,1618.08,200.0,signal_enhancement,low,
2035,M93,5,1502283.89,1e-05,2.3046,1427014.3,2209.12,200.0,signal_enhancement,low,
2036,M93,6,1552063.87,2.7e-05,1.4737,1486592.24,1377.01,200.0,signal_enhancement,low,
2037,M93,7,1548991.23,2.8e-05,1.6035,2003670.7,1355.9,200.0,signal_enhancement,low,
2038,M93,8,1477289.14,1.8e-05,2.1493,1963929.47,1187.39,200.0,signal_enhancement,low,
2039,M93,9,1340922.08,3.3e-05,1.7871,1771354.32,1085.23,200.0,signal_enhancement,low,
2040,M90,0,1483169.18,2.2e-05,86.4735,1901250.6,1146.33,200.0,signal_enhancement,low,
2041,M90,1,896656.21,3e-05,120.9291,1986478.79,1692.95,200.0,signal_enhancement,low,
2042,M90,2,1253206.96,2e-05,79.0908,1422429.77,1168.37,200.0,denoising,low,
2043,M90,3,1309409.27,3e-05,135.261,1426660.23,2040.4,200.0,denoising,low,
2044,M90,4,919887.11,4e-05,43.8906,1033896.09,1744.14,200.0,denoising,low,
2045,M90,5,1770225.53,2.6e-05,51.3613,1656571.49,2091.01,200.0,signal_enhancement,low,
2046,M90,6,1446166.11,2.8e-05,60.6799,1958633.92,1274.97,200.0,denoising,low,
2047,M90,7,1560114.87,1.9e-05,99.6766,2780082.24,1891.02,200.0,signal_enhancement,low,
2048,M90,8,2769638.14,2.4e-05,88.5616,1529391.18,1405.19,200.0,denoising,low,
2049,M90,9,1438012.51,1.4e-05,94.4149,2187188.08,1343.29,200.0,signal_enhancement,low,
2050,M88,0,1666877.32,1.7e-05,1.0663,1019285.99,1099.01,200.0,denoising,low,
2051,M88,1,937404.6,1.5e-05,1.2143,2156702.43,1303.76,200.0,denoising,low,0.0
2052,M88,2,1856693.48,1.1e-05,0.9377,989905.41,1432.55,200.0,signal_enhancement,low,
2053,M88,3,1819180.41,1.5e-05,1.27,1766938.9,2437.09,200.0,denoising,low,
2054,M88,4,1444517.85,1e-05,1.4689,1455075.16,1962.32,200.0,signal_enhancement,low,
2055,M88,5,1125000.09,1.6e-05,0.683,1211640.58,1435.0,200.0,signal_enhancement,low,
2056,M88,6,1803915.02,2e-05,0.7852,919346.99,1152.98,200.0,signal_enhancement,low,
2057,M88,7,1597285.24,1.2e-05,0.6793,1475790.78,1560.98,200.0,signal_enhancement,low,
2058,M88,8,1293773.82,5e-06,1.2912,1963066.63,1069.27,200.0,signal_enhancement,low,
2059,M88,9,1711229.39,1.4e-05,1.3426,2036532.99,1523.05,200.0,signal_enhancement,low,7.0
2060,M88,0,2085904.58,0.000108,1.469,1930436.98,1726.49,200.0,denoising,low,
2061,M88,1,2030228.08,0.00017,1.8787,1995472.27,1708.37,200.0,denoising,low,
2062,M88,2,1124509.82,0.000231,2.2219,1853316.2,1166.08,200.0,denoising,low,
2063,M88,3,1479151.86,0.000246,1.9995,2192404.45,1379.73,200.0,denoising,low,
2064,M88,4,395881.63,4.5e-05,2.2347,2717412.9,931.72,200.0,denoising,low,
2065,M88,5,1044629.05,0.000218,1.7425,2046994.68,1664.73,200.0,denoising,low,
2066,M88,6,1914279.03,0.000222,2.7727,1316869.68,1551.23,200.0,denoising,low,
2067,M88,7,1285368.77,0.000213,1.3676,1700789.74,1624.61,200.0,signal_enhancement,low,
2068,M88,8,1705157.82,0.000198,2.325,1481279.85,1242.47,200.0,signal_enhancement,low,
2069,M88,9,1146603.03,0.000137,2.7746,836478.63,1001.42,200.0,denoising,low,
2070,M88,0,563450.82,6.8e-05,2.2341,2348391.41,2144.76,200.0,signal_enhancement,low,
2071,M88,1,2098949.97,6.1e-05,2.1486,1979396.2,1135.5,200.0,signal_enhancement,low,
2072,M88,2,1040385.38,0.000101,1.7925,1367496.02,1297.71,200.0,denoising,low,
2073,M88,3,616045.2,5.4e-05,1.9302,837138.58,861.17,200.0,denoising,low,
2074,M88,4,2024010.59,7e-05,2.8452,1836221.13,1781.51,200.0,denoising,low,
2075,M88,5,1114735.85,8.5e-05,2.2507,1720224.44,1273.99,200.0,denoising,low,
2076,M88,6,622751.18,9e-05,2.1701,1591432.07,1707.72,200.0,denoising,low,
2077,M88,7,1370811.5,4.8e-05,2.1874,1233125.87,1301.27,200.0,signal_enhancement,low,6.0
2078,M88,8,1388396.32,9.3e-05,0.9002,1748650.38,1603.03,200.0,denoising,low,
2079,M88,9,2049115.56,5.5e-05,0.8553,1735911.24,1717.02,200.0,denoising,low,
2080,M93,0,1257907.48,4.1e-05,0.7129,3721208.75,2378.85,200.0,signal_enhancement,low,
2081,M93,1,1769094.85,3.6e-05,0.4603,1855478.06,1552.58,200.0,signal_enhancement,low,
2082,M93,2,1597104.23,5.1e-05,1.2183,2195786.38,635.91,200.0,denoising,low,
2083,M93,3,1001834.31,2.8e-05,1.2702,1205223.57,1408.38,200.0,denoising,low,
2084,M93,4,1714505.63,3.7e-05,1.2501,1847633.31,982.91,200.0,signal_enhancement,low,
2085,M93,5,1619628.6,3.8e-05,0.9959,1104563.24,1415.28,200.0,denoising,low,
2086,M93,6,1353714.68,2.1e-05,0.7298,1965996.26,1780.56,200.0,signal_enhancement,low,
2087,M93,7,939364.57,3.6e-05,0.5996,1721991.39,1313.47,200.0,signal_enhancement,low,
2088,M93,8,1843540.44,3.3e-05,0.8834,719186.96,1656.94,200.0,denoising,low,
2089,M93,9,1853889.65,4.4e-05,0.9374,1927906.05,1679.34,200.0,denoising,low,
2090,M94,0,1061854.37,3.1e-05,0.9712,2341119.75,1378.26,200.0,denoising,low,
2091,M94,1,720680.56,2.9e-05,1.9053,1935052.59,1343.12,200.0,denoising,low,
2092,M94,2,1553119.71,2.8e-05,1.6367,1670359.55,1712.89,200.0,denoising,low,
2093,M94,3,1126606.83,1.7e-05,1.2233,1383689.29,1882.3,200.0,denoising,low,
2094,M94,4,885449.91,1.6e-05,1.3093,1452326.17,2026.13,200.0,signal_enhancement,low,
2095,M94,5,1742382.05,2.7e-05,1.2323,1219795.57,2284.68,200.0,signal_enhancement,low,
2096,M94,6,2009360.27,2.7e-05,1.9607,2188198.18,1047.31,200.0,denoising,low,
2097,M94,7,1433098.82,8e-06,0.9054,2327636.78,1003.01,200.0,denoising,low,1.0
2098,M94,8,1335694.6,3.4e-05,0.7594,1920853.4,1677.86,200.0,signal_enhancement,low,
2099,M94,9,1234838.47,3.6e-05,0.7062,1798947.76,1418.94,200.0,denoising,low,
2100,M88,0,1765732.09,3.2e-05,0.3902,1511220.91,1914.07,200.0,signal_enhancement,low,
2101,M88,1,1554093.4,3.8e-05,0.2936,1078368.54,2248.29,200.0,signal_enhancement,low,
2102,M88,2,1115387.24,3.6e-05,0.2827,1857136.57,1705.59,200.0,denoising,low,
2103,M88,3,1987597.77,1.8e-05,0.6211,1568242.82,1624.9,200.0,signal_enhancement,low,
2104,M88,4,787481.26,4.1e-05,0.696,2355089.11,869.88,200.0,signal_enhancement,low,
2105,M88,5,1327844.53,1.3e-05,0.1718,1777301.84,1423.88,200.0,denoising,medium,
2106,M88,6,2096985.44,3.2e-05,0.4035,783881.33,1532.42,200.0,denoising,low,
2107,M88,7,907070.03,1.2e-05,0.4795,2504944.1,1450.93,200.0,denoising,low,
2108,M88,8,1619795.42,4.3e-05,0.4593,2243133.66,1130.25,200.0,denoising,low,1.0
2109,M88,9,1724409.52,4.9e-05,0.6787,2021639.93,2169.61,200.0,signal_enhancement,low,
2110,M93,0,1850506.63,1.8e-05,0.9207,1062960.4,1806.75,200.0,signal_enhancement,low,
2111,M93,1,1651762.0,1.7e-05,0.7295,1329168.24,2621.66,200.0,signal_enhancement,low,
2112,M93,2,1825640.77,1.9e-05,1.0301,1208292.77,1332.57,200.0,signal_enhancement,low,
2113,M93,3,1297589.81,1.8e-05,1.5792,1476213.71,1627.38,200.0,signal_enhancement,low,
2114,M93,4,785911.33,1.7e-05,1.3129,1893563.08,1582.49,200.0,signal_enhancement,low,
2115,M93,5,1184662.3,2.2e-05,0.7295,1641328.54,1122.86,200.0,signal_enhancement,low,
2116,M93,6,1598320.17,1.9e-05,0.724,882664.56,1851.62,200.0,denoising,low,
2117,M93,7,1358948.57,1.6e-05,0.9582,2554289.84,2272.67,200.0,denoising,low,
2118,M93,8,1554872.93,1.5e-05,1.0264,2461475.3,2078.51,200.0,denoising,low,
2119,M93,9,1521119.16,1e-05,1.2831,891729.8,981.12,200.0,denoising,low,
2120,M90,0,1613237.34,4.2e-05,1.6832,2196145.21,1879.4,200.0,signal_enhancement,low,
2121,M90,1,1972527.62,2.9e-05,0.887,2561358.9,1699.48,200.0,signal_enhancement,low,
2122,M90,2,2684930.16,3e-05,1.3122,2028890.27,1975.3,200.0,signal_enhancement,low,
2123,M90,3,1254101.34,3.8e-05,1.2381,1450649.3,1875.83,200.0,signal_enhancement,low,
2124,M90,4,1156352.34,3.9e-05,1.3875,1803169.97,1379.46,200.0,denoising,low,
2125,M90,5,1287912.2,3.7e-05,1.0968,875265.71,1505.46,200.0,denoising,low,
2126,M90,6,1576266.31,2.6e-05,1.3575,1126276.15,2300.24,200.0,denoising,low,1.0
2127,M90,7,1757495.0,3.8e-05,1.0956,1546974.52,991.31,200.0,signal_enhancement,low,
2128,M90,8,1708279.08,3.1e-05,1.4355,2340115.51,1881.62,200.0,denoising,low,
2129,M90,9,1061796.63,2.4e-05,0.771,2522038.78,573.17,200.0,denoising,low,
2130,M90,0,2295538.27,0.000179,2.4649,1773940.8,2020.57,200.0,signal_enhancement,low,
2131,M90,1,949332.2,0.000178,2.6811,1750852.7,2177.57,200.0,signal_enhancement,low,
2132,M90,2,987312.79,0.000122,2.8169,2197312.44,1539.99,200.0,signal_enhancement,low,
2133,M90,3,1523422.3,0.000298,2.5296,2108788.54,1754.06,200.0,signal_enhancement,low,
2134,M90,4,1803433.06,0.000226,1.171,1750713.54,1219.69,200.0,signal_enhancement,low,
2135,M90,5,586774.38,0.000324,1.4567,3117972.55,2329.46,200.0,denoising,low,
2136,M90,6,2419907.68,0.00016,1.4402,1807511.5,1495.23,200.0,denoising,low,
2137,M90,7,678612.98,0.000302,1.8996,3130060.18,1769.97,200.0,signal_enhancement,low,
2138,M90,8,1256185.69,0.000145,2.0992,2005288.4,2272.32,200.0,denoising,low,
2139,M90,9,2164550.02,0.000229,1.6395,1193298.58,996.9,200.0,denoising,low,
2140,M90,0,1262942.68,0.000166,1.6229,2869348.11,1037.62,200.0,signal_enhancement,low,
2141,M90,1,1449108.26,0.000156,1.046,1545539.01,1605.95,200.0,denoising,low,
2142,M90,2,1882890.13,0.000217,1.0349,2540342.44,900.42,200.0,signal_enhancement,low,
2143,M90,3,2265208.98,0.000161,1.928,1131164.17,1469.36,200.0,signal_enhancement,low,
2144,M90,4,1856129.29,0.000156,1.9549,2423286.05,633.42,200.0,denoising,low,2.0
2145,M90,5,1269513.06,0.000217,1.7316,1553709.8,1686.31,200.0,denoising,low,
2146,M90,6,2168002.93,0.000134,1.8719,2181934.07,1930.64,200.0,signal_enhancement,low,
2147,M90,7,854553.47,0.000212,0.8071,2731670.88,1684.57,200.0,denoising,low,
2148,M90,8,1140151.54,0.000123,1.2821,2992183.18,2305.72,200.0,denoising,low,2.0
2149,M90,9,1278714.51,0.000205,0.7996,1480135.5,1234.03,200.0,denoising,low,
2150,M94,0,1874250.75,9e-06,0.4601,1497922.4,2375.93,200.0,denoising,low,
2151,M94,1,1242562.09,5e-06,0.7014,1336019.23,552.46,200.0,denoising,low,
2152,M94,2,1257539.01,7e-06,1.1675,1496342.03,2513.41,200.0,signal_enhancement,low,
2153,M94,3,1125310.92,1e-05,0.9838,1161898.86,1401.55,200.0,signal_enhancement,low,
2154,M94,4,2361992.12,1e-05,1.8313,2276155.6,1817.86,200.0,signal_enhancement,low,
2155,M94,5,871221.01,8e-06,0.9507,2012904.2,1579.89,200.0,denoising,low,
2156,M94,6,1311063.65,1e-05,0.6809,1732274.07,2374.12,200.0,signal_enhancement,low,5.0
2157,M94,7,2043042.74,1e-05,0.4185,1783362.36,1128.23,200.0,denoising,low,
2158,M94,8,1381436.08,7e-06,1.2536,3005742.77,1461.57,200.0,denoising,low,
2159,M94,9,1112618.68,6e-06,1.1936,2179838.07,1294.7,200.0,denoising,low,
2160,M93,0,2134235.31,2.9e-05,1.0288,2170134.05,1488.34,200.0,signal_enhancement,low,
2161,M93,1,2038623.9,1.8e-05,1.1394,2816963.19,1302.54,200.0,signal_enhancement,low,
2162,M93,2,2433796.74,2.9e-05,1.2379,1341666.26,2135.78,200.0,denoising,low,
2163,M93,3,2080565.91,4.9e-05,0.8397,3057347.12,1210.2,200.0,signal_enhancement,low,
2164,M93,4,1440570.33,3e-05,1.0311,1960482.04,1066.86,200.0,signal_enhancement,low,
2165,M93,5,1532121.64,3.6e-05,0.4935,743899.94,1781.32,200.0,signal_enhancement,low,
2166,M93,6,1047582.99,3.9e-05,1.1872,3137715.01,1575.59,200.0,denoising,low,
2167,M93,7,1183319.8,5.1e-05,0.6193,724868.8,1643.62,200.0,signal_enhancement,low,
2168,M93,8,1250703.03,2.4e-05,0.9862,1459476.35,1566.09,200.0,signal_enhancement,low,
2169,M93,9,1869862.05,4.3e-05,0.9815,2472453.6,1693.44,200.0,signal_enhancement,low,
2170,M90,0,2383288.08,1.8e-05,0.4857,744025.96,1268.94,200.0,denoising,low,
2171,M90,1,1338286.91,1.8e-05,1.1525,2634539.89,1926.99,200.0,denoising,low,
2172,M90,2,1671455.32,1e-05,1.5559,2097104.65,1831.86,200.0,signal_enhancement,low,
2173,M90,3,1756160.37,2.3e-05,1.0222,947277.37,1205.2,200.0,signal_enhancement,low,
2174,M90,4,874511.28,2.6e-05,0.8152,3189199.33,1265.78,200.0,signal_enhancement,low,
2175,M90,5,1357427.71,3e-05,0.7665,935054.44,1280.02,200.0,denoising,low,
2176,M90,6,1256774.31,1.4e-05,0.7126,2138542.61,1618.05,200.0,signal_enhancement,low,1.0
2177,M90,7,1427405.82,1.7e-05,1.0124,1664902.85,1815.35,200.0,denoising,low,
2178,M90,8,1590465.25,1.2e-05,1.1065,1436002.84,1160.43,200.0,signal_enhancement,low,
2179,M90,9,902143.64,2.2e-05,0.4482,1627035.49,1039.89,200.0,signal_enhancement,low,
2180,M88,0,1307157.09,1.2e-05,0.1875,1560488.66,1706.3,200.0,signal_enhancement,medium,
2181,M88,1,2504536.14,1.2e-05,0.2485,2309575.18,1267.78,200.0,denoising,medium,
2182,M88,2,1060465.36,1.8e-05,0.3316,3147317.9,1348.97,200.0,signal_enhancement,low,0.0
2183,M88,3,1616426.66,1.1e-05,0.3375,1810516.95,2173.76,200.0,signal_enhancement,low,1.0
2184,M88,4,1376190.97,2.8e-05,0.2599,2849134.11,2147.39,200.0,denoising,low,
2185,M88,5,2227383.45,1.1e-05,0.3558,1982566.23,1367.36,200.0,denoising,low,
2186,M88,6,1545817.78,2e-05,0.234,1830583.61,1626.53,200.0,signal_enhancement,medium,
2187,M88,7,1713743.89,1.5e-05,0.2542,1250467.85,2402.45,200.0,denoising,low,
2188,M88,8,1454604.62,1.6e-05,0.2577,1871157.17,2580.51,200.0,signal_enhancement,low,
2189,M88,9,1223121.85,1.4e-05,0.2365,1927390.05,1944.79,200.0,signal_enhancement,medium,
2190,M88,0,1493462.97,9.9e-05,2.085,2065501.92,1247.91,200.0,denoising,low,
2191,M88,1,1237160.31,0.000154,2.1688,1490644.94,1711.17,200.0,denoising,low,
2192,M88,2,1926929.64,0.000136,1.443,1656260.5,2472.32,200.0,denoising,low,
2193,M88,3,1316466.45,0.00016,0.8704,1401617.23,1778.04,200.0,denoising,low,1.0
2194,M88,4,2501312.78,5.3e-05,1.4221,1284820.2,1683.33,200.0,signal_enhancement,low,
2195,M88,5,432619.87,0.000153,2.6564,1154012.05,1061.61,200.0,signal_enhancement,low,
2196,M88,6,1098007.74,0.00017,2.338,1266976.04,2269.02,200.0,signal_enhancement,low,
2197,M88,7,1878459.49,0.000131,1.6547,1760482.11,945.67,200.0,denoising,low,1.0
2198,M88,8,1907684.2,0.000175,2.2126,1663031.45,1972.48,200.0,signal_enhancement,low,3.0
2199,M88,9,983801.76,0.000111,2.7552,2770833.41,2357.02,200.0,signal_enhancement,low,
2200,M88,0,1333658.67,0.00015,1.8948,1631536.56,2082.44,200.0,signal_enhancement,low,
2201,M88,1,1596639.54,0.000206,1.7375,1119639.74,2598.23,200.0,denoising,low,
2202,M88,2,2408722.04,0.000267,2.6972,1742151.01,2304.46,200.0,signal_enhancement,low,
2203,M88,3,1426172.3,0.000157,2.2978,3207527.23,1576.16,200.0,signal_enhancement,low,
2204,M88,4,689652.74,0.000261,1.7444,2534686.32,1330.97,200.0,denoising,low,
2205,M88,5,1426259.7,0.000177,1.1424,1720725.57,1239.9,200.0,denoising,low,3.0
2206,M88,6,1566468.17,0.000185,0.464,777257.4,1172.17,200.0,denoising,low,
2207,M88,7,1361380.91,0.000224,2.2171,1565018.97,2133.37,200.0,denoising,low,
2208,M88,8,2735062.97,0.000117,2.0912,2504643.84,2792.46,200.0,signal_enhancement,low,
2209,M88,9,1028047.77,0.000228,1.8325,1670410.69,2382.42,200.0,signal_enhancement,low,
2210,M94,0,1176962.03,4.4e-05,2.4926,3019773.47,1140.43,200.0,signal_enhancement,low,
2211,M94,1,1537551.79,4.6e-05,1.4086,2016040.06,1965.14,200.0,signal_enhancement,low,
2212,M94,2,1420961.31,6.5e-05,1.3891,2135404.18,2065.43,200.0,signal_enhancement,low,
2213,M94,3,1909489.37,4.5e-05,1.0487,2272308.32,1895.24,200.0,denoising,low,
2214,M94,4,1077928.17,4.5e-05,1.7953,3129627.45,1808.58,200.0,signal_enhancement,low,
2215,M94,5,1610353.81,4.1e-05,1.6629,1627530.38,1625.3,200.0,signal_enhancement,low,
2216,M94,6,1682549.99,6.7e-05,2.1065,1741254.59,1999.77,200.0,denoising,low,
2217,M94,7,1537262.99,4.2e-05,1.0548,1274751.85,1617.44,200.0,signal_enhancement,low,
2218,M94,8,2115974.66,3.8e-05,2.366,823086.22,2084.87,200.0,denoising,low,
2219,M94,9,1751600.68,4.8e-05,1.1153,2209830.16,1362.81,200.0,signal_enhancement,low,
2220,M93,0,1710364.71,1e-06,0.2828,1829849.7,1166.31,200.0,denoising,low,
2221,M93,1,1744818.16,2e-06,0.3425,2716023.34,1803.14,200.0,signal_enhancement,low,
2222,M93,2,1109011.25,2e-06,0.381,1935562.17,2127.17,200.0,denoising,low,
2223,M93,3,2092408.08,1e-06,0.2701,2028717.88,961.34,200.0,denoising,low,
2224,M93,4,2155702.21,2e-06,0.2023,1073739.51,2289.1,200.0,denoising,medium,
2225,M93,5,1724645.04,1e-06,0.6708,1777836.42,1093.93,200.0,signal_enhancement,low,
2226,M93,6,1316247.31,1e-06,0.3088,1544860.71,1416.81,200.0,denoising,low,
2227,M93,7,2356845.51,0.0,0.1287,2425846.21,1002.62,200.0,denoising,high,
2228,M93,8,1550347.83,1e-06,0.5193,2506035.76,1286.31,200.0,signal_enhancement,low,
2229,M93,9,2184898.35,2e-06,0.4244,2355298.95,2819.95,200.0,signal_enhancement,low,
2230,M88,0,1039657.81,0.0,2.4541,1777505.46,2331.8,200.0,signal_enhancement,low,
2231,M88,1,2039173.96,1e-06,2.0265,3012880.68,834.53,200.0,denoising,low,
2232,M88,2,1319740.96,1e-06,3.0127,1495749.97,1687.87,200.0,denoising,low,
2233,M88,3,2121092.14,2e-06,1.4003,1477720.01,1733.73,200.0,denoising,low,
2234,M88,4,871770.19,1e-06,1.907,1248197.83,1718.97,200.0,denoising,low,
2235,M88,5,1379628.4,1e-06,1.4514,2060727.35,1972.28,200.0,signal_enhancement,low,
2236,M88,6,1487036.89,0.0,1.7321,795358.41,2057.98,200.0,signal_enhancement,low,
2237,M88,7,1053681.97,1e-06,1.672,1436528.51,1573.41,200.0,denoising,low,
2238,M88,8,1279555.9,0.0,1.1813,1074417.0,2373.24,200.0,denoising,low,7.0
2239,M88,9,2556577.03,1e-06,2.421,2366101.0,2020.02,200.0,denoising,low,
2240,M90,0,1416137.7,6.8e-05,2.089,1699312.96,1570.13,200.0,denoising,low,
2241,M90,1,1138664.08,4.9e-05,1.9689,1414680.75,1309.39,200.0,denoising,low,0.0
2242,M90,2,1330657.77,5e-05,1.9186,1955286.25,1449.83,200.0,denoising,low,
2243,M90,3,1531690.12,5.5e-05,1.9321,2717518.97,1113.55,200.0,denoising,low,
2244,M90,4,2176941.45,5.2e-05,3.1075,1327013.48,968.01,200.0,denoising,low,0.0
2245,M90,5,1822294.13,6.7e-05,2.2489,1816766.35,1787.95,200.0,denoising,low,
2246,M90,6,1764088.07,4.1e-05,2.073,1543950.97,2039.59,200.0,signal_enhancement,low,1.0
2247,M90,7,1611367.78,5.3e-05,2.2484,1280351.96,2664.05,200.0,denoising,low,
2248,M90,8,1725613.44,6.6e-05,1.6653,2318314.46,2383.85,200.0,signal_enhancement,low,
2249,M90,9,680598.16,6.2e-05,1.5715,1573732.2,1108.5,200.0,denoising,low,
2250,M94,0,1761028.09,5.9e-05,2.4389,2426750.79,1875.47,200.0,signal_enhancement,low,
2251,M94,1,1130713.76,4.2e-05,2.5707,2349489.94,2265.23,200.0,denoising,low,
2252,M94,2,702795.78,3.3e-05,1.8688,2278281.56,1138.28,200.0,denoising,low,
2253,M94,3,1374597.95,6.1e-05,0.8964,2013665.62,978.89,200.0,denoising,low,
2254,M94,4,1228099.83,3e-05,1.4092,1213988.93,779.36,200.0,signal_enhancement,low,
2255,M94,5,1367115.01,3.6e-05,1.6508,1923683.06,2313.71,200.0,signal_enhancement,low,
2256,M94,6,811130.39,3.3e-05,0.9319,2102817.32,939.85,200.0,signal_enhancement,low,
2257,M94,7,2406544.56,2.5e-05,2.3842,1736724.35,1189.57,200.0,denoising,low,
2258,M94,8,1349067.44,3.7e-05,2.1443,2123542.46,1326.23,200.0,denoising,low,
2259,M94,9,2656541.9,2.5e-05,1.7188,2245453.72,1770.68,200.0,signal_enhancement,low,
2260,M94,0,1717901.9,0.000294,3.0369,2250302.31,2334.6,200.0,signal_enhancement,low,
2261,M94,1,1519256.1,0.000272,2.4472,2166702.8,1939.75,200.0,signal_enhancement,low,
2262,M94,2,1004782.16,0.000379,3.4181,2626636.91,999.1,200.0,denoising,low,
2263,M94,3,1468675.56,0.000228,0.9126,2780345.58,878.18,200.0,denoising,low,
2264,M94,4,1809680.49,0.000322,2.2986,1879559.48,1747.44,200.0,denoising,low,0.0
2265,M94,5,1656704.66,0.000368,2.6149,2270303.53,1685.61,200.0,signal_enhancement,low,
2266,M94,6,1570288.57,0.000109,2.2823,1390029.67,1650.27,200.0,denoising,low,
2267,M94,7,1632655.83,0.000315,0.5676,1234904.2,2354.39,200.0,denoising,low,
2268,M94,8,2727390.61,0.000327,2.3823,3223772.87,1926.74,200.0,denoising,low,
2269,M94,9,1835468.98,0.000263,1.9543,2561702.93,464.74,200.0,denoising,low,
2270,M94,0,1507036.52,0.000438,2.146,1950463.7,1388.41,200.0,signal_enhancement,low,
2271,M94,1,1321985.05,0.000412,1.9951,2096544.71,1331.34,200.0,signal_enhancement,low,
2272,M94,2,1347430.87,0.000306,1.8687,943582.22,1173.14,200.0,signal_enhancement,low,
2273,M94,3,1815550.29,0.000493,2.7516,2036001.38,1128.91,200.0,denoising,low,
2274,M94,4,1246783.88,0.000614,2.313,1120382.21,1316.06,200.0,signal_enhancement,low,
2275,M94,5,1755233.32,0.000496,1.5436,1662357.29,1961.91,200.0,denoising,low,
2276,M94,6,2141077.29,0.000305,2.6566,2939434.61,483.39,200.0,denoising,low,
2277,M94,7,1460014.28,0.000467,0.9221,2350901.56,1749.82,200.0,denoising,low,
2278,M94,8,873276.46,0.000455,2.0265,2459792.66,860.12,200.0,denoising,low,
2279,M94,9,1988418.45,0.000435,3.3886,1243105.54,1503.81,200.0,signal_enhancement,low,
2280,M88,0,1764395.27,0.000188,0.1732,1827221.34,1848.82,200.0,signal_enhancement,medium,
2281,M88,1,1859681.78,0.000169,0.2407,2222217.1,1107.12,200.0,denoising,medium,
2282,M88,2,1058912.44,0.000133,0.2892,1342574.96,2356.56,200.0,signal_enhancement,low,
2283,M88,3,1099521.87,4.8e-05,0.2051,327390.2,870.82,200.0,signal_enhancement,medium,
2284,M88,4,1775385.73,0.000169,0.2138,1354791.03,1167.35,200.0,denoising,medium,
2285,M88,5,1768240.34,0.000162,0.2832,1895739.14,1639.58,200.0,signal_enhancement,low,
2286,M88,6,1613519.19,0.000169,0.3317,2119534.1,1399.02,200.0,denoising,low,
2287,M88,7,1313118.5,0.000277,0.2035,2011729.76,1279.57,200.0,signal_enhancement,medium,
2288,M88,8,1502018.85,0.000155,0.411,2355521.3,1262.6,200.0,denoising,low,
2289,M88,9,1798946.27,0.000166,0.3504,2754380.81,1483.69,200.0,denoising,low,8.0
2290,M88,0,1016097.36,0.000286,1.1178,1565470.98,2327.9,200.0,denoising,low,
2291,M88,1,1648206.4,0.000553,2.3384,2082946.06,1720.9,200.0,signal_enhancement,low,
2292,M88,2,1997340.26,0.000569,2.2887,814529.34,981.8,200.0,denoising,low,
2293,M88,3,1805322.51,0.00054,1.1424,2324819.76,2023.6,200.0,signal_enhancement,low,
2294,M88,4,1559256.34,0.000436,2.3691,2351687.15,1422.19,200.0,signal_enhancement,low,
2295,M88,5,1123814.54,0.000484,3.8143,1714191.22,1833.34,200.0,denoising,low,0.0
2296,M88,6,1322794.31,0.000347,1.82,2550059.07,947.89,200.0,denoising,low,
2297,M88,7,913577.55,0.000199,1.5559,2181679.3,1064.16,200.0,denoising,low,
2298,M88,8,1637121.1,0.000386,1.7725,1734092.23,1579.24,200.0,signal_enhancement,low,
2299,M88,9,786869.81,0.000298,3.8737,727620.71,2074.85,200.0,denoising,low,
2300,M88,0,1293202.57,0.000582,2.7649,1784476.05,1663.29,200.0,signal_enhancement,low,
2301,M88,1,1728474.58,0.000499,1.9086,1238925.01,943.12,200.0,denoising,low,
2302,M88,2,744123.58,0.000473,3.0607,1233941.29,2052.54,200.0,denoising,low,
2303,M88,3,1747650.46,0.000818,3.1352,1699079.45,1440.73,200.0,denoising,low,
2304,M88,4,1594202.24,0.000666,1.803,2469730.01,2041.07,200.0,denoising,low,
2305,M88,5,1922483.37,0.00112,2.4816,1165920.9,1789.83,200.0,signal_enhancement,low,
2306,M88,6,431700.83,0.000421,1.2718,1661650.31,1429.61,200.0,denoising,low,
2307,M88,7,996633.77,0.000123,2.2802,1999615.97,1170.89,200.0,denoising,low,
2308,M88,8,821615.42,0.000558,1.9504,1726013.51,1265.79,200.0,denoising,low,
2309,M88,9,1826289.05,0.000772,2.1482,2076345.8,1211.29,200.0,signal_enhancement,low,
2310,M90,0,858466.01,4e-05,0.9412,2418699.83,1077.99,200.0,denoising,low,
2311,M90,1,1506885.72,5e-05,0.5946,2085054.16,1896.75,200.0,signal_enhancement,low,
2312,M90,2,831893.18,3.7e-05,1.2152,1594356.37,1498.17,200.0,denoising,low,
2313,M90,3,2038054.29,2.8e-05,1.3896,1406822.75,1340.31,200.0,signal_enhancement,low,
2314,M90,4,2379342.01,4.5e-05,1.2934,2612704.01,1963.58,200.0,denoising,low,
2315,M90,5,1577160.74,3.6e-05,0.3286,1633706.78,1293.46,200.0,denoising,low,
2316,M90,6,573713.0,4.6e-05,0.8388,1990698.62,1047.92,200.0,signal_enhancement,low,
2317,M90,7,1601167.5,6e-06,0.7137,1464653.64,1578.51,200.0,denoising,low,
2318,M90,8,929696.01,4.7e-05,0.8411,1503697.1,1193.04,200.0,denoising,low,
2319,M90,9,1628971.92,5e-05,0.6822,2055429.95,1385.18,200.0,signal_enhancement,low,
2320,M93,0,1593517.93,4.2e-05,1.1459,1981821.54,1376.05,200.0,signal_enhancement,low,
2321,M93,1,1675908.44,9.8e-05,0.8824,2135906.07,1853.62,200.0,signal_enhancement,low,
2322,M93,2,1279246.79,7e-05,0.8225,2372963.84,1504.5,200.0,signal_enhancement,low,0.0
2323,M93,3,1030593.07,9.5e-05,0.9151,2052997.54,1146.45,200.0,signal_enhancement,low,
2324,M93,4,1979103.9,0.000115,0.6638,1146853.94,1099.76,200.0,signal_enhancement,low,
2325,M93,5,1777924.49,9.5e-05,0.8009,808842.0,906.9,200.0,signal_enhancement,low,
2326,M93,6,990417.38,7.2e-05,0.68,2511127.98,741.43,200.0,signal_enhancement,low,
2327,M93,7,1597949.61,0.000107,0.7016,1517300.91,1500.92,200.0,denoising,low,
2328,M93,8,1502774.6,0.0001,0.9395,2390822.28,844.39,200.0,denoising,low,
2329,M93,9,1398117.24,0.000116,0.7794,2074317.81,1572.68,200.0,signal_enhancement,low,
2330,M94,0,2408648.09,0.000377,0.7627,1065340.36,1578.11,200.0,signal_enhancement,low,
2331,M94,1,1881280.73,0.000616,1.0642,1649868.22,1160.19,200.0,signal_enhancement,low,
2332,M94,2,2053960.81,0.00032,1.2928,1494469.63,1777.84,200.0,denoising,low,
2333,M94,3,1475232.71,0.000352,1.1259,2192941.09,1372.77,200.0,signal_enhancement,low,
2334,M94,4,1213068.93,0.000332,1.1014,2319373.3,1491.3,200.0,signal_enhancement,low,
2335,M94,5,1895691.06,0.00046,0.6788,2151053.48,1849.29,200.0,signal_enhancement,low,
2336,M94,6,1102973.91,0.000351,1.3138,2030207.0,1611.91,200.0,denoising,low,
2337,M94,7,988439.86,0.00023,1.4593,2043713.9,970.2,200.0,denoising,low,
2338,M94,8,1688082.42,0.000205,0.5492,2140481.52,1130.2,200.0,signal_enhancement,low,
2339,M94,9,1027913.72,0.00035,0.9512,2829752.44,691.4,200.0,denoising,low,
2340,M88,0,1928839.53,2.1e-05,2.204,2789191.12,1497.19,200.0,denoising,low,
2341,M88,1,1301067.92,2.1e-05,1.5466,1630154.77,1975.84,200.0,signal_enhancement,low,
2342,M88,2,1629553.26,1.9e-05,2.3784,1626470.07,2142.44,200.0,signal_enhancement,low,
2343,M88,3,1587666.92,2.4e-05,1.7824,1296785.98,1872.98,200.0,signal_enhancement,low,
2344,M88,4,1189881.65,1.8e-05,2.1982,1873535.39,1872.7,200.0,denoising,low,
2345,M88,5,763868.51,2.6e-05,2.2225,1744838.11,1505.76,200.0,signal_enhancement,low,
2346,M88,6,1192088.22,1.8e-05,2.1927,1977028.4,1954.35,200.0,denoising,low,
2347,M88,7,945718.65,1.7e-05,2.7874,1929144.89,1770.23,200.0,denoising,low,
2348,M88,8,964033.75,2.4e-05,2.9443,1632999.96,1908.67,200.0,signal_enhancement,low,
2349,M88,9,1227539.12,2.2e-05,2.6083,1998619.05,1630.21,200.0,denoising,low,
2350,M94,0,1732235.09,1.1e-05,0.8274,2387222.59,1847.78,200.0,denoising,low,
2351,M94,1,2028250.2,8e-06,0.7032,2550274.64,1442.31,200.0,denoising,low,
2352,M94,2,1608276.74,1e-05,0.6266,2054980.64,1554.03,200.0,signal_enhancement,low,
2353,M94,3,1829020.39,9e-06,0.8262,1895806.57,1096.64,200.0,denoising,low,
2354,M94,4,2123293.89,9e-06,0.8672,2360917.58,2152.71,200.0,denoising,low,
2355,M94,5,1114792.15,6e-06,1.0369,2502284.29,2483.56,200.0,denoising,low,
2356,M94,6,1698433.56,9e-06,0.7438,1927904.66,2664.29,200.0,signal_enhancement,low,0.0
2357,M94,7,1827452.7,1.4e-05,0.7875,2232550.79,1868.07,200.0,denoising,low,
2358,M94,8,1318119.2,9e-06,0.7594,1512432.05,1880.58,200.0,signal_enhancement,low,0.0
2359,M94,9,1496903.67,1.2e-05,0.4347,3197707.23,1103.69,200.0,signal_enhancement,low,
2360,M90,0,2622192.63,0.000182,0.2104,1514699.74,10.0,200.0,signal_enhancement,medium,
2361,M90,1,1468265.13,0.000243,0.1266,2973253.27,2089.51,200.0,signal_enhancement,high,
2362,M90,2,2013884.19,0.000243,0.1377,2207588.98,1607.14,200.0,denoising,high,
2363,M90,3,1474647.0,0.000118,0.1184,2139230.82,1536.88,200.0,signal_enhancement,high,
2364,M90,4,1854255.26,0.000227,0.1285,1614340.75,2196.3,200.0,signal_enhancement,high,
2365,M90,5,1877554.54,0.000174,0.2167,1101968.15,2147.19,200.0,signal_enhancement,medium,3.0
2366,M90,6,2292683.44,0.0003,0.1963,1995343.97,1526.29,200.0,denoising,medium,
2367,M90,7,2258249.03,0.00029,0.0741,1778538.96,1089.51,200.0,denoising,high,
2368,M90,8,1708203.39,0.000222,0.1611,2627717.64,1133.55,200.0,signal_enhancement,medium,
2369,M90,9,1563257.96,0.00043,0.1023,2485013.75,1582.92,200.0,signal_enhancement,high,
2370,M93,0,2110587.04,5.7e-05,0.1324,2147007.83,1766.64,200.0,signal_enhancement,high,
2371,M93,1,1774864.7,9.6e-05,0.1328,1901308.82,1435.61,200.0,denoising,high,
2372,M93,2,1987875.92,7.2e-05,0.2085,1693255.38,2712.06,200.0,denoising,medium,0.0
2373,M93,3,1422486.54,5.5e-05,0.1223,1998490.94,1880.39,200.0,denoising,high,2.0
2374,M93,4,3006336.86,6.7e-05,0.1884,2057950.22,2034.32,200.0,signal_enhancement,medium,
2375,M93,5,1460557.63,7.5e-05,0.0967,1632107.44,2649.73,200.0,denoising,high,
2376,M93,6,1399113.61,0.000116,0.1253,1724761.55,2407.39,200.0,denoising,high,
2377,M93,7,1360502.91,8.3e-05,0.1531,2926647.65,628.67,200.0,signal_enhancement,medium,
2378,M93,8,1786378.79,7e-05,0.1369,2630933.85,1767.29,200.0,denoising,high,
2379,M93,9,1531525.96,9.3e-05,0.1265,1913548.86,1536.37,200.0,signal_enhancement,high,
2380,M93,0,1582360.38,7.6e-05,0.9849,2776402.81,1750.07,200.0,denoising,low,
2381,M93,1,1249406.26,8.3e-05,0.9171,2206901.33,1816.75,200.0,denoising,low,
2382,M93,2,1587066.52,0.0,2.3114,817548.76,1646.8,200.0,denoising,low,
2383,M93,3,1104088.96,4.4e-05,2.4558,2290272.37,1743.68,200.0,signal_enhancement,low,
2384,M93,4,1190463.3,5.8e-05,1.9403,2259051.53,1327.37,200.0,signal_enhancement,low,
2385,M93,5,1326857.59,6.1e-05,1.863,2783460.5,1642.24,200.0,signal_enhancement,low,
2386,M93,6,2180258.34,0.000102,2.0389,1195969.66,1657.67,200.0,denoising,low,
2387,M93,7,1176234.57,6.1e-05,1.9286,2496093.68,1328.86,200.0,signal_enhancement,low,
2388,M93,8,1457832.67,8.4e-05,2.9847,1916374.36,2280.18,200.0,signal_enhancement,low,
2389,M93,9,1213915.74,8.7e-05,1.8418,1649812.84,2012.14,200.0,signal_enhancement,low,
2390,M93,0,1931960.58,3.8e-05,3.0635,3050383.29,1870.42,200.0,denoising,low,
2391,M93,1,992990.12,3.2e-05,1.1634,1945730.33,1039.87,200.0,denoising,low,
2392,M93,2,1888034.76,2.4e-05,2.7001,848169.02,1848.48,200.0,denoising,low,1.0
2393,M93,3,1173715.57,1.1e-05,2.3191,1516293.53,1177.03,200.0,signal_enhancement,low,
2394,M93,4,1691998.68,1.2e-05,0.5885,446544.98,2178.1,200.0,denoising,low,
2395,M93,5,1342015.4,2.5e-05,0.9718,1409951.68,994.88,200.0,signal_enhancement,low,
2396,M93,6,1618666.54,2.6e-05,2.4208,1717482.74,1203.91,200.0,signal_enhancement,low,
2397,M93,7,1558589.5,8e-06,2.1627,2039560.69,1414.22,200.0,denoising,low,
2398,M93,8,2518807.67,5e-05,0.8339,1997163.19,1444.76,200.0,denoising,low,
2399,M93,9,940711.83,2.9e-05,1.8741,1361648.95,1086.88,200.0,denoising,low,
2400,M93,0,1838208.7,8e-06,2.4438,1562086.56,1682.5,200.0,signal_enhancement,low,
2401,M93,1,1757195.36,9e-06,2.2781,1539124.38,3104.14,200.0,signal_enhancement,low,
2402,M93,2,2433870.2,1e-05,1.2396,1860391.13,914.99,200.0,denoising,low,
2403,M93,3,1615772.66,7e-06,2.0905,2341649.13,1081.98,200.0,signal_enhancement,low,1.0
2404,M93,4,1699518.17,2.2e-05,2.4619,816821.75,1392.23,200.0,signal_enhancement,low,3.0
2405,M93,5,1658338.49,1.1e-05,1.7674,2541475.6,1132.95,200.0,signal_enhancement,low,
2406,M93,6,1785307.28,1.5e-05,1.6033,2325443.75,1763.87,200.0,denoising,low,
2407,M93,7,1722220.85,1.8e-05,2.6461,1421847.8,1439.49,200.0,denoising,low,
2408,M93,8,1345162.17,1e-05,2.4458,1750120.08,1154.6,200.0,signal_enhancement,low,
2409,M93,9,1163923.8,1.4e-05,2.3674,2457218.09,2007.32,200.0,denoising,low,
2410,M88,0,1033262.23,2e-05,1.9172,2387906.84,1978.04,200.0,signal_enhancement,low,
2411,M88,1,2420876.3,2.2e-05,1.5992,1718353.27,1848.13,200.0,denoising,low,0.0
2412,M88,2,1437346.95,1.6e-05,2.3852,1916269.63,1384.3,200.0,signal_enhancement,low,
2413,M88,3,890898.92,2.6e-05,2.8893,2279329.41,1602.72,200.0,signal_enhancement,low,
2414,M88,4,1563932.34,3e-05,2.2258,2106809.15,2175.74,200.0,signal_enhancement,low,
2415,M88,5,1375651.58,2.3e-05,2.2478,2043559.57,1336.27,200.0,signal_enhancement,low,
2416,M88,6,1065345.47,1.9e-05,2.3194,2093489.0,2128.9,200.0,signal_enhancement,low,
2417,M88,7,1412322.81,1.9e-05,2.3559,2066276.47,1524.54,200.0,denoising,low,
2418,M88,8,1650956.16,2.8e-05,2.4814,2946828.45,1082.91,200.0,signal_enhancement,low,5.0
2419,M88,9,1343241.37,2.7e-05,1.8648,923188.25,1229.29,200.0,denoising,low,
2420,M88,0,865250.01,1e-06,1.633,2083060.6,1156.64,200.0,signal_enhancement,low,
2421,M88,1,1939798.38,1e-06,2.0889,1064671.0,1594.53,200.0,signal_enhancement,low,
2422,M88,2,1381347.14,2e-06,3.2921,2082530.97,967.16,200.0,signal_enhancement,low,
2423,M88,3,1622067.18,2e-06,2.0784,3079660.58,1291.29,200.0,denoising,low,2.0
2424,M88,4,1496300.12,1e-06,2.4276,1261702.17,1393.95,200.0,denoising,low,
2425,M88,5,2310749.05,3e-06,1.6767,1880215.78,1827.6,200.0,signal_enhancement,low,
2426,M88,6,2088584.57,2e-06,1.7796,1555732.81,1442.54,200.0,signal_enhancement,low,
2427,M88,7,2028283.66,1e-06,2.9197,2520656.35,1621.73,200.0,signal_enhancement,low,
2428,M88,8,1712836.08,3e-06,1.7423,2088847.96,1085.93,200.0,denoising,low,
2429,M88,9,1239398.32,2e-06,1.4356,973795.3,1885.29,200.0,denoising,low,
2430,M88,0,1609753.57,2e-06,1.9714,1248201.01,1129.15,200.0,denoising,low,
2431,M88,1,1112861.16,2e-06,1.1729,1667019.26,1850.51,200.0,denoising,low,0.0
2432,M88,2,1442057.78,3e-06,1.5413,2047224.04,1739.57,200.0,signal_enhancement,low,
2433,M88,3,655046.9,3e-06,2.9403,2799582.61,1334.6,200.0,signal_enhancement,low,
2434,M88,4,1537421.48,4e-06,1.2613,2091707.53,1402.57,200.0,denoising,low,
2435,M88,5,1869590.68,2e-06,2.1645,2190315.33,1216.29,200.0,signal_enhancement,low,2.0
2436,M88,6,2506986.57,3e-06,2.3496,1933426.56,1320.94,200.0,denoising,low,
2437,M88,7,2177545.04,3e-06,1.1545,2922333.14,1227.15,200.0,denoising,low,
2438,M88,8,1639062.93,3e-06,1.9435,2272282.35,1880.52,200.0,signal_enhancement,low,
2439,M88,9,2561153.41,3e-06,1.6729,2362324.63,507.63,200.0,denoising,low,
2440,M94,0,1574294.69,4.4e-05,0.1013,2835004.72,1711.73,200.0,denoising,high,
2441,M94,1,1488216.32,2.6e-05,0.1905,1581577.51,1811.51,200.0,signal_enhancement,medium,
2442,M94,2,2032835.76,5e-05,0.236,1493248.35,1165.52,200.0,denoising,medium,
2443,M94,3,1966176.17,4e-05,0.1373,2057913.35,1497.45,200.0,denoising,high,
2444,M94,4,1678493.09,2.9e-05,0.1897,2966319.32,1472.51,200.0,signal_enhancement,medium,
2445,M94,5,740169.58,4.7e-05,0.1896,2858469.03,1757.51,200.0,denoising,medium,
2446,M94,6,1456770.3,4.3e-05,0.2682,2427799.59,3003.83,200.0,denoising,low,
2447,M94,7,1193478.38,3.5e-05,0.2688,2053498.61,1009.21,200.0,denoising,low,
2448,M94,8,2176027.23,5e-05,0.302,2160993.6,669.15,200.0,signal_enhancement,low,
2449,M94,9,1529338.62,2.8e-05,0.1457,2821884.44,954.17,200.0,signal_enhancement,high,
2450,M90,0,1217126.27,3.1e-05,0.1741,1285678.86,1843.54,200.0,signal_enhancement,medium,
2451,M90,1,1860795.33,3.2e-05,0.0984,2304339.74,2440.72,200.0,denoising,high,
2452,M90,2,1413397.52,5.4e-05,0.2376,2351436.24,1898.46,200.0,signal_enhancement,medium,
2453,M90,3,1136347.91,4.2e-05,0.1658,1644059.01,1788.7,200.0,signal_enhancement,medium,
2454,M90,4,2300585.2,6.4e-05,0.1895,2234179.58,1206.42,200.0,denoising,medium,
2455,M90,5,833269.05,6.4e-05,0.1217,2280449.38,2209.8,200.0,denoising,high,
2456,M90,6,1476497.71,4.8e-05,0.1739,2362709.52,163.38,200.0,denoising,medium,
2457,M90,7,946035.05,2.5e-05,0.2572,992768.96,648.29,200.0,denoising,low,
2458,M90,8,2449963.87,4.5e-05,0.1603,1867934.01,1030.01,200.0,signal_enhancement,medium,
2459,M90,9,918004.88,4.1e-05,0.2011,2248082.38,1239.63,200.0,denoising,medium,
2460,M88,0,1734872.6,6e-06,1.4835,1561844.81,1952.36,200.0,signal_enhancement,low,
2461,M88,1,1808594.66,1.1e-05,2.0681,1461535.38,1868.47,200.0,denoising,low,
2462,M88,2,1001821.97,5e-06,2.0974,2466935.63,1575.07,200.0,signal_enhancement,low,
2463,M88,3,1717790.73,7e-06,1.6021,2731906.38,1384.53,200.0,denoising,low,
2464,M88,4,1747197.9,1e-05,1.5971,1239258.79,1630.12,200.0,signal_enhancement,low,1.0
2465,M88,5,1485624.38,5e-06,2.1756,1908811.75,1979.06,200.0,signal_enhancement,low,
2466,M88,6,2373818.76,5e-06,2.8352,1133615.85,2078.18,200.0,denoising,low,
2467,M88,7,1038749.34,4e-06,0.7894,1923877.82,1261.22,200.0,denoising,low,
2468,M88,8,1620171.29,8e-06,3.1266,2655818.43,1897.65,200.0,denoising,low,
2469,M94,0,1575520.27,1e-06,2.6081,1201287.22,1556.02,200.0,signal_enhancement,low,
2470,M94,1,1390297.26,1e-06,2.0722,2827782.49,696.27,200.0,signal_enhancement,low,
2471,M94,2,1755389.14,1e-06,0.8882,1038486.04,2271.09,200.0,signal_enhancement,low,
2472,M94,3,2156125.2,1e-06,3.0024,1795218.18,1683.17,200.0,signal_enhancement,low,
2473,M94,4,1509901.82,1e-06,1.5452,1576099.49,884.67,200.0,denoising,low,2.0
2474,M94,5,1091759.18,1e-06,2.1721,1006002.8,846.4,200.0,signal_enhancement,low,
2475,M94,6,1121615.52,1e-06,2.1377,1674280.6,1831.08,200.0,denoising,low,
2476,M94,7,2042115.15,1e-06,2.7434,1289016.91,2120.84,200.0,denoising,low,
2477,M94,8,1960976.5,1e-06,2.5037,2723605.09,2284.35,200.0,denoising,low,1.0
2478,M90,0,712653.99,5.1e-05,0.1826,2210568.64,1467.35,200.0,signal_enhancement,medium,
2479,M90,1,947902.65,9e-05,0.1865,1921970.82,1197.92,200.0,denoising,medium,
2480,M90,2,1511603.76,0.0001,0.1338,1287712.1,1352.35,200.0,denoising,high,
2481,M90,3,1366660.94,0.000118,0.1786,2057096.19,1220.25,200.0,signal_enhancement,medium,
2482,M90,4,1755460.28,0.000102,0.1748,1523012.96,545.05,200.0,denoising,medium,
2483,M90,5,1641252.87,0.000134,0.2214,2254853.97,1787.3,200.0,signal_enhancement,medium,
2484,M90,6,750435.07,8.3e-05,0.0779,2186456.39,1824.78,200.0,signal_enhancement,high,
2485,M90,7,921269.26,0.000143,0.1681,1928821.51,1152.49,200.0,signal_enhancement,medium,
2486,M90,8,1246420.95,9.3e-05,0.0576,1290721.8,1740.48,200.0,signal_enhancement,high,
2487,M93,0,2196656.78,7e-06,0.1394,1085382.83,1377.03,200.0,denoising,high,
2488,M93,1,1242875.73,5e-06,0.147,1989567.99,1106.3,200.0,denoising,high,
2489,M93,2,825681.74,5e-06,0.1469,667162.52,1188.13,200.0,denoising,high,
2490,M93,3,1161068.72,6e-06,0.1342,1841226.8,1232.29,200.0,signal_enhancement,high,1.0
2491,M93,4,1720442.51,4e-06,0.1629,1734685.47,381.25,200.0,denoising,medium,
2492,M93,5,1893335.72,4e-06,0.164,2450936.1,1558.51,200.0,denoising,medium,4.0
2493,M93,6,1659446.46,4e-06,0.1985,1895288.07,1381.72,200.0,signal_enhancement,medium,
2494,M93,7,2142080.61,5e-06,0.1769,3054777.66,1009.19,200.0,denoising,medium,
2495,M93,8,1928537.01,7e-06,0.165,2070651.86,1743.75,200.0,signal_enhancement,medium,
2496,M93,0,1593173.92,1e-06,3.2703,1916421.42,1252.45,200.0,signal_enhancement,low,
2497,M93,1,530135.28,3e-06,2.5475,2004449.51,2438.82,200.0,denoising,low,
2498,M93,2,940977.07,3e-06,2.9322,1901829.5,1754.99,200.0,denoising,low,
2499,M93,3,969884.42,2e-06,2.3425,2049066.92,1375.22,200.0,denoising,low,
2500,M93,4,1972361.84,2e-06,3.2473,2791240.55,1838.18,200.0,signal_enhancement,low,
2501,M93,5,1940502.96,3e-06,3.0167,2544820.71,1933.74,200.0,signal_enhancement,low,
2502,M93,6,3025165.53,3e-06,1.7924,1228144.99,1052.7,200.0,signal_enhancement,low,0.0
2503,M93,7,578323.39,2e-06,1.6495,1320807.98,1538.09,200.0,signal_enhancement,low,
2504,M93,8,1738285.86,2e-06,2.0531,2444105.93,749.03,200.0,signal_enhancement,low,
2505,M93,0,1385685.94,8e-06,2.278,1551917.42,1501.96,200.0,signal_enhancement,low,
2506,M93,1,1277287.17,5e-06,2.2835,844660.77,1447.44,200.0,signal_enhancement,low,
2507,M93,2,457022.46,8e-06,2.6687,1999838.09,1556.21,200.0,signal_enhancement,low,
2508,M93,3,1010432.21,1.2e-05,3.1337,999869.84,1209.72,200.0,denoising,low,
2509,M93,4,1481713.8,4e-06,1.9684,1687068.51,1487.4,200.0,signal_enhancement,low,
2510,M93,5,1383654.8,6e-06,2.2492,2212050.55,1471.98,200.0,signal_enhancement,low,1.0
2511,M93,6,1110229.08,1.3e-05,1.5743,2476264.26,956.31,200.0,signal_enhancement,low,
2512,M93,7,1796047.86,8e-06,2.0161,2402391.82,920.88,200.0,denoising,low,
2513,M93,8,1337672.81,1e-05,2.2618,2508019.94,1340.7,200.0,denoising,low,4.0
2514,M93,0,1910541.14,4.7e-05,1.4878,2383158.84,1761.92,200.0,denoising,low,
2515,M93,1,2044221.0,3.6e-05,3.6363,1207346.88,1642.89,200.0,signal_enhancement,low,
2516,M93,2,1771910.69,4.6e-05,1.9529,1056910.34,2489.32,200.0,denoising,low,
2517,M93,3,1911040.06,3.2e-05,4.186,1448756.99,1589.25,200.0,signal_enhancement,low,2.0
2518,M93,4,1384516.18,4e-05,2.2328,2950707.43,2041.78,200.0,denoising,low,
2519,M93,5,2308883.98,4.9e-05,2.6875,2025289.2,1553.64,200.0,signal_enhancement,low,
2520,M93,6,1650538.53,5e-05,4.0339,912966.77,2116.9,200.0,denoising,low,
2521,M93,7,1918533.94,6.6e-05,3.2575,1349443.56,1909.97,200.0,signal_enhancement,low,
2522,M93,8,1579852.96,4.7e-05,2.4323,1529210.11,1413.96,200.0,signal_enhancement,low,
2523,M90,0,1127957.84,2.3e-05,0.3941,2216224.41,1558.37,200.0,denoising,low,
2524,M90,1,1512819.58,1.9e-05,0.3717,1217394.19,1273.9,200.0,denoising,low,
2525,M90,2,1068257.33,1.2e-05,0.2429,2286405.62,1433.84,200.0,denoising,medium,
2526,M90,3,914687.77,3.4e-05,0.236,3037123.02,1082.84,200.0,signal_enhancement,medium,
2527,M90,4,1907850.51,1.8e-05,0.3943,2980790.17,1629.96,200.0,denoising,low,
2528,M90,5,1104386.27,1.3e-05,0.505,2102813.87,1246.6,200.0,denoising,low,
2529,M90,6,1181751.32,2.4e-05,0.2869,974943.95,2222.66,200.0,signal_enhancement,low,
2530,M90,7,2021299.62,1.3e-05,0.3674,1850622.7,865.71,200.0,signal_enhancement,low,
2531,M90,8,2342642.42,2e-05,0.3092,2812932.24,1453.89,200.0,signal_enhancement,low,
2532,M88,0,2066338.13,2.6e-05,0.4768,2414810.3,1307.19,200.0,denoising,low,
2533,M88,1,1099725.57,3.9e-05,0.4943,1608096.1,2087.99,200.0,denoising,low,
2534,M88,2,1821410.88,1.9e-05,0.2076,2878913.19,2149.98,200.0,signal_enhancement,medium,
2535,M88,3,1025938.54,4.5e-05,0.1992,1855797.78,2967.91,200.0,denoising,medium,
2536,M88,4,2366263.59,4.4e-05,0.3827,2781162.03,2525.88,200.0,signal_enhancement,low,
2537,M88,5,771016.66,3.1e-05,0.462,2480542.64,1259.74,200.0,signal_enhancement,low,
2538,M88,6,1322514.07,4.4e-05,0.5479,798171.21,1500.77,200.0,signal_enhancement,low,
2539,M88,7,673819.74,2.8e-05,0.3841,1743372.89,1360.74,200.0,denoising,low,
2540,M88,8,878813.56,2.7e-05,0.304,1512119.87,2118.53,200.0,denoising,low,
2541,M94,0,1865431.38,3.6e-05,0.0417,1581834.59,1328.32,200.0,denoising,high,
2542,M94,1,2542744.24,2.1e-05,0.0424,1549156.36,939.48,200.0,denoising,high,
2543,M94,2,853490.63,3.2e-05,0.0811,2001735.28,2262.46,200.0,denoising,high,
2544,M94,3,1283750.56,4.2e-05,0.0425,1667762.17,2897.67,200.0,signal_enhancement,high,
2545,M94,4,1525326.55,3.4e-05,0.0407,2829342.93,1135.36,200.0,denoising,high,
2546,M94,5,1611967.76,2.8e-05,0.0261,1649323.7,1805.29,200.0,signal_enhancement,high,1.0
2547,M94,6,1779526.79,3.8e-05,0.0413,2917347.54,2058.62,200.0,signal_enhancement,high,5.0
2548,M94,7,1663030.16,2.8e-05,0.0442,2100023.05,1550.04,200.0,signal_enhancement,high,
2549,M94,8,2119899.94,4.3e-05,0.0628,1514053.55,1688.19,200.0,denoising,high,2.0
2550,M94,0,1069349.55,6.1e-05,2.1038,1862000.14,1551.75,200.0,signal_enhancement,low,
2551,M94,1,1376196.32,5.6e-05,2.9446,1521411.39,1835.25,200.0,denoising,low,
2552,M94,2,1014169.2,3e-05,2.2758,2673767.55,735.46,200.0,denoising,low,
2553,M94,3,1303741.14,5.6e-05,1.9232,2713986.24,1941.54,200.0,signal_enhancement,low,
2554,M94,4,2214162.03,6.2e-05,1.447,1862162.79,1227.93,200.0,signal_enhancement,low,
2555,M94,5,2693900.41,3.9e-05,3.3784,2875246.84,1952.85,200.0,denoising,low,
2556,M94,6,1602909.34,4.3e-05,1.1758,1223446.36,861.76,200.0,denoising,low,5.0
2557,M94,7,2426800.57,9.8e-05,1.9473,1130650.1,963.28,200.0,denoising,low,3.0
2558,M94,8,2182799.42,6.5e-05,2.4319,1576879.59,1437.87,200.0,signal_enhancement,low,
2559,M94,0,1230935.56,1.8e-05,1.9412,1801446.28,1320.86,200.0,denoising,low,
2560,M94,1,783631.73,7e-06,3.6543,2567159.58,2405.49,200.0,denoising,low,
2561,M94,2,2094317.43,4e-06,2.6121,2034233.11,2170.74,200.0,signal_enhancement,low,
2562,M94,3,1169278.94,7e-06,2.3987,1541467.97,2220.1,200.0,signal_enhancement,low,
2563,M94,4,1926088.18,1.3e-05,1.0964,2486843.48,898.06,200.0,signal_enhancement,low,3.0
2564,M94,5,1034124.95,1.4e-05,3.2459,2278140.76,1127.17,200.0,denoising,low,
2565,M94,6,506973.59,9e-06,2.1095,2285324.58,1825.61,200.0,signal_enhancement,low,
2566,M94,7,1427426.44,1.1e-05,3.4015,926370.92,1610.52,200.0,signal_enhancement,low,
2567,M94,8,1288196.12,9e-06,2.0691,1748793.01,1811.69,200.0,denoising,low,
2568,M93,0,1594355.07,3.8e-05,1.3745,2137106.63,1973.95,200.0,signal_enhancement,low,
2569,M93,1,1902826.93,0.000101,2.3398,1245236.98,1912.73,200.0,denoising,low,
2570,M93,2,1885625.57,8.6e-05,3.3187,2222014.61,638.07,200.0,signal_enhancement,low,
2571,M93,3,1707355.24,6.3e-05,3.5363,1516090.13,1063.92,200.0,signal_enhancement,low,
2572,M93,4,1087070.63,7.8e-05,1.5395,1600434.4,1026.8,200.0,denoising,low,
2573,M93,5,1268017.68,6.7e-05,1.0444,2122399.36,2255.57,200.0,denoising,low,
2574,M93,6,1058105.83,6.5e-05,2.791,1372693.95,1284.77,200.0,signal_enhancement,low,
2575,M93,7,1321066.97,3.8e-05,2.4584,2820136.3,1894.84,200.0,denoising,low,
2576,M93,8,983869.88,8.6e-05,2.9921,1543458.37,1915.02,200.0,denoising,low,
2577,M93,0,1645432.55,0.000117,2.171,2791054.42,1363.96,200.0,denoising,low,
2578,M93,1,1156823.97,9e-05,1.5803,3130199.49,1834.22,200.0,signal_enhancement,low,
2579,M93,2,2109416.68,0.000153,2.7126,2674963.21,1426.53,200.0,denoising,low,
2580,M93,3,1153553.87,0.000102,1.5469,1654663.18,1708.61,200.0,denoising,low,
2581,M93,4,1575991.46,8.8e-05,2.5278,2031875.91,936.18,200.0,denoising,low,
2582,M93,5,1827376.49,0.000131,1.9215,2040987.9,1204.4,200.0,signal_enhancement,low,
2583,M93,6,912699.35,8.8e-05,1.586,1979156.44,1648.96,200.0,denoising,low,
2584,M93,7,1373235.1,0.000165,2.4279,1209269.56,863.11,200.0,denoising,low,
2585,M93,8,1056760.23,6.3e-05,1.8203,1797280.0,1682.27,200.0,signal_enhancement,low,
2586,M93,0,1937860.65,7.8e-05,1.3726,1498150.4,1598.08,200.0,denoising,low,
2587,M93,1,1133420.27,9.9e-05,1.6624,1560789.08,2200.89,200.0,signal_enhancement,low,
2588,M93,2,1244479.87,6.6e-05,0.3636,1329582.68,1953.68,200.0,denoising,low,1.0
2589,M93,3,1013988.1,8.6e-05,1.2733,2645292.21,1235.04,200.0,signal_enhancement,low,
2590,M93,4,1418253.34,4.8e-05,1.0186,2162318.38,1191.5,200.0,denoising,low,
2591,M93,5,1348910.1,6.5e-05,1.6541,1538413.79,1724.47,200.0,signal_enhancement,low,3.0
2592,M93,6,1689417.99,6.4e-05,1.0687,2305262.83,1037.41,200.0,signal_enhancement,low,
2593,M93,7,1522398.09,4.1e-05,1.0086,2317294.64,1196.55,200.0,signal_enhancement,low,
2594,M93,8,1822864.37,9.2e-05,0.7787,2010098.02,1977.54,200.0,signal_enhancement,low,
2595,M94,0,1073656.25,3e-06,3.2947,2220000.58,820.75,200.0,signal_enhancement,low,
2596,M94,1,1571780.56,4e-06,2.5175,886708.92,1220.74,200.0,denoising,low,
2597,M94,2,1852997.07,5e-06,2.6312,1952429.43,1586.04,200.0,signal_enhancement,low,
2598,M94,3,1696905.92,3e-06,1.281,2233241.04,681.78,200.0,denoising,low,
2599,M94,4,1920916.62,4e-06,2.6425,2281016.52,1405.32,200.0,signal_enhancement,low,
2600,M94,5,1161339.04,6e-06,2.4369,1528002.35,1781.73,200.0,denoising,low,4.0
2601,M94,6,2492056.66,5e-06,1.1324,1900023.96,1236.71,200.0,signal_enhancement,low,2.0
2602,M94,7,2111713.75,4e-06,2.2107,1759111.78,2063.95,200.0,signal_enhancement,low,
2603,M94,8,1322513.66,5e-06,2.1568,1062193.37,1445.95,200.0,denoising,low,
2604,M88,0,1331183.94,4.1e-05,0.0305,2624950.18,1061.74,200.0,denoising,high,
2605,M88,1,1951788.98,5.3e-05,0.0518,993529.55,1501.26,200.0,denoising,high,
2606,M88,2,1730346.78,4.4e-05,0.079,2061835.55,1613.14,200.0,signal_enhancement,high,
2607,M88,3,2017602.83,4.1e-05,0.0938,1834921.96,1128.87,200.0,signal_enhancement,high,
2608,M88,4,1977906.95,2.5e-05,0.094,682317.96,1469.55,200.0,signal_enhancement,high,
2609,M88,5,1520714.13,3.5e-05,0.0497,524939.65,816.45,200.0,signal_enhancement,high,
2610,M88,6,1587500.76,4.2e-05,0.0563,1630959.48,1177.44,200.0,denoising,high,
2611,M88,7,1739583.1,3.4e-05,0.0621,1372962.19,639.82,200.0,denoising,high,
2612,M88,8,923251.8,5.1e-05,0.061,1404770.82,1685.18,200.0,signal_enhancement,high,
2613,M90,0,2294834.8,4.2e-05,2.0115,2131219.11,1762.02,200.0,denoising,low,
2614,M90,1,1463412.09,5.1e-05,2.2347,1369583.47,1975.28,200.0,signal_enhancement,low,
2615,M90,2,1756219.64,5.6e-05,2.2828,2382743.86,747.71,200.0,signal_enhancement,low,
2616,M90,3,1183947.35,5.7e-05,2.2716,1220156.48,1015.68,200.0,signal_enhancement,low,
2617,M90,4,506082.18,6.2e-05,2.7643,1796472.17,1793.81,200.0,denoising,low,2.0
2618,M90,5,1204045.11,5.2e-05,3.4165,1795865.5,1752.87,200.0,signal_enhancement,low,
2619,M90,6,1157239.29,4.6e-05,0.9418,1914825.67,1952.0,200.0,signal_enhancement,low,
2620,M90,7,1431390.48,4.8e-05,1.5245,1832246.49,414.65,200.0,denoising,low,
2621,M90,8,1220174.56,5.5e-05,0.8921,2315318.17,1460.16,200.0,denoising,low,
2622,M94,0,1568466.02,4.4e-05,0.8076,2096608.27,1707.84,200.0,denoising,low,
2623,M94,1,1048540.42,1.9e-05,0.9223,1333184.65,1334.22,200.0,denoising,low,0.0
2624,M94,2,2999423.95,7.4e-05,0.3246,2050109.72,2363.46,200.0,signal_enhancement,low,
2625,M94,3,2710924.52,5.2e-05,1.2146,2109574.81,1491.82,200.0,denoising,low,
2626,M94,4,1445643.77,6e-05,0.8233,2795343.42,1298.1,200.0,signal_enhancement,low,
2627,M94,5,1257340.31,4.2e-05,1.1826,2639358.35,1671.44,200.0,denoising,low,
2628,M94,6,1403254.27,5.9e-05,1.1137,2002910.63,2178.32,200.0,signal_enhancement,low,
2629,M94,7,1006484.52,6.9e-05,0.7033,2434657.09,2322.15,200.0,signal_enhancement,low,
2630,M94,8,1201663.89,8.2e-05,1.0689,2939678.07,1911.37,200.0,denoising,low,
2631,M94,0,2125045.22,0.000775,2.6339,2857858.58,1080.44,200.0,signal_enhancement,low,
2632,M94,1,1472859.97,0.000285,2.7305,2852592.43,1879.86,200.0,denoising,low,
2633,M94,2,1427216.69,0.00068,2.3606,3016795.56,1098.37,200.0,denoising,low,
2634,M94,3,1616455.35,0.000751,0.7982,1802493.32,1586.88,200.0,denoising,low,
2635,M94,4,1486421.36,0.000584,2.8261,1926317.95,1496.2,200.0,signal_enhancement,low,
2636,M94,5,1473875.73,0.000776,0.9666,2215685.64,1425.76,200.0,denoising,low,
2637,M94,6,1278503.58,0.00059,1.8028,1528785.59,570.64,200.0,denoising,low,
2638,M94,7,1536816.61,0.000832,1.5505,2601851.8,1540.43,200.0,signal_enhancement,low,
2639,M94,8,1935161.67,0.000569,1.1319,1731755.86,1838.2,200.0,signal_enhancement,low,
2640,M94,0,1645009.7,0.000186,2.516,1491053.02,1977.38,200.0,denoising,low,
2641,M94,1,1555381.37,0.000202,1.3823,1206934.64,1482.59,200.0,signal_enhancement,low,
2642,M94,2,1768238.26,0.000101,1.4003,1377514.52,2207.37,200.0,signal_enhancement,low,
2643,M94,3,1637160.12,0.000245,0.9713,1360612.56,1363.6,200.0,signal_enhancement,low,
2644,M94,4,1351899.1,0.000298,0.7878,2721245.63,1920.31,200.0,denoising,low,
2645,M94,5,1193379.98,9.6e-05,2.4499,1648763.19,1530.08,200.0,denoising,low,
2646,M94,6,2678051.3,0.000151,0.9366,3276098.05,1046.71,200.0,signal_enhancement,low,
2647,M94,7,2807893.67,0.000181,2.005,1789012.87,1391.46,200.0,signal_enhancement,low,
2648,M94,8,2278520.71,0.00022,1.3106,1936028.28,2152.64,200.0,signal_enhancement,low,
2649,M88,0,1873796.73,2.8e-05,0.8485,1475591.86,947.34,200.0,signal_enhancement,low,
2650,M88,1,1306352.98,2.3e-05,1.3388,1850973.12,2050.93,200.0,signal_enhancement,low,
2651,M88,2,1610017.69,3.6e-05,0.9809,2212388.46,1570.86,200.0,signal_enhancement,low,
2652,M88,3,2000823.18,3.3e-05,0.9228,2166691.52,1735.7,200.0,denoising,low,
2653,M88,4,2210171.12,4.8e-05,0.9644,1561018.53,1530.35,200.0,denoising,low,2.0
2654,M88,5,1392669.1,2.3e-05,1.0205,2336943.52,1622.47,200.0,denoising,low,
2655,M88,6,476099.4,3.3e-05,1.0384,2298395.66,1887.75,200.0,denoising,low,
2656,M88,7,1461076.31,2.9e-05,1.2208,2081233.75,1399.19,200.0,signal_enhancement,low,0.0
2657,M88,8,2482394.26,4.3e-05,1.6252,2336021.67,2404.21,200.0,signal_enhancement,low,
2658,M90,0,2194985.17,2.7e-05,0.1207,1990172.67,1856.59,200.0,denoising,high,
2659,M90,1,2084527.92,4.1e-05,0.1889,2634210.77,2179.16,200.0,signal_enhancement,medium,
2660,M90,2,2064537.56,3.8e-05,0.1836,1607982.75,1828.54,200.0,signal_enhancement,medium,
2661,M90,3,1974916.61,5.2e-05,0.2443,2638528.69,726.55,200.0,signal_enhancement,medium,
2662,M90,4,1505748.15,2.2e-05,0.2618,2042717.95,935.98,200.0,denoising,low,
2663,M90,5,1194103.16,4.2e-05,0.2614,2127275.38,522.0,200.0,signal_enhancement,low,
2664,M90,6,1495452.88,5.3e-05,0.1748,1446986.61,2584.31,200.0,denoising,medium,
2665,M90,7,1507001.19,2.9e-05,0.2039,3225646.98,2096.82,200.0,signal_enhancement,medium,
2666,M90,8,1518143.62,2.2e-05,0.2009,2615159.91,2176.41,200.0,denoising,medium,
2667,M93,0,1395209.2,2.6e-05,1.1878,3096749.63,1348.89,200.0,denoising,low,
2668,M93,1,2150383.46,5e-06,1.7513,2548085.79,1798.67,200.0,denoising,low,
2669,M93,2,2588770.08,2.5e-05,2.1645,1589755.88,2052.46,200.0,denoising,low,
2670,M93,3,1864426.26,3.1e-05,1.2211,2174726.44,1332.29,200.0,signal_enhancement,low,
2671,M93,4,1583941.33,0.0,2.4504,966950.96,1737.91,200.0,denoising,low,
2672,M93,5,1691596.45,1.1e-05,1.9099,1126959.7,2300.82,200.0,denoising,low,
2673,M93,6,1796711.63,1.6e-05,3.3789,1594316.32,1402.07,200.0,signal_enhancement,low,
2674,M93,7,532794.27,2.2e-05,1.2352,2687694.3,1684.52,200.0,denoising,low,
2675,M93,8,2457495.3,1.7e-05,2.9994,3355708.14,1603.66,200.0,signal_enhancement,low,
2676,M88,0,2097549.46,7.2e-05,2.9974,2584412.49,2063.89,200.0,denoising,low,
2677,M88,1,884474.38,5.6e-05,1.3659,1899585.65,1527.49,200.0,denoising,low,
2678,M88,2,1324756.22,9e-05,1.5395,674006.22,1647.05,200.0,signal_enhancement,low,
2679,M88,3,1184734.47,2.5e-05,1.7725,1562294.84,1314.75,200.0,denoising,low,
2680,M88,4,1094638.38,0.000109,2.3017,1622731.63,2289.81,200.0,signal_enhancement,low,
2681,M88,5,1765022.93,7e-05,2.1852,1945616.52,1942.37,200.0,denoising,low,
2682,M88,6,1761010.53,6.8e-05,2.0163,1318566.62,1832.0,200.0,signal_enhancement,low,
2683,M88,7,2230603.77,7.5e-05,2.3363,2586455.33,1211.55,200.0,denoising,low,
2684,M88,8,1230649.76,6.9e-05,1.2136,1729419.79,1583.17,200.0,signal_enhancement,low,
2685,M88,0,2195692.84,9.8e-05,1.7844,3062317.75,1724.44,200.0,denoising,low,
2686,M88,1,1857083.0,0.000166,1.5849,2787095.36,1734.1,200.0,signal_enhancement,low,0.0
2687,M88,2,2707315.75,0.000105,1.8429,2052688.68,1829.34,200.0,denoising,low,
2688,M88,3,2291408.33,0.000122,1.8822,1567806.06,1796.41,200.0,signal_enhancement,low,1.0
2689,M88,4,1313322.38,8.8e-05,0.6114,1442610.77,1909.44,200.0,signal_enhancement,low,2.0
2690,M88,5,1376643.03,9.8e-05,1.9254,2357108.05,1804.22,200.0,signal_enhancement,low,2.0
2691,M88,6,2702470.66,0.000152,1.3154,2111092.1,1614.07,200.0,signal_enhancement,low,
2692,M88,7,1624758.68,6.6e-05,1.0845,1710917.37,1854.02,200.0,denoising,low,
2693,M88,8,1322397.39,8.1e-05,2.2005,1300729.65,1539.78,200.0,signal_enhancement,low,
2694,M88,0,1262945.92,7.9e-05,0.9238,2191317.66,1788.29,200.0,signal_enhancement,low,
2695,M88,1,2311706.59,0.000155,1.508,1876497.04,1846.45,200.0,signal_enhancement,low,
2696,M88,2,1635924.03,0.000106,0.8741,989726.66,1251.68,200.0,denoising,low,0.0
2697,M88,3,2024049.01,0.000115,1.3488,1395355.48,2597.04,200.0,denoising,low,
2698,M88,4,2244009.97,4.6e-05,1.06,2246208.15,1422.36,200.0,signal_enhancement,low,
2699,M88,5,2002982.44,8.4e-05,1.0726,2160764.82,2492.39,200.0,denoising,low,
2700,M88,6,1902172.51,5.7e-05,1.1268,1560814.98,2101.32,200.0,denoising,low,
2701,M88,7,1939599.44,0.000105,1.1327,940073.52,1445.97,200.0,denoising,low,
2702,M88,8,1850848.4,0.000111,0.5214,2340553.11,1968.69,200.0,signal_enhancement,low,
2703,M90,0,2106018.07,8e-06,1.4547,2355903.45,1909.0,200.0,signal_enhancement,low,
2704,M90,1,1786189.44,4e-06,0.97,2218136.41,1421.62,200.0,signal_enhancement,low,
2705,M90,2,2000347.66,6e-06,1.4594,1916614.85,2378.58,200.0,denoising,low,
2706,M90,3,1315804.42,8e-06,1.2847,2093903.39,1314.94,200.0,signal_enhancement,low,1.0
2707,M90,4,1268266.35,3e-06,1.145,1936153.67,2518.14,200.0,denoising,low,
2708,M90,5,1809897.25,3e-06,0.8999,2211145.78,1452.4,200.0,signal_enhancement,low,
2709,M90,6,1346845.43,9e-06,0.8323,2473622.56,1706.38,200.0,denoising,low,
2710,M90,7,1171744.96,9e-06,1.562,1659689.3,1732.23,200.0,denoising,low,
2711,M90,8,1525185.84,1.1e-05,1.5392,2025746.75,1632.17,200.0,signal_enhancement,low,
2712,M93,0,1502342.85,1.2e-05,1.5563,1962341.45,1915.74,200.0,signal_enhancement,low,
2713,M93,1,1193665.93,2.6e-05,0.9581,2371072.54,1874.86,200.0,denoising,low,
2714,M93,2,1403621.01,2.3e-05,1.3611,2000294.49,1448.34,200.0,signal_enhancement,low,
2715,M93,3,1996657.13,3e-05,2.3385,1471526.1,2358.51,200.0,denoising,low,
2716,M93,4,1113087.71,6e-06,2.3776,1514829.47,1714.7,200.0,signal_enhancement,low,3.0
2717,M93,5,1276879.87,1.5e-05,1.9019,1792175.38,2410.52,200.0,signal_enhancement,low,
2718,M93,6,2057714.45,1e-05,2.1436,1064762.04,1185.86,200.0,denoising,low,0.0
2719,M93,7,1925189.98,1.1e-05,0.851,1924085.33,1777.49,200.0,denoising,low,
2720,M93,8,1437037.38,3.1e-05,2.1229,3816742.56,2187.55,200.0,signal_enhancement,low,
2721,M94,0,2135963.88,2.6e-05,0.9525,1403447.57,1640.89,200.0,signal_enhancement,low,
2722,M94,1,1706949.82,3.5e-05,0.8204,1710083.13,2424.32,200.0,signal_enhancement,low,
2723,M94,2,2352311.29,2.3e-05,1.0978,1895751.49,1588.94,200.0,signal_enhancement,low,
2724,M94,3,540603.44,2.2e-05,1.2601,1720470.23,2049.35,200.0,denoising,low,
2725,M94,4,2184794.14,4.1e-05,1.0254,1359715.06,1893.67,200.0,signal_enhancement,low,2.0
2726,M94,5,1558117.85,3.3e-05,1.4413,1675283.86,1150.88,200.0,signal_enhancement,low,
2727,M94,6,962747.19,3.6e-05,1.0031,1016744.36,914.06,200.0,signal_enhancement,low,
2728,M94,7,1874017.15,3e-05,1.6656,2269820.71,1218.13,200.0,denoising,low,
2729,M94,8,1915446.6,2.9e-05,0.7351,2684564.63,2204.38,200.0,signal_enhancement,low,
2730,M94,0,3906920.71,1.6e-05,0.4268,2645399.37,4129.25,200.0,signal_enhancement,low,
2731,M94,1,4861146.23,2.3e-05,0.6549,4175657.76,2306.18,200.0,denoising,low,
2732,M94,2,2683954.94,1.4e-05,0.731,4960498.64,4042.21,200.0,signal_enhancement,low,
2733,M94,3,4444887.14,7e-06,0.5235,2281297.83,4344.84,200.0,signal_enhancement,low,0.0
2734,M94,4,3324992.99,1.7e-05,0.5804,5087375.9,3777.37,200.0,denoising,low,
2735,M94,5,1200125.14,1.3e-05,0.326,6421977.83,6121.46,200.0,denoising,low,
2736,M94,6,5010800.56,1.5e-05,0.5343,4416891.9,2982.17,200.0,denoising,low,
2737,M94,7,2629464.32,1.4e-05,0.7303,2396860.91,4618.42,200.0,signal_enhancement,low,
2738,M94,8,4409985.54,9e-06,0.6057,4369644.6,1832.23,200.0,signal_enhancement,low,
2739,M90,0,3402510.23,1.2e-05,1.5579,6372182.83,2552.71,200.0,signal_enhancement,low,
2740,M90,1,3451750.83,7e-06,0.6798,5724214.0,5218.5,200.0,signal_enhancement,low,
2741,M90,2,3749172.27,1.3e-05,1.2987,5496014.57,5333.78,200.0,signal_enhancement,low,
2742,M90,3,4431925.41,7e-06,1.0883,2825673.9,5052.09,200.0,signal_enhancement,low,
2743,M90,4,2671528.28,7e-06,1.5321,7835466.17,4727.97,200.0,signal_enhancement,low,
2744,M90,5,5886706.04,1e-05,1.4738,7230036.72,3705.83,200.0,signal_enhancement,low,
2745,M90,6,5725563.52,1.2e-05,1.7941,4394789.91,4782.53,200.0,signal_enhancement,low,
2746,M90,7,4118342.88,1.6e-05,1.7108,5508412.89,4627.55,200.0,signal_enhancement,low,
2747,M90,8,4974879.99,1.3e-05,1.564,3526575.78,3036.31,200.0,denoising,low,
2748,M90,0,5865955.55,3e-06,0.7977,5085839.5,2832.68,200.0,denoising,low,
2749,M90,1,3465446.94,4e-06,0.8197,3443252.31,1602.85,200.0,denoising,low,
2750,M90,2,5203219.92,3e-06,0.7578,5034342.02,3123.12,200.0,signal_enhancement,low,
2751,M90,3,3359882.32,3e-06,0.9614,5083148.92,4249.66,200.0,signal_enhancement,low,
2752,M90,4,4432636.16,4e-06,1.0597,7128664.51,2955.65,200.0,signal_enhancement,low,1.0
2753,M90,5,2635297.12,3e-06,0.8344,2902870.16,4037.61,200.0,signal_enhancement,low,
2754,M90,6,3381239.06,1e-06,0.7515,3407768.89,3694.89,200.0,denoising,low,
2755,M90,7,5566452.65,3e-06,0.7332,5591973.4,3943.53,200.0,signal_enhancement,low,
2756,M90,8,4998652.12,3e-06,0.9375,5656425.21,4661.79,200.0,signal_enhancement,low,
2757,M90,0,5988546.76,2.3e-05,1.0315,4521435.34,3010.66,200.0,denoising,low,
2758,M90,1,2799893.39,1.7e-05,1.0312,5741515.73,2270.35,200.0,denoising,low,
2759,M90,2,4251817.08,3.1e-05,0.8722,3478771.62,4449.02,200.0,denoising,low,
2760,M90,3,2442076.92,1.8e-05,0.542,5817982.8,5038.04,200.0,signal_enhancement,low,
2761,M90,4,3590586.64,3.1e-05,1.1915,6782613.47,4222.77,200.0,denoising,low,
2762,M90,5,4018008.7,2.2e-05,0.8463,5486858.89,2187.24,200.0,signal_enhancement,low,
2763,M90,6,4905307.74,1.6e-05,0.7141,3029512.99,3081.02,200.0,denoising,low,2.0
2764,M90,7,4829403.58,1.6e-05,0.8758,742353.64,4615.14,200.0,signal_enhancement,low,
2765,M90,8,4623309.54,1.5e-05,0.7499,2084368.26,2391.65,200.0,signal_enhancement,low,
2766,M88,0,4775119.24,2.2e-05,1.4123,4686514.28,3891.94,200.0,denoising,low,
2767,M88,1,5813381.54,1.6e-05,0.9402,6994258.61,3774.87,200.0,signal_enhancement,low,
2768,M88,2,4544652.98,9e-06,0.4054,2995395.67,4982.51,200.0,denoising,low,
2769,M88,3,4944695.05,1.4e-05,0.9566,3315742.61,4825.58,200.0,denoising,low,
2770,M88,4,3331219.41,1.4e-05,1.2192,4457744.87,4917.68,200.0,signal_enhancement,low,
2771,M88,5,5194594.16,1.3e-05,1.1288,7935813.7,3220.99,200.0,denoising,low,
2772,M88,6,5491767.06,1.3e-05,0.3854,4891745.25,5411.38,200.0,denoising,low,
2773,M88,7,3796842.91,1.1e-05,1.1698,5306917.17,6138.92,200.0,signal_enhancement,low,
2774,M88,8,4095433.95,8e-06,1.3662,5220025.1,3886.55,200.0,signal_enhancement,low,
2775,M93,0,4790165.44,9e-06,0.5577,2398222.05,4639.88,200.0,denoising,low,
2776,M93,1,4448357.79,1.1e-05,0.5177,4517369.0,4226.15,200.0,denoising,low,
2777,M93,2,3167856.51,7e-06,0.637,7452377.83,4547.48,200.0,signal_enhancement,low,
2778,M93,3,6190593.99,9e-06,0.2542,5462013.03,2162.47,200.0,signal_enhancement,low,
2779,M93,4,4326402.85,1.2e-05,0.6666,4630237.0,5008.41,200.0,denoising,low,
2780,M93,5,3335348.46,1.3e-05,0.5965,5309280.8,4741.09,200.0,signal_enhancement,low,
2781,M93,6,2390432.19,1.1e-05,0.5963,2096776.92,2808.8,200.0,signal_enhancement,low,
2782,M93,7,4811899.22,5e-06,0.4452,6403523.08,3662.9,200.0,denoising,low,
2783,M93,8,3916822.48,5e-06,0.6924,2789379.24,5059.33,200.0,denoising,low,
2784,M90,0,1891858.36,4.3e-05,0.6488,2577055.64,1502.39,200.0,denoising,low,
2785,M90,1,2189261.04,5.5e-05,0.8297,3135360.99,1425.51,200.0,signal_enhancement,low,
2786,M90,2,1527636.95,3.4e-05,0.9466,1300507.51,1321.53,200.0,denoising,low,
2787,M90,3,318821.67,4.4e-05,0.9175,2428580.8,2423.83,200.0,denoising,low,
2788,M90,4,2486223.93,4.1e-05,0.5475,1503722.95,1889.71,200.0,denoising,low,
2789,M90,5,1011476.09,4.5e-05,0.7921,1775417.0,2283.4,200.0,signal_enhancement,low,
2790,M90,6,750145.1,5.3e-05,0.5781,2681582.36,1635.33,200.0,signal_enhancement,low,
2791,M90,7,2225751.1,6e-05,0.5697,851257.46,1057.01,200.0,denoising,low,
2792,M90,8,1206458.42,4.8e-05,0.689,2112745.37,2579.35,200.0,signal_enhancement,low,
2793,M90,0,1219272.12,0.000112,1.8118,2658213.02,1727.52,200.0,denoising,low,
2794,M90,1,1531664.45,0.000116,1.7624,1844925.55,1576.39,200.0,denoising,low,0.0
2795,M90,2,1676637.21,0.00011,2.298,2233927.83,1362.43,200.0,denoising,low,
2796,M90,3,3124335.93,0.000109,2.1588,2450233.1,1966.92,200.0,signal_enhancement,low,
2797,M90,4,1762443.1,6.3e-05,2.0664,1320218.26,1794.32,200.0,denoising,low,
2798,M90,5,962917.57,8.3e-05,1.946,2834380.24,2402.96,200.0,denoising,low,
2799,M90,6,1645945.76,9.8e-05,2.4143,1437374.75,1740.98,200.0,denoising,low,
2800,M90,7,1785123.31,0.000121,2.2143,1878298.1,1840.88,200.0,signal_enhancement,low,
2801,M90,8,2176913.42,8e-05,1.1782,2671032.9,1671.54,200.0,signal_enhancement,low,
2802,M90,0,1164489.46,6.5e-05,2.1888,2197925.15,1374.26,200.0,denoising,low,
2803,M90,1,456944.17,4.5e-05,2.3663,2311663.84,2259.4,200.0,signal_enhancement,low,
2804,M90,2,2518752.9,4.5e-05,0.8866,3256130.68,1064.04,200.0,signal_enhancement,low,
2805,M90,3,1530343.28,5.1e-05,1.1535,3441976.8,1792.87,200.0,denoising,low,
2806,M90,4,1782319.72,6.2e-05,1.8664,2059897.67,1685.84,200.0,denoising,low,
2807,M90,5,1815734.18,5.2e-05,1.3673,1760184.12,1614.21,200.0,denoising,low,
2808,M90,6,968928.34,5e-05,2.1387,1535227.99,2081.1,200.0,denoising,low,
2809,M90,7,1257786.72,2.3e-05,1.4231,3232677.55,1795.95,200.0,denoising,low,
2810,M90,8,2200257.41,4.9e-05,1.8116,1816522.13,1411.68,200.0,signal_enhancement,low,
2811,M88,0,1580159.45,3.8e-05,1.423,2013630.83,1351.92,200.0,signal_enhancement,low,
2812,M88,1,1526928.02,6.5e-05,0.6783,2646329.66,1729.27,200.0,denoising,low,
2813,M88,2,2050299.16,6.3e-05,1.3006,2345921.86,411.46,200.0,denoising,low,
2814,M88,3,2048329.84,4.9e-05,1.0193,1225748.42,1524.31,200.0,denoising,low,
2815,M88,4,1890504.36,3.7e-05,1.2355,2275326.46,1915.47,200.0,signal_enhancement,low,
2816,M88,5,1477335.67,6.6e-05,1.2675,2078267.17,1273.46,200.0,signal_enhancement,low,
2817,M88,6,2387806.6,4e-05,1.067,1875728.15,2004.74,200.0,denoising,low,
2818,M88,7,1741518.41,4.4e-05,0.7843,2313830.4,2059.06,200.0,denoising,low,
2819,M88,8,1048360.13,5.5e-05,1.2539,2275651.45,2129.53,200.0,signal_enhancement,low,
2820,M94,0,1651602.53,2.2e-05,0.0424,2453861.63,1782.39,200.0,denoising,high,
2821,M94,1,556765.2,1.2e-05,0.1749,1207633.22,1836.56,200.0,denoising,medium,0.0
2822,M94,2,2350286.52,1.1e-05,0.1084,2052724.54,1554.18,200.0,denoising,high,
2823,M94,3,1979554.46,1.6e-05,0.1257,1226794.66,1367.78,200.0,signal_enhancement,high,
2824,M94,4,1733954.6,2.6e-05,0.2013,1878523.68,1603.1,200.0,signal_enhancement,medium,
2825,M94,5,2567115.15,1.2e-05,0.1506,2027056.71,1943.8,200.0,signal_enhancement,medium,
2826,M94,6,1108987.13,2.1e-05,0.1149,2003759.6,1497.28,200.0,signal_enhancement,high,
2827,M94,7,989752.63,2.4e-05,0.1644,1900719.31,1707.47,200.0,signal_enhancement,medium,
2828,M94,8,2088342.21,9e-06,0.152,3206180.07,1715.49,200.0,denoising,medium,
2829,M93,0,2223858.15,1.3e-05,1.3138,2108603.2,1639.22,200.0,signal_enhancement,low,
2830,M93,1,1976134.16,6e-06,0.5721,3484753.59,2104.16,200.0,signal_enhancement,low,
2831,M93,2,2020258.85,1.6e-05,0.9971,1330794.65,1898.5,200.0,denoising,low,
2832,M93,3,675177.09,1.6e-05,0.4123,2692023.53,1377.86,200.0,denoising,low,
2833,M93,4,2042460.45,1.2e-05,1.0709,2826296.74,1964.76,200.0,signal_enhancement,low,
2834,M93,5,1661915.23,6e-06,0.4655,2389930.68,1691.72,200.0,denoising,low,
2835,M93,6,1367697.05,1.5e-05,1.1524,2755824.35,1525.32,200.0,signal_enhancement,low,
2836,M93,7,1362161.23,1.6e-05,0.2129,2876710.05,1684.43,200.0,denoising,medium,
2837,M93,8,1329771.55,1.4e-05,1.0432,1589145.55,1821.12,200.0,signal_enhancement,low,
2838,M88,0,1583453.49,1.5e-05,22.2852,477407.94,2082.1,200.0,denoising,low,
2839,M88,1,610144.41,2.3e-05,18.3418,2617086.55,1385.37,200.0,denoising,low,
2840,M88,2,1457319.34,2.2e-05,18.3569,2952948.94,1751.43,200.0,denoising,low,
2841,M88,3,1670723.76,3.6e-05,9.4156,2307161.22,1395.25,200.0,signal_enhancement,low,
2842,M88,4,1624986.77,1.4e-05,16.896,1924676.71,1352.83,200.0,signal_enhancement,low,
2843,M88,5,1277041.37,3.4e-05,13.3353,893727.05,884.25,200.0,signal_enhancement,low,
2844,M88,6,1569881.48,3.5e-05,12.014,2904456.76,2014.16,200.0,denoising,low,
2845,M88,7,1491732.38,2.1e-05,15.1061,2479087.91,1817.8,200.0,denoising,low,
2846,M88,8,1583167.81,3.2e-05,24.1193,1850422.82,1689.51,200.0,denoising,low,
2847,M90,0,1481885.57,0.0001,0.4998,2702310.45,1903.71,200.0,denoising,low,
2848,M90,1,1667011.5,8.5e-05,0.8445,2450749.66,1496.84,200.0,signal_enhancement,low,
2849,M90,2,2142937.21,6.7e-05,0.4168,1545350.2,1926.65,200.0,denoising,low,
2850,M90,3,1217271.05,5.4e-05,0.854,1466674.67,1854.66,200.0,denoising,low,
2851,M90,4,2052039.84,9.9e-05,1.2439,2140490.78,1490.27,200.0,signal_enhancement,low,1.0
2852,M90,5,1291333.77,7.1e-05,1.2334,1512448.77,225.91,200.0,denoising,low,
2853,M90,6,1184941.1,0.000121,1.0036,1392369.38,1790.02,200.0,denoising,low,
2854,M90,7,1901733.51,0.000119,0.8981,2663685.42,1497.8,200.0,denoising,low,
2855,M90,8,2175780.55,0.000116,1.2026,2070011.41,2119.06,200.0,signal_enhancement,low,
2856,M90,0,1926185.25,4.2e-05,1.8846,2924030.55,2034.96,200.0,denoising,low,
2857,M90,1,1657090.38,6.2e-05,1.2241,2251686.4,2417.2,200.0,denoising,low,
2858,M90,2,2939537.58,4.3e-05,2.3877,2153013.61,1871.0,200.0,denoising,low,
2859,M90,3,858695.1,6.5e-05,2.1964,2934248.06,1216.66,200.0,signal_enhancement,low,
2860,M90,4,1977026.68,2.6e-05,0.9092,1663066.07,2134.77,200.0,signal_enhancement,low,
2861,M90,5,2114260.81,8.5e-05,1.5342,1650767.48,1016.8,200.0,denoising,low,
2862,M90,6,2143771.48,3.3e-05,2.3531,1715451.13,1866.91,200.0,denoising,low,
2863,M90,7,1603995.9,5e-06,0.7976,2134048.7,1703.57,200.0,denoising,low,
2864,M90,8,1459899.38,3.6e-05,2.5987,2821979.52,1124.94,200.0,denoising,low,
2865,M90,0,1421110.46,4.8e-05,2.9328,2069515.76,1674.72,200.0,denoising,low,
2866,M90,1,2263665.82,0.000138,0.8483,1276529.79,1501.61,200.0,signal_enhancement,low,
2867,M90,2,1407102.35,9e-05,1.8883,1905274.42,2477.85,200.0,signal_enhancement,low,
2868,M90,3,2046624.68,0.000165,2.5777,2542806.44,2233.45,200.0,signal_enhancement,low,
2869,M90,4,1474375.71,0.000115,2.1892,402322.45,1423.04,200.0,denoising,low,
2870,M90,5,1591117.71,0.000178,2.3791,2035831.68,1630.33,200.0,denoising,low,0.0
2871,M90,6,1882263.37,0.000175,2.4354,2219729.26,1619.02,200.0,signal_enhancement,low,
2872,M90,7,2239414.33,0.000152,2.1708,3110823.86,1311.53,200.0,signal_enhancement,low,
2873,M90,8,1251581.43,9.8e-05,1.9702,1291277.87,1998.06,200.0,signal_enhancement,low,
2874,M94,0,2328620.72,6.6e-05,91.232,1960293.37,1143.42,200.0,signal_enhancement,low,
2875,M94,1,1982512.84,6.9e-05,72.7852,2193416.26,1488.37,200.0,denoising,low,
2876,M94,2,1937807.13,4.3e-05,120.2004,1852825.97,1552.09,200.0,signal_enhancement,low,
2877,M94,3,2238283.0,7.1e-05,103.5619,1440383.96,1288.25,200.0,denoising,low,
2878,M94,4,1168813.76,3.2e-05,137.7409,832399.68,1173.02,200.0,denoising,low,
2879,M94,5,72743.67,4.8e-05,140.8445,1870303.36,1841.82,200.0,signal_enhancement,low,
2880,M94,6,1706770.39,3.6e-05,79.1224,2231868.25,1451.39,200.0,signal_enhancement,low,
2881,M94,7,1298034.37,4.1e-05,133.7455,1798522.61,1346.99,200.0,signal_enhancement,low,
2882,M94,8,1684880.2,4.5e-05,89.4432,2303696.71,1300.02,200.0,denoising,low,
2883,M93,0,2182856.56,0.000167,0.8917,1594750.64,1659.89,200.0,signal_enhancement,low,
2884,M93,1,1222154.52,0.000129,0.7841,1266424.96,1802.0,200.0,signal_enhancement,low,0.0
2885,M93,2,1677048.48,9.1e-05,1.3933,2236424.24,1552.21,200.0,signal_enhancement,low,
2886,M93,3,2620877.61,9.7e-05,0.7452,2411043.62,2132.26,200.0,denoising,low,
2887,M93,4,1328746.48,0.000127,0.4967,1899565.13,1376.5,200.0,denoising,low,
2888,M93,5,1160981.45,0.000139,0.8311,2629450.56,1263.94,200.0,signal_enhancement,low,
2889,M93,6,1541934.02,0.0001,1.4005,2021622.37,1325.95,200.0,signal_enhancement,low,
2890,M93,7,644017.07,9.5e-05,0.7624,2864306.78,1622.43,200.0,denoising,low,
2891,M93,8,1974414.55,0.000134,0.6066,1774076.07,1759.15,200.0,signal_enhancement,low,7.0
2892,M93,0,2446013.02,3.9e-05,1.943,2372761.26,1695.47,200.0,denoising,low,
2893,M93,1,1932474.13,3.9e-05,2.5889,2218405.68,2065.29,200.0,signal_enhancement,low,
2894,M93,2,1591326.27,4.2e-05,1.4521,1544341.61,1073.58,200.0,denoising,low,
2895,M93,3,1307515.78,3.3e-05,2.9058,1910542.8,1324.15,200.0,denoising,low,
2896,M93,4,1500632.18,4e-05,2.1249,2015558.93,856.27,200.0,signal_enhancement,low,
2897,M93,5,1661167.21,5.3e-05,1.7624,1456845.52,2809.77,200.0,signal_enhancement,low,
2898,M93,6,1458225.44,1.4e-05,2.3464,467939.11,966.37,200.0,signal_enhancement,low,
2899,M93,7,1341717.04,4e-05,1.2417,657571.93,1060.22,200.0,signal_enhancement,low,
2900,M93,8,1668132.26,4.8e-05,1.6105,1525357.36,1024.96,200.0,signal_enhancement,low,
2901,M93,0,1152461.73,0.000213,2.4861,2691070.13,2176.72,200.0,denoising,low,
2902,M93,1,1960481.0,0.000201,2.529,1931577.2,1350.16,200.0,denoising,low,
2903,M93,2,1163111.08,0.000162,3.2917,1129076.23,1525.77,200.0,denoising,low,
2904,M93,3,564549.69,6.2e-05,3.1246,1238895.5,929.77,200.0,denoising,low,1.0
2905,M93,4,1916190.24,0.000182,2.9424,1108474.77,1496.32,200.0,denoising,low,
2906,M93,5,1000550.4,0.000222,2.5256,2130957.13,1203.66,200.0,denoising,low,
2907,M93,6,1658392.65,0.000239,2.0545,2163809.62,1464.11,200.0,denoising,low,
2908,M93,7,2062954.32,0.000154,2.0988,356383.07,1257.39,200.0,signal_enhancement,low,
2909,M93,8,871251.42,0.000176,2.5257,2645470.44,1165.28,200.0,signal_enhancement,low,
2910,M93,0,630883.29,3.6e-05,1.9653,2627309.88,1320.18,200.0,signal_enhancement,low,
2911,M93,1,1826330.42,3.1e-05,2.2818,2735723.31,1739.67,200.0,denoising,low,
2912,M93,2,1868895.28,3.1e-05,1.8681,1766305.95,1441.12,200.0,denoising,low,
2913,M93,3,2043849.17,1.6e-05,1.5784,2405835.15,1899.9,200.0,signal_enhancement,low,
2914,M93,4,1627687.43,3e-05,1.632,1443236.91,1197.24,200.0,signal_enhancement,low,
2915,M93,5,1090249.44,2.4e-05,1.6286,1904437.09,961.79,200.0,signal_enhancement,low,
2916,M93,6,1907065.25,2.2e-05,1.8087,813978.37,1174.38,200.0,signal_enhancement,low,
2917,M93,7,2250842.63,3.3e-05,2.7276,1359513.65,1755.53,200.0,denoising,low,
2918,M93,8,1895560.15,2.9e-05,0.9846,2429166.25,2012.87,200.0,signal_enhancement,low,
2919,M88,0,1807325.29,3e-06,2.0889,1342300.72,1282.72,200.0,denoising,low,
2920,M88,1,1731549.09,1e-06,1.1899,2539802.08,661.9,200.0,denoising,low,
2921,M88,2,1688181.36,1e-06,1.4921,2152065.11,1963.5,200.0,signal_enhancement,low,
2922,M88,3,2109049.27,2e-06,2.2438,2432925.78,1714.06,200.0,denoising,low,
2923,M88,4,2465705.82,2e-06,2.994,2329179.02,1764.01,200.0,signal_enhancement,low,
2924,M88,5,1745369.53,2e-06,1.4883,1892539.36,1312.65,200.0,denoising,low,
2925,M88,6,2079956.02,1e-06,2.8396,1279980.14,1587.87,200.0,signal_enhancement,low,
2926,M88,7,1739918.91,2e-06,1.3802,1962700.66,1500.25,200.0,denoising,low,
2927,M88,8,1490863.26,1e-06,1.702,2043336.18,2212.21,200.0,denoising,low,
2928,M90,0,2517774.81,1.6e-05,0.8224,1146955.16,1528.65,200.0,signal_enhancement,low,
2929,M90,1,1333455.44,1.7e-05,0.8991,2451861.68,1256.59,200.0,denoising,low,
2930,M90,2,1505527.28,1.2e-05,0.9571,1597053.2,1767.55,200.0,signal_enhancement,low,
2931,M90,3,1567227.57,2e-05,0.8263,2217642.67,1659.62,200.0,signal_enhancement,low,
2932,M90,4,792749.78,1.9e-05,1.0538,2144714.53,1369.22,200.0,signal_enhancement,low,
2933,M90,5,1109094.81,1.9e-05,1.3301,1813400.7,2758.32,200.0,signal_enhancement,low,
2934,M90,6,2038664.5,8e-06,0.7689,2652095.84,1597.53,200.0,signal_enhancement,low,
2935,M90,7,2368562.07,1.7e-05,0.9566,1870616.9,637.24,200.0,signal_enhancement,low,
2936,M90,8,1072027.95,1.6e-05,0.8264,1981702.88,1635.74,200.0,denoising,low,
2937,M94,0,1484313.68,1.8e-05,0.9649,1506231.87,676.7,200.0,denoising,low,
2938,M94,1,1512583.43,2.9e-05,1.7858,2275119.59,741.27,200.0,denoising,low,
2939,M94,2,674451.82,2.2e-05,0.9585,2541779.82,1679.34,200.0,denoising,low,
2940,M94,3,1921487.86,3.1e-05,1.9099,1594006.74,2094.95,200.0,signal_enhancement,low,
2941,M94,4,1702786.57,3e-05,1.765,1713752.94,1788.46,200.0,signal_enhancement,low,
2942,M94,5,900801.03,4e-05,1.5717,798005.84,2060.29,200.0,signal_enhancement,low,
2943,M94,6,2369576.28,2.1e-05,0.7586,1834842.15,1422.01,200.0,denoising,low,
2944,M94,7,1296303.3,2.8e-05,0.947,1534828.53,2203.49,200.0,denoising,low,
2945,M94,8,1560761.8,2.3e-05,1.6907,1538924.8,1276.13,200.0,denoising,low,
2946,M90,0,2978731.2,4e-06,0.4457,1676370.45,2738.83,200.0,signal_enhancement,low,
2947,M90,1,2501615.64,3e-06,0.6971,2952581.04,3113.47,200.0,signal_enhancement,low,
2948,M90,2,2362606.1,3e-06,0.9085,3441737.46,1900.01,200.0,denoising,low,
2949,M90,3,2626184.21,0.0,0.9283,3536450.77,2542.98,200.0,denoising,low,
2950,M90,4,2970875.34,3e-06,0.6589,1282733.11,1961.8,200.0,denoising,low,
2951,M90,5,1392796.77,3e-06,1.1772,3157461.55,888.43,200.0,denoising,low,
2952,M90,6,1945399.72,3e-06,1.1091,3488071.27,1564.44,200.0,denoising,low,
2953,M90,7,2154361.08,5e-06,0.6402,2071025.76,1527.43,200.0,denoising,low,
2954,M90,8,3393621.54,4e-06,0.4852,2146735.91,2610.12,200.0,denoising,low,
2955,M90,0,2439018.25,8e-06,0.9109,3724991.1,3447.2,200.0,signal_enhancement,low,
2956,M90,1,4844175.57,5e-06,1.3248,3329229.06,2452.64,200.0,signal_enhancement,low,
2957,M90,2,2457390.08,8e-06,1.4082,1056090.52,2070.36,200.0,signal_enhancement,low,
2958,M90,3,2862675.21,1e-05,1.4398,1203281.05,1658.72,200.0,denoising,low,
2959,M90,4,1376108.75,8e-06,1.8332,3095110.11,1881.56,200.0,denoising,low,
2960,M90,5,2708155.93,9e-06,0.5827,2794289.03,2160.03,200.0,denoising,low,
2961,M90,6,2195201.91,1e-05,0.8844,3050952.62,2669.13,200.0,denoising,low,
2962,M90,7,1672307.42,1.2e-05,1.5189,3738979.58,2453.65,200.0,signal_enhancement,low,2.0
2963,M90,8,3808915.14,1.1e-05,1.5173,2762776.25,1921.01,200.0,denoising,low,0.0
2964,M90,0,2638180.43,2e-06,1.4102,1302717.55,2096.2,200.0,signal_enhancement,low,
2965,M90,1,3253633.79,4e-06,1.0066,1704028.6,1841.3,200.0,denoising,low,
2966,M90,2,3317263.98,4e-06,1.4129,4053236.59,4458.51,200.0,denoising,low,
2967,M90,3,1910307.63,4e-06,1.7985,4347536.39,1748.16,200.0,signal_enhancement,low,
2968,M90,4,1963357.3,5e-06,1.3677,1819841.02,1648.77,200.0,signal_enhancement,low,
2969,M90,5,2009137.26,7e-06,1.3843,3261703.6,2299.04,200.0,denoising,low,
2970,M90,6,3524767.77,3e-06,1.4022,2817152.54,2334.33,200.0,denoising,low,
2971,M90,7,2190985.69,7e-06,1.7403,2869413.24,2531.85,200.0,denoising,low,
2972,M90,8,2482756.74,3e-06,1.5173,2361770.98,3681.02,200.0,denoising,low,
2973,M93,0,3314254.11,3e-06,0.8564,5162502.6,2663.8,200.0,denoising,low,
2974,M93,1,3529803.95,2e-06,0.7599,2193693.43,2485.12,200.0,signal_enhancement,low,
2975,M93,2,2239563.58,2e-06,0.6755,3498081.53,1767.11,200.0,denoising,low,
2976,M93,3,3119020.03,2e-06,0.4471,3107002.58,2485.69,200.0,signal_enhancement,low,2.0
2977,M93,4,2014919.17,3e-06,0.678,1903861.3,1882.3,200.0,denoising,low,
2978,M93,5,2316006.3,2e-06,1.3062,1784961.54,587.48,200.0,denoising,low,0.0
2979,M93,6,2976268.55,2e-06,0.8203,1901871.41,2986.46,200.0,denoising,low,
2980,M93,7,3115078.28,4e-06,0.8672,2926843.86,2597.93,200.0,denoising,low,4.0
2981,M93,8,3002131.67,3e-06,0.7558,3245549.98,2433.7,200.0,denoising,low,
2982,M88,0,2132117.1,2.4e-05,0.639,3014685.72,1444.68,200.0,denoising,low,
2983,M88,1,2623942.96,3.7e-05,0.8086,2479589.36,1672.41,200.0,signal_enhancement,low,
2984,M88,2,2477998.71,3.5e-05,1.2123,2842195.49,2951.75,200.0,denoising,low,
2985,M88,3,1390176.11,2e-05,0.9297,3533872.11,2509.92,200.0,denoising,low,
2986,M88,4,1815075.85,1.2e-05,0.9723,2575755.76,2680.09,200.0,denoising,low,
2987,M88,5,2477755.0,3.4e-05,1.0406,3739701.11,1575.39,200.0,signal_enhancement,low,
2988,M88,6,3180370.74,4.3e-05,0.8242,596119.91,1995.69,200.0,signal_enhancement,low,
2989,M88,7,3471589.86,3.6e-05,0.7256,3176543.42,2139.55,200.0,signal_enhancement,low,
2990,M88,8,3106648.75,1.4e-05,0.5857,4213366.34,2462.06,200.0,denoising,low,1.0
2991,M94,0,2363798.81,8e-06,0.9047,2390855.2,2339.42,200.0,denoising,low,
2992,M94,1,1504262.19,1.1e-05,2.1514,2946338.26,1982.77,200.0,signal_enhancement,low,0.0
2993,M94,2,2899738.17,1.6e-05,1.7511,2879224.29,3008.7,200.0,denoising,low,
2994,M94,3,2141976.32,1.8e-05,1.3807,3373775.1,3206.47,200.0,signal_enhancement,low,
2995,M94,4,2511189.99,1.4e-05,1.4741,2601886.78,2825.71,200.0,signal_enhancement,low,
2996,M94,5,2742805.41,1.6e-05,2.39,3315176.32,2342.18,200.0,signal_enhancement,low,1.0
2997,M94,6,2879546.89,9e-06,1.4898,2446854.33,2391.62,200.0,denoising,low,
2998,M94,7,2059410.58,9e-06,1.3996,2465794.78,2444.25,200.0,denoising,low,
2999,M94,8,1641041.48,1e-05,2.3524,3063639.88,2862.64,200.0,denoising,low,4.0
