global_task_id,station_name,local_task_id,data_size_byte,compute_density_FLOPs_per_byte,delay_sensitivity,memory_usage_byte,deadline_second,sampling_rate_Hz,task_type,priority,dependency_task_id,memory_usage_mb,priority_score,source_task_id,task_id,data_size_mb,data_size_norm,compute_norm,delay_norm,memory_norm,deadline_ms,high_priority,dependency_ids,dependency_count,in_degree,out_degree,edge_energy_kj,avg_delay_ms,reference_action
1801,M88,1,875992.04,2.5e-05,0.4366,1135855.78,1441.79,200.0,signal_enhancement,low,,0.8354111099243374,0.3,1801,0,0.8354111099243164,0.12563249057948536,0.007092178461905073,0.003154135643865543,0.12563249057948508,35.907905893001974,False,[],0,0,0,0.2712562695848827,15.383984118109145,0
1190,M93,0,2285554.34,0.000177,1.5954,1962496.56,1275.04,200.0,denoising,low,,2.1796744728092237,0.3,1190,1,2.1796744728088377,0.3667009079550292,0.050212623510287914,0.011721909633812547,0.366700907955089,36.615146342805744,False,[],0,0,0,0.2978722186331513,18.570836302735472,0
1817,M88,7,1689084.25,9.4e-05,2.7338,3972090.64,2218.43,200.0,signal_enhancement,low,,1.6108362674714647,0.3,1817,2,1.6108362674713135,0.2646904465457334,0.026666591016763073,0.02013885294599383,0.2646904465457534,35.95459619780312,False,[],0,0,0,0.28570855619650837,17.12690310375907,0
251,M94,1,667070.92,1.4000000000000001e-05,0.6158,616732.43,1128.85,200.0,signal_enhancement,low,0.0,0.6361684036254972,0.3,251,3,0.6361684036254883,0.08990204875742039,0.003971619938666841,0.004479079636787966,0.08990204875741875,35.72523580592604,False,[116],1,0,1,0.267867339290167,14.970509646470207,0
2505,M93,0,1385685.94,8e-06,2.278,1551917.42,1501.96,200.0,signal_enhancement,low,,1.3214930915832626,0.3,2505,4,1.321493091583252,0.21280217567887308,0.0022694971078096233,0.01676882241042441,0.21280217567886903,35.84814403040276,False,[],0,0,0,0.2774099885626375,16.168872704729303,0
1117,M88,7,2222062.49,8.3e-05,1.0616,1928008.37,1023.63,200.0,signal_enhancement,low,,2.119123926162896,0.3,1117,5,2.11912392616272,0.355842303269202,0.02354603249352484,0.0077751735656094835,0.3558423032692244,36.69011400610852,False,[],0,0,0,0.2924702097854354,17.982251617575468,0
1411,M94,1,1757802.65,6e-06,0.4622,1847429.71,2228.92,200.0,signal_enhancement,low,,1.6763712406158546,0.3,1411,6,1.6763712406158446,0.2764429146222275,0.0017021228308572176,0.003343413357140175,0.27644291462222187,36.505469257774706,False,[],0,0,0,0.2824047940510239,16.795067357177707,0
2113,M93,3,1297589.81,1.8e-05,1.5792,1476213.71,1627.38,200.0,signal_enhancement,low,,1.237478075027488,0.3,2113,7,1.2374780750274659,0.1977356584798744,0.005106368492571653,0.011602132330880944,0.19773565847987273,35.94287866399307,False,[],0,0,0,0.2766869353221271,16.069271217665033,0
408,M94,8,1862656.98,7.3e-05,0.1829,1114536.4,2342.4,200.0,denoising,medium,,1.7763681221009597,0.65,408,8,1.77636812210083,0.2943754794957865,0.02070916110876281,0.0012783639306712434,0.29437547949580195,31.389151000063006,False,[],0,0,0,0.2870705957481526,17.316519694915595,0
2579,M93,2,2109416.68,0.000153,2.7126,2674963.21,1426.53,200.0,denoising,low,,2.0116965103152493,0.3,2579,9,2.0116965103149416,0.3365772114455301,0.04340413218685905,0.019982107339688276,0.3365772114455765,36.24684562559147,False,[],0,0,0,0.29430487938740846,18.147046493818763,0
2254,M94,4,1228099.83,2.9999999999999997e-05,1.4092,1213988.93,779.36,200.0,signal_enhancement,low,,1.171207265853917,0.3,2254,10,1.171207265853882,0.18585123201496528,0.008510614154286087,0.010345210016166593,0.18585123201496617,35.93304862757486,False,[],0,0,0,0.27631490296742584,16.011703374926803,0
52,M94,2,1964487.89,5.4000000000000005e-05,1.1469,1440466.81,1515.83,200.0,denoising,low,,1.8734816455842074,0.3,52,11,1.8734816455841063,0.3117909682000541,0.015319105477714959,0.008405852821169096,0.311790968200064,36.494988288165146,False,[],0,0,0,0.28754752538721584,17.39365358059941,0
644,M94,4,2228329.77,2.8000000000000003e-05,2.4759,1362560.82,2424.04,200.0,signal_enhancement,low,,2.125100870132506,0.3,644,12,2.1251008701324463,0.3569141560499194,0.007943239877333683,0.018232027857965412,0.3569141560499209,36.38069578846072,False,[],0,0,0,0.28990348326314025,17.712119878291197,0
1763,M90,3,2197503.22,1.4999999999999999e-05,1.4595,2146361.91,1331.3,200.0,signal_enhancement,low,,2.095702381134065,0.3,1763,13,2.0957023811340334,0.35164208852821566,0.0042553070771430435,0.010717111148108544,0.3516420885282122,36.58505501966961,False,[],0,0,0,0.28885476928537157,17.593016412670732,0
2776,M93,1,4448357.79,1.1e-05,0.5177,4517369.0,4226.15,200.0,denoising,low,,4.242284574508714,0.3,2776,14,4.242284574508667,0.7365913376195188,0.003120558523238232,0.0037537615245910373,0.7365913376195096,38.333752504740346,False,[],0,0,0,0.31945780195851203,21.422083429613476,1
900,M88,0,1049142.16,2.2e-05,2.1316,2284000.83,3135.82,200.0,denoising,low,,1.0005399322509985,0.3,900,15,1.0005399322509765,0.15524524724642053,0.006241117046476464,0.01568639048763511,0.15524524724641978,35.65038927435663,False,[],0,0,0,0.2734806096776146,15.664792579300782,0
1073,M90,3,1300947.56,2.7000000000000002e-05,0.7927,2020170.16,701.95,200.0,denoising,low,1.0,1.2406802749634125,0.3,1073,16,1.240680274963379,0.19830991296897554,0.0076595527388574796,0.0057870182101583695,0.1983099129689759,36.11962910557115,False,[],0,0,0,0.2771669170031238,16.12097107898919,0
472,M88,2,1138917.02,2.3e-05,0.3001,2092044.46,1413.72,200.0,signal_enhancement,low,,1.0861559104919685,0.3,472,17,1.0861559104919434,0.170598866891548,0.006524804184952667,0.002144900961756667,0.17059886689154746,36.118048438713494,False,[],0,0,0,0.27475712606276576,15.823435144244627,0
2738,M94,8,4409985.54,9e-06,0.6057,4369644.6,1832.23,200.0,signal_enhancement,low,,4.2056899452209855,0.3,2738,18,4.205689945220947,0.730028777327832,0.0025531842462858264,0.004404403663972584,0.7300287773278213,38.28798299939215,False,[],0,0,0,0.31883634350809514,21.346245089711466,1
2546,M94,5,1611967.76,2.8000000000000003e-05,0.0261,1649323.7,1805.29,200.0,signal_enhancement,high,1.0,1.5372922515869571,1.0,2546,19,1.537292251586914,0.2515017068938167,0.007943239877333683,0.00011903793686412391,0.25150170689381757,26.00243568946934,True,[],0,0,0,0.28147048733065205,16.65799538673017,1
44,M88,4,379146.33,0.000245,0.9457,1848195.57,511.1,200.0,denoising,low,,0.36158211708077703,0.3,44,20,0.3615821170806885,0.04066014917284556,0.0695033489266697,0.006918248293401287,0.040660149172859296,35.45509314788934,False,[],0,0,0,0.2750683812513615,15.65766177240851,0
289,M90,9,1334485.89,1.6e-05,2.0767,1876776.41,1837.71,200.0,denoising,low,,1.2726649188995565,0.3,289,21,1.272664918899536,0.20404575886561926,0.004538994215619247,0.015280478516589122,0.20404575886561716,35.857768679964806,False,[],0,0,0,0.2770952897259048,16.122159484537338,0
912,M94,2,2278129.6,2.7000000000000002e-05,2.2016,3690332.49,2362.27,200.0,denoising,low,,2.172593688964903,0.3,912,22,2.172593688964844,0.3654311021995654,0.0076595527388574796,0.01620394673487043,0.3654311021995666,36.475606006752145,False,[],0,0,0,0.290536612141571,17.792182971295087,0
2083,M93,3,1001834.31,2.8000000000000003e-05,1.2702,1205223.57,1408.38,200.0,denoising,low,,0.955423650741604,0.3,2083,23,0.9554236507415772,0.14715448848468324,0.007943239877333683,0.00931749118237074,0.14715448848468352,35.8090932184676,False,[],0,0,0,0.27312270985792136,15.614523202638837,0
1360,M90,0,1481576.71,8e-06,2.5389,1470557.1,1255.29,200.0,signal_enhancement,low,,1.4129416561126822,0.3,1360,24,1.4129416561126709,0.22920176026255717,0.0022694971078096233,0.0186978284804772,0.22920176026255287,35.855872186635914,False,[],0,0,0,0.2787219553293322,16.332868550566143,0
2895,M93,3,1307515.78,3.3e-05,2.9058,1910542.8,1324.15,200.0,denoising,low,,1.246944217681926,0.3,2895,25,1.2469442176818848,0.19943323359153645,0.009361675569714697,0.021410562582057764,0.1994332335915382,35.655416056904414,False,[],0,0,0,0.2775461435341744,16.162842496170228,0
2603,M94,8,1322513.66,5e-06,2.1568,1062193.37,1445.95,200.0,denoising,low,,1.261247310638434,0.3,2603,26,1.2612473106384277,0.2019982250045363,0.0014184356923810147,0.015872710736639824,0.2019982250045317,35.83181157791895,False,[],0,0,0,0.2764009920680677,16.04551409250822,0
1226,M94,6,1810277.31,2.8000000000000003e-05,3.429,1418210.31,1855.49,200.0,signal_enhancement,low,,1.7264149761200436,0.3,1226,27,1.7264149761199952,0.28541731982483526,0.007943239877333683,0.025278925847108048,0.28541731982483637,35.8833015038861,False,[],0,0,0,0.2841837363651335,16.997151516040358,0
296,M93,6,2243432.12,1.1e-05,1.8662,2432444.24,1841.04,200.0,signal_enhancement,low,,2.139503593444848,0.3,296,28,2.1395035934448243,0.359497014298293,0.003120558523238232,0.013724112944545761,0.359497014298288,36.526264668856804,False,[],0,0,0,0.28929025609281395,17.65114019640122,0
1241,M88,1,1811369.16,3e-06,2.2244,1897227.75,1832.33,200.0,signal_enhancement,low,,1.7274562454223685,0.3,1241,29,1.7274562454223632,0.28560405194126,0.0008510614154286088,0.01637252219825565,0.2856040519412533,36.151240541817366,False,[],0,0,0,0.28299300459592364,16.871359624890314,0
1005,M93,5,1616720.09,7.000000000000001e-06,2.7301,2674300.03,2635.34,200.0,signal_enhancement,low,,1.541824426651012,0.3,1005,30,1.541824426651001,0.25231446747342806,0.0019858099693334207,0.020111496401497106,0.2523144674734232,35.90591297784879,False,[],0,0,0,0.2805227450926609,16.558889254182283,0
1665,M93,5,605109.93,3e-06,2.4943,2070237.42,1931.13,200.0,denoising,low,,0.5770777988433856,0.3,1665,31,0.5770777988433838,0.07930525725815718,0.0008510614154286088,0.01836807121438155,0.0793052572581545,35.26617889260118,False,[],0,0,0,0.26648910102127543,14.808371678059288,0
746,M88,6,927702.85,3.4e-05,2.3961,2499843.71,1066.6,200.0,signal_enhancement,low,,0.88472638130191,0.3,746,32,0.8847263813018799,0.1344762594060973,0.0096453627081909,0.017642013736117144,0.13447625940609848,35.508644625540875,False,[],0,0,0,0.2723978124128802,15.518379122808408,0
2851,M90,4,2052039.84,9.9e-05,1.2439,2140490.78,1490.27,200.0,signal_enhancement,low,1.0,1.9569776916505845,0.3,2851,33,1.9569776916503907,0.3267644177770205,0.028085026709144086,0.009123037906623756,0.32676441777704673,36.53336653390937,False,[],0,0,0,0.29091560796271615,17.7731746585348,0
291,M93,1,1422875.57,1.4999999999999999e-05,1.3049,2097595.87,2075.91,200.0,denoising,low,,1.3569598865509238,0.3,291,34,1.3569598865509034,0.2191624800420659,0.0042553070771430435,0.009574051207785964,0.21916248004206343,36.08942838393468,False,[],0,0,0,0.2782564006064796,16.268220327809235,0
781,M90,1,1857262.1,1.4999999999999999e-05,2.6781,2790053.28,2016.72,200.0,denoising,low,,1.771223163604763,0.3,781,35,1.7712231636047364,0.29345282770272213,0.0042553070771430435,0.01972702604640801,0.29345282770271913,36.08200052941865,False,[],0,0,0,0.2841996284193321,17.011123804415796,0
2144,M90,4,1856129.29,0.000156,1.9549,2423286.05,633.42,200.0,denoising,low,2.0,1.7701428318026444,0.3,2144,36,1.7701428318023682,0.29325909045968773,0.044255193602287655,0.014379930646399662,0.2932590904597295,36.241638442446764,False,[1545],1,0,1,0.29098411014916387,17.729184389438057,0
322,M90,2,1767579.45,7.000000000000001e-06,0.958,2913027.94,2770.75,200.0,denoising,low,,1.6856951236724973,0.3,322,37,1.6856951236724853,0.27811497814364633,0.0019858099693334207,0.007009190319701207,0.27811497814364106,36.402184202983555,False,[],0,0,0,0.28258678594627834,16.816894360884465,0
298,M93,8,1495385.36,1.2e-05,2.4673,2449652.04,1131.27,200.0,signal_enhancement,low,,1.4261106109619313,0.3,298,38,1.4261106109619142,0.23156336528107452,0.003404245661714435,0.018168442376162212,0.2315633652810712,35.881200189839426,False,[],0,0,0,0.2791037909849774,16.376910074721604,0
1298,M94,8,1467322.6,1e-05,0.369,3294096.26,2411.69,200.0,denoising,low,6.0,1.3993478775024555,0.3,1298,39,1.3993478775024415,0.22676397107168786,0.0028368713847620295,0.002654324182249719,0.22676397107168408,36.32742615881926,False,[1837],1,0,1,0.2786233858211446,16.318703395642597,0
194,M93,4,2200309.42,2.6000000000000002e-05,1.7395,1925740.47,1311.15,200.0,denoising,low,,2.098378582000787,0.3,194,40,2.0983785820007324,0.35212201495136075,0.0073758656003812765,0.01278733613704983,0.3521220149513615,36.524867975693944,False,[],0,0,0,0.28942365834817363,17.65398573032047,0
63,M94,3,1733369.06,2.1e-05,1.8067,1705410.31,1535.01,200.0,signal_enhancement,low,2.0,1.653069553375279,0.3,63,41,1.6530695533752442,0.272264194127147,0.005957429908000261,0.013284190134395737,0.2722641941271459,36.190531072476716,False,[1545],1,0,1,0.2827938986145318,16.829875679615476,0
393,M90,3,1795220.11,0.00015900000000000002,1.9113,1891508.48,1956.43,200.0,signal_enhancement,low,,1.7120553112032753,0.3,393,42,1.712055311203003,0.28284218329195054,0.04510625501771627,0.014057567040978804,0.28284218329199184,36.20964172193844,False,[],0,0,0,0.2902954380163678,17.6403344232384,0
727,M94,7,2442373.22,2e-06,1.4673,1814050.51,1271.16,200.0,denoising,low,,2.3292286109924363,0.3,727,43,2.329228610992432,0.39352063718317715,0.0005673742769524058,0.010774781701371909,0.39352063718316793,36.75083909769155,False,[],0,0,0,0.29157810460173605,17.945419108816914,0
1583,M88,3,2896202.47,0.000306,1.1389,2511756.4,1031.78,200.0,denoising,low,,2.762033910752188,0.3,1583,44,2.762033910751343,0.47113614879002846,0.0868082643737181,0.008346703535770774,0.47113614879016824,37.13414348908699,False,[],0,0,0,0.31244829684673436,20.27391024662721,0
1547,M90,7,1993198.68,5e-06,2.0734,1602627.19,986.9,200.0,signal_enhancement,low,,1.9008623886108496,0.3,1547,45,1.9008623886108398,0.31670119083221554,0.0014184356923810147,0.015256079436362313,0.31670119083220905,36.309122380237994,False,[],0,0,0,0.285577229334282,17.192543750785013,0
2425,M88,5,2310749.05,3e-06,1.6767,1880215.78,1827.6,200.0,signal_enhancement,low,,2.203702020645148,0.3,2425,46,2.2037020206451414,0.37100979793168065,0.0008510614154286088,0.012323014246672998,0.3710097979316723,36.614348764326536,False,[],0,0,0,0.2898254642751573,17.725417084794522,0
14,M93,4,619498.09,0.00020899999999999998,2.3764,1660422.64,1443.07,200.0,signal_enhancement,low,,0.590799417495851,0.3,14,47,0.5907994174957275,0.08176597216245485,0.059290611941526405,0.017496358620823774,0.08176597216247393,35.3021731300251,False,[],0,0,0,0.2766206818030559,15.884890736572025,0
2567,M94,8,1288196.12,9e-06,2.0691,1748793.01,1811.69,200.0,denoising,low,,1.2285195541381948,0.3,2567,48,1.2285195541381837,0.19612911580941816,0.0025531842462858264,0.015224286695460717,0.19612911580941453,35.827787862373846,False,[],0,0,0,0.27612437058662204,16.007248474527326,0
1600,M93,0,2344049.93,2e-05,0.5328,2091050.43,1067.46,200.0,denoising,low,,2.235460214614913,0.3,1600,49,2.2354602146148683,0.37670503427477314,0.005673742769524059,0.003865405800780371,0.37670503427477153,36.89085796307568,False,[],0,0,0,0.291100939012801,17.869177712599164,0
1090,M93,0,1647459.15,1.6e-05,0.29600000000000004,2015279.0,2374.11,200.0,signal_enhancement,low,,1.5711394786834967,0.3,1090,50,1.5711394786834716,0.2575715721404668,0.004538994215619247,0.002114586952990027,0.25757157214046433,36.466848679972166,False,[],0,0,0,0.2813773547878926,16.657417617285812,0
2111,M93,1,1651762.0,1.7e-05,0.7295,1329168.24,2621.66,200.0,signal_enhancement,low,,1.5752429962158472,0.3,2111,51,1.5752429962158203,0.2583074610328587,0.00482268135409545,0.005319738855511623,0.2583074610328565,36.37363767846609,False,[],0,0,0,0.2814844527128249,16.669882874702306,0
203,M94,3,1522778.81,2.2e-05,2.2408,2677424.04,1718.41,200.0,signal_enhancement,low,,1.4522350406647049,0.3,203,52,1.452235040664673,0.23624829168550238,0.006241117046476464,0.01649377823332221,0.23624829168550163,35.950179819742345,False,[],0,0,0,0.27996085323274117,16.4748230236916,0
2418,M88,8,1650956.16,2.8000000000000003e-05,2.4814,2946828.45,1082.91,200.0,signal_enhancement,low,5.0,1.5744744873047314,0.3,2418,53,1.5744744873046874,0.2581696433759464,0.007943239877333683,0.018272692991676755,0.2581696433759473,35.98449778375348,False,[],0,0,0,0.28200392224922244,16.72467475155147,0
152,M93,2,1991767.71,6.8e-05,2.138,1793111.72,1991.33,200.0,denoising,low,,1.899497709274421,0.3,152,54,1.899497709274292,0.3164564611929425,0.0192907254163818,0.015733709915953766,0.3164564611929574,36.29381454729315,False,[],0,0,0,0.2885959402162203,17.511797669424297,0
2901,M93,0,1152461.73,0.000213,2.4861,2691070.13,2176.72,200.0,denoising,low,,1.0990731525423483,0.3,2901,55,1.0990731525421142,0.17291533194137992,0.06042536049543122,0.01830744319684827,0.17291533194141678,35.642438031860074,False,[],0,0,0,0.2841055378395337,16.816809808331563,0
1359,M90,9,2204361.74,2.1e-05,0.795,2165545.4,1190.51,200.0,signal_enhancement,low,,2.1022431755066364,0.3,1359,56,2.102243175506592,0.3528150573015281,0.005957429908000261,0.005804023629710388,0.35281505730152696,36.737139520314805,False,[],0,0,0,0.28923796766848225,17.635384311359285,0
772,M93,2,758138.28,4.7e-05,1.093,3530548.81,861.51,200.0,denoising,low,,0.7230170059204443,0.3,772,57,0.7230170059204102,0.10547671640408554,0.013333295508381537,0.008007334510797898,0.10547671640408807,35.681686830292406,False,[],0,0,0,0.2707047975487517,15.294766483191724,0
2678,M88,2,1324756.22,9e-05,1.5395,674006.22,1647.05,200.0,signal_enhancement,low,,1.2633859825135414,0.3,2678,58,1.2633859825134277,0.20238175568641514,0.025531842462858265,0.01130860400209177,0.20238175568642977,35.97026890268291,False,[],0,0,0,0.2805309536735991,16.4833907211956,0
1001,M93,1,1251967.5,9e-06,2.2662,1308228.45,1387.1,200.0,denoising,low,,1.1939692497253527,0.3,1001,59,1.1939692497253418,0.1899331668349741,0.0025531842462858264,0.016681577214461885,0.18993316683497058,35.75928535090604,False,[],0,0,0,0.2756286946686665,15.945288984782884,0
718,M90,8,623603.19,7.4e-05,2.9056,1378621.21,1416.7,200.0,signal_enhancement,low,5.0,0.5947143459320507,0.3,718,60,0.5947143459320068,0.08246804113817045,0.020992848247239015,0.021409083849922805,0.08246804113817527,35.187599649055,False,[],0,0,0,0.2701662274930843,15.202551679832007,0
612,M90,2,1329057.2,1.6e-05,0.485,1720839.69,1949.62,200.0,signal_enhancement,low,,1.2674877166748248,0.3,612,61,1.2674877166748046,0.20311732476467714,0.004538994215619247,0.003511988820525394,0.203117324764675,36.20710963444294,False,[],0,0,0,0.2770210149978294,16.112875143527916,0
842,M93,2,2497234.0,4.6e-05,1.7782,1465788.87,2017.13,200.0,signal_enhancement,low,,2.3815479278565546,0.3,842,62,2.3815479278564453,0.40290312521551724,0.013049608369905335,0.013073470805164213,0.4029031252155266,36.719408376707136,False,[],0,0,0,0.29445068344012526,18.263924202813467,0
266,M94,6,1355260.95,2.3e-05,2.4296,883297.92,2526.13,200.0,denoising,low,5.0,1.2924775600433647,0.3,266,63,1.292477560043335,0.207598784393531,0.006524804184952667,0.01788970136872262,0.20759878439353047,35.79370409651245,False,[],0,0,0,0.27771711946292443,16.19343431926446,0
51,M94,1,1455563.34,5.6000000000000006e-05,1.3911,2160144.05,1075.67,200.0,denoising,low,,1.3881333732605758,0.3,51,64,1.3881333732604981,0.22475286010645595,0.015886479754667365,0.010211384757952888,0.22475286010646364,36.09266989768724,False,[],0,0,0,0.28068093036680997,16.533485236648573,0
1195,M93,5,1445732.59,0.000183,2.2679,1887435.07,873.26,200.0,signal_enhancement,low,,1.3787580394747396,0.3,1195,65,1.3787580394744874,0.22307156986187815,0.05191474634114514,0.01669414643760903,0.22307156986191717,35.89146188631924,False,[],0,0,0,0.2866712324669449,17.165181132759393,0
1270,M90,0,2914121.46,1.2e-05,1.3513,1356573.43,752.1,200.0,denoising,low,,2.7791227912903165,0.3,1270,66,2.779122791290283,0.4742007189479194,0.003404245661714435,0.009917117063096233,0.47420071894791355,37.09928936389879,False,[],0,0,0,0.298514779278325,18.803283611390054,0
1491,M93,1,1940369.72,2.8999999999999997e-05,1.3976,1608759.16,1220.33,200.0,denoising,low,,1.8504807662964404,0.3,1491,67,1.8504807662963867,0.3076661919685287,0.008226927015809883,0.010259443552339024,0.3076661919685302,36.422881461303945,False,[],0,0,0,0.28601187295016994,17.224746605969866,0
1582,M88,2,1835418.88,0.000206,3.1513,2321962.19,1747.98,200.0,signal_enhancement,low,,1.7503918457034855,0.3,1582,68,1.750391845703125,0.28971712160744284,0.0584395505260978,0.02322570627771878,0.2897171216074998,35.96209729809821,False,[],0,0,0,0.29311209331803206,17.94908312554419,0
521,M93,1,1535106.47,0.000277,1.8055,587718.83,1708.57,200.0,signal_enhancement,low,,1.463991613388467,0.3,521,69,1.4639916133880615,0.23835661246433124,0.0785813373579082,0.01327531774158599,0.2383566124643974,36.055166917609746,False,[],0,0,0,0.2924273563479909,17.79803019708566,0
1694,M93,4,1100868.64,3e-06,1.0841,2430614.29,1892.69,200.0,signal_enhancement,low,,1.0498701477050814,0.3,1694,70,1.049870147705078,0.16409169601282675,0.0008510614154286088,0.007941530930792265,0.16409169601282247,35.91812085612754,False,[],0,0,0,0.273272016121649,15.656236065605983,0
2663,M90,5,1194103.16,4.2e-05,0.2614,2127275.38,522.0,200.0,signal_enhancement,low,,1.1387855148315906,0.3,2663,71,1.1387855148315429,0.18003699916201604,0.011914859816000522,0.0018587662936422823,0.18003699916201935,36.1643850078388,False,[],0,0,0,0.27642848610168136,16.01483746830817,0
2748,M90,0,5865955.55,3e-06,0.7977,5085839.5,2832.68,200.0,denoising,low,,5.594211149215716,0.3,2748,72,5.594211149215698,0.9790340082828276,0.0008510614154286088,0.0058239865135323214,0.9790340082828078,39.241416437725334,False,[],0,0,0,0.338467401103249,23.80565918830599,1
1921,M88,1,2012320.49,3.4e-05,2.8709,1518247.31,2226.33,200.0,denoising,low,,1.9190983676911053,0.3,1921,73,1.91909836769104,0.31997147159529776,0.0096453627081909,0.02115252382450758,0.3199714715953011,36.14531017164597,False,[],0,0,0,0.2872374293880162,17.373331244700413,0
102,M88,2,1707071.12,0.0008640000000000001,1.2005,2487004.01,2099.07,200.0,denoising,low,,1.6279898834242583,0.3,102,74,1.6279898834228517,0.26776662578551563,0.24510568764343935,0.008802153033337855,0.2677666257857607,36.30700191214193,False,[],0,0,0,0.32308929696222594,21.089568635437068,0
695,M90,5,2049362.67,1.3000000000000001e-05,2.0915,2741243.86,1328.88,200.0,signal_enhancement,low,,1.9544245433807628,0.3,695,75,1.9544245433807372,0.32630655852883733,0.0036879328001906382,0.015389904694576018,0.3263065585288334,36.34352909327807,False,[],0,0,0,0.28673147325833936,17.329448375691804,0
2332,M94,2,2053960.81,0.00032,1.2928,1494469.63,1777.84,200.0,denoising,low,,1.9588096714026044,0.3,2332,76,1.9588096714019776,0.3270929489797392,0.09077988431238494,0.009484587913621001,0.32709294897984303,36.523834158510326,False,[],0,0,0,0.3016000162514846,18.904967407420322,0
2724,M94,3,540603.44,2.2e-05,1.2601,1720470.23,2049.35,200.0,denoising,low,,0.5155596160888785,0.3,2724,77,0.5155596160888671,0.06827312518797386,0.006241117046476464,0.009242815209555357,0.06827312518797313,35.49580804446523,False,[],0,0,0,0.2665228399129389,14.795071358716315,0
2272,M94,2,1347430.87,0.000306,1.8687,943582.22,1173.14,200.0,signal_enhancement,low,,1.285010213852322,0.3,2272,78,1.2850102138519288,0.20625965593250176,0.0868082643737181,0.013742597096232738,0.20625965593256643,35.91276071084303,False,[],0,0,0,0.2912581774181322,17.625145318051942,0
2482,M90,4,1755460.28,0.000102,0.1748,1523012.96,545.05,200.0,denoising,medium,,1.6741373825074948,0.65,2482,79,1.6741373825073242,0.2760423140749456,0.028936088124572698,0.001218475279205442,0.2760423140749688,31.31761499792362,False,[],0,0,0,0.287002520107173,17.281272726991766,0
1842,M94,2,1160713.33,5.5e-05,0.8776,2051726.77,2201.05,200.0,denoising,low,,1.1069424915314332,0.3,1842,80,1.1069424915313721,0.17432655026980431,0.015602792616191161,0.006414740001448068,0.17432655026981014,36.00486400103577,False,[],0,0,0,0.27659859876633686,16.024115769789486,0
1830,M90,0,1084607.8,4e-05,0.0688,2397535.09,2108.11,200.0,signal_enhancement,high,,1.034362602233928,1.0,1830,81,1.0343626022338868,0.1613107086353998,0.011347485539048118,0.0004347472476776698,0.16131070863540237,25.63220041711127,True,[],0,0,0,0.2748339292324702,15.817361826056864,1
794,M94,4,2052780.26,6.8e-05,1.166,2026399.29,1069.37,200.0,denoising,low,0.0,1.9576838111878772,0.3,794,82,1.9576838111877441,0.32689104707009475,0.0192907254163818,0.00854707174005759,0.32689104707011013,36.55115203607865,False,[116],1,0,1,0.2894307070863925,17.61614352819582,0
1820,M88,0,2072697.8,0.000125,1.088,2596221.7,933.5,200.0,denoising,low,,1.9766786575319855,0.3,1820,83,1.9766786575317383,0.3302974164415047,0.035460892309525364,0.007970366207423947,0.3302974164415404,36.5820786795433,False,[],0,0,0,0.2924521450079397,17.941270225986504,0
2001,M90,1,2128954.53,2.6000000000000002e-05,0.5276,1995936.47,1064.54,200.0,denoising,low,,2.030329256057792,0.3,2001,84,2.030329256057739,0.3399186448666855,0.0073758656003812765,0.0038269587652714604,0.33991864486668616,36.74486581650859,False,[],0,0,0,0.28844738874139964,17.531952029473718,0
144,M93,4,1711996.93,6e-06,2.0235,1964332.56,2378.93,200.0,signal_enhancement,low,,1.6326875019073583,0.3,144,85,1.6326875019073486,0.2686090555390587,0.0017021228308572176,0.014887135768690276,0.26860905553905323,36.12782214909553,False,[],0,0,0,0.28177808532437043,16.71672876634602,0
2525,M90,2,1068257.33,1.2e-05,0.2429,2286405.62,1433.84,200.0,denoising,medium,,1.018769578933728,0.65,2525,86,1.018769578933716,0.15851439241280624,0.003404245661714435,0.0017219835711586617,0.15851439241280366,30.832398062516468,False,[],0,0,0,0.2732598731555159,15.646420346038923,0
1330,M88,0,1297330.88,2.8999999999999997e-05,0.1756,1392230.51,2317.2,200.0,denoising,medium,,1.2372311401367546,0.65,1330,87,1.2372311401367186,0.19769137533941933,0.008226927015809883,0.0012243902077452742,0.19769137533942013,31.004033795125316,False,[],0,0,0,0.2772138876198412,16.124998439678773,0
2477,M94,8,1960976.5,1e-06,2.5037,2723605.09,2284.35,200.0,denoising,low,1.0,1.8701329231262227,0.3,2477,88,1.8701329231262207,0.31119043764522275,0.0002836871384762029,0.01843757162472458,0.311190437645215,36.191634601839155,False,[],0,0,0,0.2849434618251588,17.1170107449448,0
2881,M94,7,1298034.37,4.1e-05,133.7455,1798522.61,1346.99,200.0,signal_enhancement,low,,1.2379020404816183,0.3,2881,89,1.2379020404815675,0.19781168873098745,0.01163117267752432,0.9887949071734186,0.19781168873099092,8.0,False,[],0,0,0,0.27780223445365815,16.18747799550531,0
321,M90,1,3453255.3,6e-06,2.0481,3058626.21,2159.07,200.0,signal_enhancement,low,,3.293280887603779,0.3,321,90,3.2932808876037596,0.5664053285365837,0.0017021228308572176,0.015069019821290117,0.5664053285365733,37.31355071950763,False,[],0,0,0,0.3056017871641724,19.69469149632127,0
1261,M88,1,2410052.7,1.1e-05,0.4423,3433064.39,1960.54,200.0,denoising,low,0.0,2.2984053611755626,0.3,1261,91,2.2984053611755373,0.3879930655354715,0.003120558523238232,0.003196279509711848,0.38799306553546625,36.956083876850535,False,[116],1,0,1,0.2915699401917882,17.936100708773004,0
2414,M88,4,1563932.34,2.9999999999999997e-05,2.2258,2106809.15,2175.74,200.0,signal_enhancement,low,,1.4914821052551717,0.3,2414,92,1.491482105255127,0.24328651649225053,0.008510614154286087,0.016382873323200355,0.2432865164922519,35.98165986627299,False,[],0,0,0,0.2809097257256087,16.586056219699657,0
1269,M88,9,2191634.17,2e-05,0.6871,2464743.78,1584.33,200.0,denoising,low,,2.0901052188873708,0.3,1269,93,2.090105218887329,0.35063834247527564,0.005673742769524059,0.005006247642900514,0.3506383424752741,36.752365940614084,False,[],0,0,0,0.28901560366884116,17.60851079460419,0
1760,M90,0,1887117.13,2.5e-05,1.8973,1482741.91,1851.24,200.0,denoising,low,,1.7996951389313194,0.3,1760,94,1.7996951389312743,0.298558742377653,0.007092178461905073,0.01395405579153174,0.2985587423776532,36.27561329576466,False,[],0,0,0,0.2850903697287361,17.11324663609082,0
416,M88,6,1903021.34,9e-06,0.5022,1735441.87,1473.84,200.0,signal_enhancement,low,,1.8148625755310224,0.3,416,95,1.814862575531006,0.3012787376090155,0.0025531842462858264,0.003639159784131787,0.30127873760901047,36.595940156912114,False,[],0,0,0,0.28453634033058983,17.058744692523298,0
2631,M94,0,2125045.22,0.000775,2.6339,2857858.58,1080.44,200.0,signal_enhancement,low,,2.0266010475174396,0.3,2631,96,2.0266010475158693,0.3392500606013924,0.21985753231905725,0.019400226244582278,0.33925006060166524,36.2749934550681,False,[],0,0,0,0.3245157853423511,21.349936187756956,0
2291,M88,1,1648206.4,0.000553,2.3384,2082946.06,1720.9,200.0,signal_enhancement,low,,1.5718521118172752,0.3,2291,97,1.5718521118164062,0.2576993695247214,0.1568789875773402,0.017215399515181744,0.25769936952487027,36.01433549264343,False,[],0,0,0,0.3072853774501255,19.400815471639337,0
174,M94,4,1011260.24,6.2e-05,0.7829999999999999,1878651.59,1956.94,200.0,signal_enhancement,low,,0.96441291809088,0.3,174,98,0.9644129180908203,0.148766544955967,0.017588602585524582,0.005715299701612904,0.14876654495597316,35.923607188775485,False,[],0,0,0,0.2748913860360165,15.804260296099113,0
1725,M88,5,2164124.46,1.8e-05,2.6314,2587304.08,1829.5,200.0,signal_enhancement,low,,2.063869915008582,0.3,1725,99,2.063869915008545,0.3459335328672433,0.005106368492571653,0.019381742092895303,0.34593353286724104,36.302281868682115,False,[],0,0,0,0.2885427652731166,17.551249961538723,0
2175,M90,5,1357427.71,2.9999999999999997e-05,0.7665,935054.44,1280.02,200.0,denoising,low,,1.2945439434051902,0.3,2175,100,1.2945439434051513,0.2079693514866156,0.008510614154286087,0.005593304300478864,0.2079693514866167,36.164078276932095,False,[],0,0,0,0.27808435252515784,16.232884569643307,0
45,M88,5,407877.86,0.00029,1.3583,1941126.51,1118.91,200.0,denoising,low,,0.3889826393128569,0.3,45,101,0.3889826393127441,0.045573918834447565,0.08226927015809885,0.009968872687819767,0.04557391883446554,35.383229494703194,False,[],0,0,0,0.2776316894336326,15.936586051190254,0
685,M94,5,1257389.18,4.1e-05,1.3961,1453489.74,1930.12,200.0,signal_enhancement,low,,1.1991397666931645,0.3,685,102,1.1991397666931152,0.19086040206048815,0.01163117267752432,0.010248353061326838,0.1908604020604915,35.955991016402145,False,[],0,0,0,0.27724613152001815,16.117965128800318,0
1607,M93,7,1291653.38,3.3e-05,0.4301,1915684.1,1958.41,200.0,signal_enhancement,low,,1.231816654205363,0.3,1607,103,1.2318166542053222,0.19672038885684268,0.009361675569714697,0.0031060768494794062,0.19672038885684437,36.19369924994299,False,[],0,0,0,0.2773291159553989,16.135714048823292,0
1231,M88,1,1412125.41,2.9999999999999997e-05,0.2584,2231291.23,1019.87,200.0,signal_enhancement,low,0.0,1.3467077350616858,0.3,1231,104,1.3467077350616454,0.21732394899045226,0.008510614154286087,0.0018365853116179113,0.21732394899045343,36.31419823661327,False,[116],1,0,1,0.2788327203254648,16.32643054468167,0
862,M88,2,1435228.5,0.000184,2.2679,2744325.32,2917.36,200.0,signal_enhancement,low,,1.3687405586245196,0.3,862,105,1.3687405586242676,0.22127512258723814,0.05219843347962134,0.01669414643760903,0.22127512258727716,35.884276097220685,False,[],0,0,0,0.28657574349851467,17.152323028505563,0
1965,M94,5,1758726.47,1.2e-05,1.6905,1782999.25,1008.74,200.0,signal_enhancement,low,,1.6772522640228473,0.3,1965,106,1.6772522640228271,0.27660090964333434,0.003404245661714435,0.012425046763985103,0.27660090964333056,36.233652235653786,False,[],0,0,0,0.2827067945339582,16.827285518344205,0
331,M93,1,1262414.71,1.1e-05,1.0491,2232978.06,3436.3,200.0,signal_enhancement,low,,1.2039324855804576,0.3,331,107,1.2039324855804443,0.19171988628731043,0.003120558523238232,0.007682752807174603,0.19171988628730732,36.036396960934006,False,[],0,0,0,0.27586808585193534,15.973368916291392,0
93,M90,3,1101559.07,4.3e-05,1.5789,1946431.44,1976.56,200.0,signal_enhancement,low,0.0,1.0505285930633999,0.3,93,108,1.0505285930633546,0.16420977583619364,0.012198546954476726,0.011599914232678506,0.1642097758361969,35.808841676364416,False,[116],1,0,1,0.2752105350491565,15.861671603542517,0
1641,M90,1,1766618.97,1.3000000000000001e-05,1.4158,2277452.1,2570.76,200.0,signal_enhancement,low,,1.6847791385650854,0.3,1641,109,1.6847791385650634,0.277950713397405,0.0036879328001906382,0.010394008176620208,0.2779507133974015,36.29998260829102,False,[],0,0,0,0.2828630056478248,16.84588992437748,0
2986,M88,4,1815075.85,1.2e-05,0.9723,2575755.76,2680.09,200.0,denoising,low,,1.730991220474264,0.3,2986,110,1.7309912204742433,0.2862379834049504,0.003404245661714435,0.007114919667350709,0.28623798340494644,36.43150434359928,False,[],0,0,0,0.2834777604348875,16.923656255960363,0
506,M90,6,1126978.74,3.5e-05,1.8954,2653706.51,1319.17,200.0,signal_enhancement,low,,1.0747706794739147,0.3,506,111,1.074770679473877,0.1685571392816466,0.009929049846667102,0.013940007836249638,0.16855713928164837,35.7560283220391,False,[],0,0,0,0.2751725096164651,15.864294290056474,0
2909,M93,8,871251.42,0.000176,2.5257,2645470.44,1165.28,200.0,signal_enhancement,low,,0.830890102386621,0.3,2909,112,0.8308901023864746,0.12482173268621675,0.049928936371811714,0.018600232159569966,0.12482173268623897,35.44127996595777,False,[],0,0,0,0.2784736577981053,16.146938181554777,0
2045,M90,5,1770225.53,2.6000000000000002e-05,51.3613,1656571.49,2091.01,200.0,signal_enhancement,low,,1.6882186222076856,0.3,2045,113,1.6882186222076416,0.27856752026814063,0.0073758656003812765,0.3796740874093593,0.2785675202681411,25.22404745879178,False,[],0,0,0,0.283539298773516,16.91844078348827,0
495,M90,5,1772407.44,5.5e-05,0.1792,2159187.51,1862.3,200.0,signal_enhancement,medium,,1.6902994537354445,0.65,495,114,1.6902994537353515,0.2789406783687481,0.015602792616191161,0.0012510073861745192,0.2789406783687573,31.328232491889757,False,[],0,0,0,0.2849677290142523,17.07025705077892,0
2132,M90,2,987312.79,0.000122,2.8169,2197312.44,1539.99,200.0,signal_enhancement,low,,0.9415748500825123,0.3,2132,115,0.9415748500823975,0.14467096587324044,0.034609830894096756,0.020753266148068904,0.14467096587325656,35.456085879050896,False,[],0,0,0,0.27745734852185566,16.069686614826146,0
0,M93,0,1320943.23,3.1e-05,1.2394,1053963.55,1197.09,200.0,signal_enhancement,low,,1.259749631881753,0.3,0,116,1.2597496318817138,0.20172964441416505,0.008794301292762291,0.009089766433587198,0.20172964441416633,36.03422558464904,False,[],0,75,0,0.27763340277290277,16.175593867411372,0
314,M90,4,2232354.72,3e-06,1.4089,3882952.76,4587.19,200.0,signal_enhancement,low,,2.1289393615722725,0.3,314,117,2.128939361572266,0.3576025174841857,0.0008510614154286088,0.010342991917964155,0.3576025174841777,36.620120312397816,False,[],0,0,0,0.28875288183935766,17.59134428031957,0
1272,M90,2,2271346.22,1.4000000000000001e-05,1.3735,2414637.29,1899.59,200.0,denoising,low,,2.1661245536804503,0.3,1272,118,2.16612455368042,0.36427098413947195,0.003971619938666841,0.010081256330076577,0.36427098413946796,36.65464624665559,False,[],0,0,0,0.2898168541207311,17.714199000290723,0
1941,M88,1,1691728.03,7.000000000000001e-06,0.3902,3048509.21,2670.0,200.0,signal_enhancement,low,0.0,1.6133575725555536,0.3,1941,119,1.613357572555542,0.26514259531595036,0.0019858099693334207,0.002811069788555273,0.26514259531594525,36.476238287607146,False,[116],1,0,1,0.2815489953200627,16.687170532607507,0
2967,M90,3,1910307.63,4e-06,1.7985,4347536.39,1748.16,200.0,signal_enhancement,low,,1.8218113231659008,0.3,2967,120,1.8218113231658934,0.302524865147216,0.0011347485539048117,0.013223562116862457,0.30252486514720933,36.313392597082995,False,[],0,0,0,0.28439489646594107,17.045674125442446,0
1316,M94,6,2741367.99,1.2e-05,1.8669,2562896.95,2026.18,200.0,denoising,low,,2.6143722438812573,0.3,1316,121,2.614372243881226,0.44465579879147543,0.003404245661714435,0.013729288507018114,0.44465579879147,36.866744539955356,False,[],0,0,0,0.29615118566580945,18.507834409825612,0
755,M88,5,1862200.17,3.2e-05,2.3008,1842703.22,2095.99,200.0,denoising,low,,1.7759324741364093,0.3,755,122,1.7759324741363525,0.29429735420558734,0.009077988431238493,0.01693739787380963,0.2942973542055897,36.16906748060806,False,[],0,0,0,0.2850870463697575,17.106377333818166,0
1770,M90,0,1980549.53,3.9e-05,2.8001,2819854.98,2275.58,200.0,signal_enhancement,low,,1.8887992191315435,0.3,1770,123,1.8887992191314698,0.31453788767658647,0.011063798400571914,0.020629052648732427,0.3145378876765914,36.13927997124438,False,[],0,0,0,0.2870438767422241,17.34452724797616,0
1200,M93,0,1529074.88,8e-06,0.988,993987.6,246.13,200.0,denoising,low,,1.4582394409179802,0.3,1200,124,1.4582394409179686,0.23732506823563118,0.0022694971078096233,0.007231000139944916,0.2373250682356267,36.23237026874418,False,[],0,0,0,0.2793718199671781,16.414101630296884,0
2174,M90,4,874511.28,2.6000000000000002e-05,0.8152,3189199.33,1265.78,200.0,signal_enhancement,low,,0.8339989471435764,0.3,2174,125,0.8339989471435547,0.12537924567522465,0.0073758656003812765,0.005953375575341153,0.1253792456752245,35.822915715440665,False,[],0,0,0,0.27128423680608277,15.386558037559109,0
1991,M88,1,1485638.96,1.1e-05,1.3313,1158831.96,1594.59,200.0,denoising,low,,1.416815719604508,0.3,1991,126,1.4168157196044922,0.22989650087706126,0.003120558523238232,0.009769243849600427,0.22989650087705774,36.12650868802023,False,[],0,0,0,0.2789222150191154,16.3551350621889,0
879,M88,9,2101601.63,1.7e-05,2.2812,2234697.29,2132.16,200.0,signal_enhancement,low,,2.004243497848545,0.3,879,127,2.0042434978485106,0.33524065346919174,0.00482268135409545,0.01679248212458374,0.3352406534691892,36.337188150139255,False,[],0,0,0,0.2876391081077315,17.43921479906564,0
765,M90,5,1780604.41,1.9e-05,2.5699,2148797.94,2090.79,200.0,denoising,low,,1.6981166934967364,0.3,765,128,1.698116693496704,0.2803425536779663,0.005390055631047856,0.0189270319613957,0.2803425536779646,36.05355925586999,False,[],0,0,0,0.2833437137515154,16.900446538138524,0
927,M93,7,1341804.57,0.000131,1.4831,2339219.59,1869.39,200.0,signal_enhancement,low,5.0,1.2796445560457,0.3,927,129,1.2796445560455323,0.20529742585818717,0.03716301514038259,0.010891601540033597,0.20529742585821142,35.99444165723175,False,[],0,0,0,0.28274150664251996,16.72190853110876,0
2377,M93,7,1360502.91,8.3e-05,0.1531,2926647.65,628.67,200.0,signal_enhancement,medium,,1.2974766826630715,0.65,2377,130,1.2974766826629638,0.2084952832578564,0.02354603249352484,0.0010580328425624924,0.20849528325786984,31.052240147754556,False,[],0,0,0,0.28068244818452776,16.50878141746201,0
1374,M93,4,1320769.09,1.4000000000000001e-05,1.5493,1183983.6,1158.59,200.0,signal_enhancement,low,2.0,1.2595835590362725,0.3,1374,131,1.259583559036255,0.2016998623646581,0.003971619938666841,0.011381061876704714,0.20169986236465548,35.96536759315749,False,[1545],1,0,1,0.276811164378746,16.088487782542586,0
1814,M88,4,1338271.38,4.1e-05,1.1347,2625769.51,1815.17,200.0,denoising,low,,1.2762750434876011,0.3,1814,132,1.2762750434875487,0.20469316698890047,0.01163117267752432,0.008315650160936654,0.20469316698890408,36.0693031631275,False,[],0,0,0,0.27835275271429116,16.256292778084443,0
1798,M94,8,1661092.4,6.3e-05,0.6401,2294260.67,827.69,200.0,denoising,low,,1.584141159057717,0.3,1798,133,1.584141159057617,0.2599031796197426,0.017872289724000782,0.00465874559118537,0.25990317961975345,36.399850350743414,False,[],0,0,0,0.2838305436226595,16.92073301122944,0
929,M93,9,1371878.59,0.000152,1.555,2491960.35,1716.42,200.0,signal_enhancement,low,,1.3083253765108191,0.3,929,134,1.3083253765106202,0.21044079299103433,0.04312044504838285,0.011423205742551018,0.21044079299106408,35.99906699968761,False,[],0,0,0,0.2841657390975078,16.880575940781235,0
436,M90,6,1420143.77,2.7000000000000002e-05,0.1071,2056780.25,1973.88,200.0,signal_enhancement,high,1.0,1.3543546390533814,1.0,436,135,1.3543546390533447,0.21869527777467657,0.0076595527388574796,0.0007179244515221385,0.218695277774677,25.853243377553035,True,[],0,0,0,0.2787977461875799,16.3248247270462,1
196,M93,6,708493.54,2.9999999999999997e-05,0.33899999999999997,1772114.73,1767.19,200.0,denoising,low,2.0,0.6756720924377644,0.3,196,136,0.6756720924377442,0.0969862943043881,0.008510614154286087,0.0024325143620060096,0.09698629430438832,35.81496974635737,False,[1545],1,0,1,0.26920570795057963,15.12305399782103,0
1762,M90,2,1525384.78,2.7000000000000002e-05,1.8598,1529041.38,1725.72,200.0,denoising,low,,1.4547202873230374,0.3,1762,137,1.454720287322998,0.23669397405344605,0.0076595527388574796,0.013676793516227102,0.2366939740534466,36.036472090726974,False,[],0,0,0,0.28023764188988143,16.504811689833893,0
1064,M93,4,1680880.16,4.4e-05,1.6586,2133164.91,1495.75,200.0,signal_enhancement,low,,1.6030122375488984,0.3,1064,138,1.603012237548828,0.26328735354849125,0.012482234092952928,0.012189188988459294,0.2632873535484968,36.187473744540185,False,[],0,0,0,0.2831849680796813,16.857553749158065,0
2342,M88,2,1629553.26,1.9e-05,2.3784,1626470.07,2142.44,200.0,signal_enhancement,low,,1.554063091278106,0.3,2342,139,1.5540630912780762,0.254509242391721,0.005390055631047856,0.017511145942173355,0.2545092423917194,35.992702591301686,False,[],0,0,0,0.2812770488486158,16.642113425276072,0
2528,M90,5,1104386.27,1.3000000000000001e-05,0.505,2102813.87,1246.6,200.0,denoising,low,,1.053224821090712,0.3,2528,140,1.0532248210906983,0.16469329375491504,0.0036879328001906382,0.0036598620340212,0.1646932937549126,36.048977313999025,False,[],0,0,0,0.2738024120764256,15.713315727952581,0
1268,M88,8,2527468.89,1.3000000000000001e-05,0.6688,3508419.4,1296.54,200.0,denoising,low,7.0,2.410382165908845,0.3,1268,141,2.4103821659088136,0.4080740049147145,0.0036879328001906382,0.004870943652551851,0.4080740049147098,36.986167710082306,False,[571],1,0,1,0.29327286896920957,18.147122839550576,0
2323,M93,3,1030593.07,9.499999999999999e-05,0.9151,2052997.54,1146.45,200.0,signal_enhancement,low,,0.9828501415253619,0.3,2323,142,0.9828501415252685,0.1520729151188824,0.026950278155239274,0.006692002276752704,0.15207291511889454,35.907531592172944,False,[],0,0,0,0.2767473804959013,16.00583415798313,0
2779,M93,4,4326402.85,1.2e-05,0.6666,4630237.0,5008.41,200.0,denoising,low,,4.125979280471851,0.3,2779,143,4.125979280471801,0.7157341648809109,0.003404245661714435,0.004854677599067313,0.7157341648809027,38.21729633155162,False,[],0,0,0,0.31783745495296434,21.21861807071997,1
2225,M93,5,1724645.04,1e-06,0.6708,1777836.42,1093.93,200.0,signal_enhancement,low,,1.6447496795654315,0.3,2225,144,1.6447496795654297,0.27077218083014504,0.0002836871384762029,0.004885730973901432,0.2707721808301381,36.43651679410353,False,[],0,0,0,0.28171000127995255,16.712828176794023,0
450,M94,0,940815.36,0.000188,1.1168,1438477.0,1633.55,200.0,signal_enhancement,low,,0.8972314453126687,0.3,450,145,0.8972314453125,0.13671880805649822,0.05333318203352615,0.008183303634857907,0.1367188080565242,35.801376123180255,False,[],0,0,0,0.28000414559021924,16.327185357168453,0
2164,M93,4,1440570.33,2.9999999999999997e-05,1.0311,1960482.04,1066.86,200.0,signal_enhancement,low,,1.3738349246979171,0.3,2164,146,1.373834924697876,0.22218870157838258,0.008510614154286087,0.007549666915028378,0.22218870157838375,36.16226479886268,False,[],0,0,0,0.27922190053249923,16.375078070560974,0
2372,M93,2,1987875.92,7.2e-05,0.2085,1693255.38,2712.06,200.0,denoising,medium,0.0,1.8957862091065816,0.65,2372,147,1.8957862091064452,0.31579087326110156,0.02042547397028661,0.0014676416439458751,0.31579087326111777,31.469134243726028,False,[116],1,0,1,0.28873560043583685,17.525567264076173,0
2012,M90,2,1755311.45,0.00016,1.4947,1580586.9,676.78,200.0,denoising,low,0.0,1.6739954471590814,0.3,2012,148,1.6739954471588134,0.27601686063272596,0.04538994215619247,0.010977368003861163,0.27601686063276665,36.27474640241507,False,[116],1,0,1,0.2897976390171708,17.577187565138725,0
270,M94,0,1669088.52,2.1e-05,1.3789,2194486.58,1932.91,200.0,signal_enhancement,low,,1.591766853332553,0.3,270,149,1.5917668533325195,0.261270704839128,0.005957429908000261,0.010121182097720446,0.26127070483912695,36.2414473564249,False,[],0,0,0,0.28191441947149026,16.719940786735286,0
1840,M94,0,1934155.43,3.6e-05,1.2256,2766341.31,2680.78,200.0,denoising,low,,1.8445543575287529,0.3,1840,150,1.8445543575286865,0.3066034017283153,0.010212736985143306,0.008987733916275093,0.3066034017283191,36.45678158942501,False,[],0,0,0,0.2862644374257396,17.249863283015735,0
2934,M90,6,2038664.5,8e-06,0.7689,2652095.84,1597.53,200.0,signal_enhancement,low,,1.944221973419205,0.3,2934,151,1.9442219734191895,0.32447691899412895,0.0022694971078096233,0.005611049086098361,0.32447691899412323,36.62957620339357,False,[],0,0,0,0.28634396802785794,17.285620137881864,0
978,M90,8,2205899.34,7.6e-05,1.9255,1719706.81,2198.72,200.0,denoising,low,,2.1037095451356578,0.3,978,152,2.103709545135498,0.3530780231871485,0.021560222524191423,0.014162557022560826,0.353078023187168,36.487435382071766,False,[],0,0,0,0.29191147968408443,17.91886423730693,0
2166,M93,6,1047582.99,3.9e-05,1.1872,3137715.01,1575.59,200.0,denoising,low,,0.9990529918671045,0.3,2166,153,0.9990529918670654,0.15497859238177256,0.011063798400571914,0.008703817346363146,0.15497859238177486,35.8587998491362,False,[],0,0,0,0.274279133118639,15.74893429502802,0
354,M94,4,3202904.89,2.9999999999999997e-05,0.6063,1938452.09,1796.42,200.0,denoising,low,,3.054528131485077,0.3,354,154,3.0545281314849855,0.5235895004401466,0.008510614154286087,0.004408839860377457,0.5235895004401501,37.46209280594927,False,[],0,0,0,0.30333396444144034,19.389086059178616,0
1876,M88,6,1866737.17,1.9e-05,2.8548,872372.21,757.01,200.0,denoising,low,3.0,1.7802592945099216,0.3,1876,155,1.7802592945098876,0.2950732882736543,0.005390055631047856,0.021033485887643456,0.2950732882736526,36.049288576465315,False,[],0,0,0,0.2845221725191705,17.047753884095403,0
184,M88,4,1659367.27,8.6e-05,1.7535,1914361.21,2122.67,200.0,denoising,low,,1.5824959468842912,0.3,184,156,1.5824959468841553,0.25960814167862634,0.024397093908953452,0.012890847386496894,0.25960814167864366,36.1517071451196,False,[],0,0,0,0.2849161572988122,17.035229107147426,0
2744,M90,5,5886706.04,1e-05,1.4738,7230036.72,3705.83,200.0,signal_enhancement,low,,5.614000358581599,0.3,2744,157,5.614000358581543,0.9825828317609151,0.0028368713847620295,0.010822840495758046,0.982582831760902,39.105646112170916,False,[],0,0,0,0.3390888946762827,23.876892002534866,1
1614,M94,4,1109754.55,2.8999999999999997e-05,1.7062,1467162.75,1571.13,200.0,denoising,low,,1.0583444118500065,0.3,1614,158,1.0583444118499756,0.16561139632024954,0.008226927015809883,0.012541127236579313,0.16561139632025015,35.78621176818362,False,[],0,0,0,0.2746474892983076,15.804198649487073,0
2759,M90,2,4251817.08,3.1e-05,0.8722,3478771.62,4449.02,200.0,denoising,low,,4.054848747253544,0.3,2759,159,4.054848747253418,0.702978238071123,0.008794301292762291,0.0063748142338041994,0.7029782380711288,38.12066852527037,False,[],0,0,0,0.31773329026545943,21.18807980398095,1
1706,M93,6,2229097.16,8e-06,1.506,2979807.16,2092.46,200.0,signal_enhancement,low,2.0,2.1258327102661303,0.3,1706,160,2.1258327102661134,0.3570453978494552,0.0022694971078096233,0.011060916369486293,0.35704539784944905,36.596354100313235,False,[1545],1,0,1,0.288949446336284,17.611304926435125,0
1861,M90,1,1875658.95,7.5e-05,2.6594,1960779.07,1959.12,200.0,signal_enhancement,low,0.0,1.788767766952649,0.3,1861,161,1.7887677669525146,0.2965991231975685,0.021276535385715216,0.01958876459178943,0.2965991231975847,36.098733555036596,False,[116],1,0,1,0.2873449408713771,17.348968868918558,0
246,M88,6,2060697.84,3.2e-05,1.6846,2085562.48,2575.28,200.0,signal_enhancement,low,,1.9652346038818989,0.3,246,162,1.965234603881836,0.32824514009602507,0.009077988431238493,0.012381424166003843,0.3282451400960278,36.441537835403985,False,[],0,0,0,0.2878028692409925,17.445855192722544,0
555,M93,5,2046653.2,2.4e-05,0.1727,910282.85,716.86,200.0,signal_enhancement,medium,,1.9518405914307109,0.65,555,163,1.951840591430664,0.3258431752184107,0.00680849132342887,0.0012029485917883823,0.32584317521841066,31.51728424311999,False,[],0,0,0,0.2872248975424558,17.380984596005828,0
1752,M90,2,1003563.77,5.3e-05,1.179,3049226.72,2251.6,200.0,denoising,low,,0.9570729923248799,0.3,1752,164,0.9570729923248291,0.14745026695798255,0.015035418339238755,0.008643189328829865,0.14745026695798713,35.83050538796703,False,[],0,0,0,0.27435204247430917,15.745140199686123,0
1364,M90,4,1824890.51,9e-06,0.9907,1948635.07,2126.11,200.0,denoising,low,0.0,1.7403512096405187,0.3,1364,165,1.740351209640503,0.28791652187982236,0.0025531842462858264,0.0072509630237668505,0.28791652187981753,36.43413719680628,False,[116],1,0,1,0.2834673630722544,16.925122535231367,0
67,M94,7,1690593.57,1.9e-05,2.7525,1498553.99,1704.13,200.0,signal_enhancement,low,,1.6122756671905827,0.3,67,166,1.6122756671905518,0.26494857588397785,0.005390055631047856,0.020277114400612407,0.26494857588397625,35.95148087151753,False,[],0,0,0,0.2821121955279964,16.74650676019864,0
2618,M90,5,1204045.11,5.2000000000000004e-05,3.4165,1795865.5,1752.87,200.0,signal_enhancement,low,,1.148266897201598,0.3,2618,167,1.1482668972015382,0.18173730723078807,0.014751731200762553,0.02518650508867317,0.18173730723079348,35.47135407626296,False,[],0,0,0,0.27704677888259266,16.082904233921607,0
2284,M88,4,1775385.73,0.000169,0.2138,1354791.03,1167.35,200.0,denoising,medium,,1.693139772415447,0.65,2284,168,1.6931397724151611,0.27945003624302256,0.04794312640247829,0.0015068280455222637,0.27945003624306636,31.322595303606423,False,[],0,0,0,0.2905063343878631,17.657476637674833,0
532,M94,2,1682232.23,1.2e-05,1.4766,1870045.26,732.44,200.0,signal_enhancement,low,,1.6043016719818308,0.3,532,169,1.6043016719818115,0.2635185894258136,0.003404245661714435,0.010843542745647458,0.26351858942580997,36.22876807533383,False,[],0,0,0,0.2816602089165565,16.696462316168997,0
2873,M90,8,1251581.43,9.8e-05,1.9702,1291277.87,1998.06,200.0,signal_enhancement,low,,1.1936010646821236,0.3,2873,170,1.1936010646820068,0.18986713975415886,0.027801339570667886,0.014493053654723953,0.18986713975417435,35.82467694937491,False,[],0,0,0,0.27991559890734624,16.39909550981361,0
2705,M90,2,2000347.66,6e-06,1.4594,1916614.85,2378.58,200.0,denoising,low,,1.9076801872253533,0.3,2705,171,1.9076801872253417,0.3179238351200554,0.0017021228308572176,0.010716371782041066,0.3179238351200492,36.45020418701899,False,[],0,0,0,0.28572326769085016,17.209876562155983,0
1502,M93,2,996020.58,1.6e-05,1.064,948805.42,1676.36,200.0,denoising,low,,0.9498792457580718,0.3,1502,172,0.9498792457580566,0.14616020345723268,0.004538994215619247,0.00779291835122898,0.14616020345723094,35.85085326329206,False,[],0,0,0,0.2724644452932339,15.543303930453472,0
761,M90,1,1752466.08,1.6e-05,2.2335,1581808.84,1132.18,200.0,denoising,low,,1.6712818908691673,0.3,761,173,1.6712818908691407,0.27553023521521314,0.004538994215619247,0.016439804510396238,0.2755302352152106,36.10892680554896,False,[],0,0,0,0.2828140478338723,16.837004248033278,0
2752,M90,4,4432636.16,4e-06,1.0597,7128664.51,2955.65,200.0,signal_enhancement,low,1.0,4.227291259765642,0.3,2752,174,4.227291259765625,0.7339025678768378,0.0011347485539048117,0.007761125610327382,0.7339025678768234,38.20277650319753,False,[],0,0,0,0.31890511268431077,21.359451152738664,1
1211,M90,1,1502939.07,1.4000000000000001e-05,1.3588,2190646.28,1737.26,200.0,signal_enhancement,low,,1.4333143901825152,0.3,1211,175,1.4333143901824952,0.23285522795008448,0.003971619938666841,0.00997256951815716,0.23285522795008162,36.132243826255625,False,[],0,0,0,0.2793035936255801,16.400041438396848,0
2243,M90,3,1531690.12,5.5e-05,1.9321,2717518.97,1113.55,200.0,denoising,low,,1.4607335281372875,0.3,2243,176,1.4607335281372071,0.2377723359923364,0.015602792616191161,0.01421135518301444,0.2377723359923443,36.02474868847891,False,[],0,0,0,0.2816742616241394,16.658573627014807,0
1793,M94,3,778563.8,2.7000000000000002e-05,0.6722,1995962.91,1449.16,200.0,denoising,low,,0.7424962997436725,0.3,1793,177,0.7424962997436524,0.10896996234324872,0.0076595527388574796,0.004896082098846139,0.10896996234324867,35.78899738640761,False,[],0,0,0,0.2700197209530657,15.227571572731922,0
535,M94,5,1108555.37,1.7e-05,0.9143,2664820.23,1546.31,200.0,denoising,low,,1.0572007846832456,0.3,535,178,1.0572007846832276,0.16540630824095826,0.00482268135409545,0.006686087348212871,0.16540630824095656,35.96104261251745,False,[],0,0,0,0.27405236048947285,15.740871346783301,0
1746,M93,6,1402543.78,1.2e-05,0.2151,2380913.88,1253.39,200.0,denoising,medium,,1.337569980621354,0.65,1746,179,1.337569980621338,0.21568526414482467,0.003404245661714435,0.0015164398043994913,0.21568526414482148,31.067247862447314,False,[],0,0,0,0.2778335428940774,16.218129063359108,0
463,M94,3,2045600.7,9.300000000000001e-05,3.0569,2028415.76,601.35,200.0,denoising,low,,1.9508368492128279,0.3,463,180,1.9508368492126464,0.3256631728806015,0.026382903878286873,0.022527744710018578,0.3256631728806255,36.12682035022184,False,[],0,0,0,0.29053814748975687,17.731523998615177,0
2677,M88,1,884474.38,5.6000000000000006e-05,1.3659,1899585.65,1527.49,200.0,denoising,low,,0.843500499725389,0.3,2677,181,0.8435004997253418,0.1270831708931127,0.015886479754667365,0.010025064508948172,0.12708317089311708,35.707580748304004,False,[],0,0,0,0.2728673552297425,15.55678834451514,0
1839,M90,9,2031213.36,7.099999999999999e-05,0.0964,1353250.67,1963.76,200.0,denoising,high,,1.93711601257338,1.0,1839,182,1.9371160125732423,0.32320259821565495,0.020141786831810404,0.0006388122823018823,0.32320259821567116,26.273646024393564,True,[],0,0,0,0.28928031161866014,17.594578145129137,1
2862,M90,6,2143771.48,3.3e-05,2.3531,1715451.13,1866.91,200.0,denoising,low,,2.0444598007202823,0.3,2862,183,2.044459800720215,0.3424526929799421,0.009361675569714697,0.01732408632710116,0.3424526929799453,36.35008818210673,False,[],0,0,0,0.2889877002852469,17.593037090054285,0
124,M90,4,1483269.53,7.7e-05,2.1993,2041365.36,2023.59,200.0,denoising,low,,1.4145560550690788,0.3,124,184,1.4145560550689698,0.229491272431194,0.021843909662667624,0.016186941315318414,0.22949127243120718,35.93235685026522,False,[],0,0,0,0.282072766437149,16.688103098239957,0
178,M94,8,1819617.52,2.7000000000000002e-05,0.6377,2267273.46,1694.53,200.0,signal_enhancement,low,,1.735322494506883,0.3,178,185,1.735322494506836,0.28701471615322405,0.0076595527388574796,0.004641000805565874,0.2870147161532249,36.50882884044592,False,[],0,0,0,0.2842633012578637,17.008019110831675,0
192,M93,2,2171827.33,1.9e-05,1.6236,1629167.78,2000.27,200.0,denoising,low,,2.0712159442902007,0.3,192,186,2.071215944290161,0.3472509054162605,0.005390055631047856,0.011930410864841633,0.34725090541625864,36.53109129571979,False,[],0,0,0,0.288696381890579,17.569530055521465,0
2307,M88,7,996633.77,0.000123,2.2802,1999615.97,1170.89,200.0,denoising,low,,0.9504640293122507,0.3,2307,187,0.9504640293121338,0.14626507341782297,0.034893518032572964,0.016785088463908946,0.14626507341783943,35.58150763975402,False,[],0,0,0,0.27763310393896323,16.090734058764543,0
1429,M94,9,1774339.28,3e-06,2.7503,1383324.93,1560.4,200.0,denoising,low,,1.6921417999267632,0.3,1429,188,1.6921417999267578,0.2792710685979865,0.0008510614154286088,0.02026084834712787,0.27927106859797995,36.009258823978115,False,[],0,0,0,0.28248636592846177,16.80802979145758,0
1691,M93,1,2362466.28,1e-06,2.3031,1737732.46,445.97,200.0,denoising,low,,2.253023414611819,0.3,1691,189,2.253023414611816,0.3798546647297974,0.0002836871384762029,0.016954403293361647,0.3798546647297881,36.51078656011835,False,[],0,0,0,0.2904365999919247,17.803653015790545,0
741,M88,1,3074521.28,4e-05,1.5319,1526810.98,1264.2,200.0,signal_enhancement,low,,2.932091979980586,0.3,741,190,2.9320919799804686,0.5016328734221999,0.011347485539048118,0.011252412180963362,0.5016328734222085,37.1689591282599,False,[],0,0,0,0.3020597024154142,19.220583473924865,0
1034,M94,4,2356875.34,7.2e-05,0.8793,1183074.55,1466.83,200.0,denoising,low,1.0,2.2476914787294096,0.3,1034,191,2.247691478729248,0.37889848204993876,0.02042547397028661,0.0064273092245952105,0.3788984820499581,36.8227746514619,False,[],0,0,0,0.2937842091389438,18.156643351964547,0
1966,M94,6,2046492.56,1.7e-05,2.1779,2206699.19,1157.37,200.0,denoising,low,,1.95168739318851,0.3,1966,192,1.9516873931884766,0.3258157019874885,0.00482268135409545,0.0160287169768779,0.325815701987486,36.32240129864362,False,[],0,0,0,0.2868851119891953,17.344965284248605,0
478,M88,8,1697871.75,2.7000000000000002e-05,0.1984,2443634.87,1581.75,200.0,signal_enhancement,medium,,1.6192166805267774,0.65,478,193,1.6192166805267334,0.2661933164207915,0.0076595527388574796,0.001392965671130493,0.26619331642079225,31.27298429554925,False,[],0,0,0,0.2825975892792691,16.79980511350735,0
1027,M88,7,1562239.51,1.2e-05,1.8699,1009578.14,1010.95,200.0,signal_enhancement,low,4.0,1.4898676967621027,0.3,1027,194,1.489867696762085,0.24299700261337773,0.003404245661714435,0.013751469489042484,0.24299700261337426,36.05944392578223,False,[],0,0,0,0.28001848197156165,16.491246448044638,0
2601,M94,6,2492056.66,5e-06,1.1324,1900023.96,1236.71,200.0,signal_enhancement,low,2.0,2.3766104316711547,0.3,2601,195,2.3766104316711427,0.4020176778961507,0.0014184356923810147,0.008298644741384637,0.40201767789614273,36.85911136934306,False,[1545],1,0,1,0.2924025482993968,18.045708621424364,0
368,M93,8,1517487.54,1.8e-05,0.17800000000000002,2077768.47,1590.5,200.0,signal_enhancement,medium,,1.447188892364528,0.65,368,196,1.447188892364502,0.23534335964751676,0.005106368492571653,0.001242134993364771,0.23534335964751493,31.154109388789127,False,[],0,0,0,0.27969555141553853,16.44534822934146,0
2523,M90,0,1127957.84,2.3e-05,0.3941,2216224.41,1558.37,200.0,denoising,low,,1.0757044219970953,0.3,2523,197,1.0757044219970704,0.16872458848729888,0.006524804184952667,0.0028399050651869554,0.16872458848729835,36.089701201993584,False,[],0,0,0,0.2746071837904258,15.804692360202136,0
845,M93,5,2168179.71,3.2e-05,1.7661,2568077.71,1330.69,200.0,denoising,low,,2.0677373027802175,0.3,845,198,2.0677373027801513,0.3466270763165553,0.009077988431238493,0.012984007510999252,0.3466270763165582,36.496988079936244,False,[],0,0,0,0.289273424138635,17.629674554927846,0
256,M94,6,1648587.82,1.2e-05,0.7533,2554282.28,1959.8,200.0,denoising,low,,1.5722158622741889,0.3,256,199,1.57221586227417,0.25776460134580187,0.003404245661714435,0.005495707979571632,0.25776460134579826,36.36618716599605,False,[],0,0,0,0.2811998898701556,16.63892243536888,0
1222,M94,2,1801190.65,2e-05,2.2529,2116680.07,1300.85,200.0,denoising,low,,1.7177492618561134,0.3,1222,200,1.717749261856079,0.28386328652993964,0.005673742769524059,0.01658324152748717,0.28386328652993825,36.13795590029514,False,[],0,0,0,0.2836735991932143,16.94076023515083,0
1992,M88,2,976678.93,8e-06,1.7002,1832407.23,1484.32,200.0,denoising,low,,0.9314336109161452,0.3,1992,201,0.9314336109161377,0.14285232486617527,0.0022694971078096233,0.01249676527253057,0.14285232486617216,35.69650634128878,False,[],0,0,0,0.27181400049762167,15.469374196602326,0
211,M90,1,1139282.32,2.2e-05,1.5091,1912595.63,1098.89,200.0,denoising,low,,1.0865042877197506,0.3,211,202,1.0865042877197266,0.1706613418122147,0.006241117046476464,0.011083836717578144,0.17066134181221398,35.85013026572151,False,[],0,0,0,0.27471389724287815,15.818953524958724,0
2689,M88,4,1313322.38,8.8e-05,0.6114,1442610.77,1909.44,200.0,signal_enhancement,low,2.0,1.2524818229676393,0.3,2689,203,1.2524818229675292,0.20042629922072702,0.024964468185905857,0.004446547529818889,0.20042629922074107,36.16830877098834,False,[1545],1,0,1,0.2802780635292621,16.453623419553576,0
1949,M88,9,1684143.46,5e-06,1.4053,2236951.09,1400.77,200.0,signal_enhancement,low,,1.6061243629455648,0.3,1949,204,1.6061243629455566,0.2638454548586793,0.0014184356923810147,0.01031637473953491,0.26384545485867367,36.245890577248666,False,[],0,0,0,0.2813487704563991,16.66398639104965,0
1362,M90,2,1091852.07,1.2e-05,1.7582,1518691.72,2373.4,200.0,denoising,low,,1.0412712764740115,0.3,1362,205,1.041271276473999,0.16254964976197586,0.003404245661714435,0.012925597591668407,0.16254964976197323,35.76243067129785,False,[],0,0,0,0.27358269374344946,15.686772919530618,0
2151,M94,1,1242562.09,5e-06,0.7014,1336019.23,552.46,200.0,denoising,low,,1.1849995517730774,0.3,2151,206,1.1849995517730714,0.1883246197679391,0.0014184356923810147,0.005111976990550016,0.18832461976793474,36.09993916935526,False,[],0,0,0,0.2753071036491399,15.908778040142248,0
2153,M94,3,1125310.92,1e-05,0.9838,1161898.86,1401.55,200.0,signal_enhancement,low,,1.0731801223754989,0.3,2153,207,1.0731801223754882,0.1682719027029815,0.0028368713847620295,0.007199946765110797,0.16827190270297843,35.9570892078586,False,[],0,0,0,0.27394402035164805,15.733782711955532,0
567,M94,7,1543044.47,1.2e-05,1.854,1401693.67,1338.87,200.0,denoising,low,,1.4715618801117119,0.3,567,208,1.4715618801116943,0.23971419779215042,0.003404245661714435,0.01363391028431332,0.23971419779214698,36.0498394826392,False,[],0,0,0,0.27975585758586347,16.458418399832365,0
2206,M88,6,1566468.17,0.000185,0.46399999999999997,777257.4,1172.17,200.0,denoising,low,,1.4939004611971756,0.3,2206,209,1.4939004611968993,0.24372020326496954,0.05248212061809754,0.0033567219463547975,0.24372020326501243,36.37417915466923,False,[],0,0,0,0.28841957676627417,17.381880203775452,0
2093,M94,3,1126606.83,1.7e-05,1.2233,1383689.29,1882.3,200.0,denoising,low,,1.0744159984588808,0.3,2093,210,1.0744159984588624,0.1684935338949914,0.00482268135409545,0.008970728496723075,0.1684935338949897,35.90485228067828,False,[],0,0,0,0.2742993385417955,15.771743603323632,0
1710,M93,0,2043419.24,3.5e-05,2.4421,1471434.59,1816.13,200.0,signal_enhancement,low,,1.9487564468384473,0.3,1710,211,1.948756446838379,0.3252900917406136,0.009929049846667102,0.017982122127157496,0.32529009174061735,36.261696703147734,False,[],0,0,0,0.28771114581318247,17.431623814646144,0
1263,M88,3,2573619.32,3.1e-05,0.6149,2177422.92,2075.87,200.0,signal_enhancement,low,,2.454394645690994,0.3,1263,212,2.454394645690918,0.41596681754264925,0.008794301292762291,0.004472425342180654,0.4159668175426524,37.029694509905184,False,[],0,0,0,0.2947723766231815,18.31796559869621,0
2123,M90,3,1254101.34,3.8e-05,1.2381,1450649.3,1875.83,200.0,signal_enhancement,low,,1.1960042381287077,0.3,2123,213,1.1960042381286622,0.19029810383118395,0.010780111262095712,0.009080154674709972,0.19029810383118664,35.98878777508343,False,[],0,0,0,0.277056467221051,16.097023041029562,0
798,M94,8,2389620.91,8.499999999999999e-05,0.5499,2098142.66,940.95,200.0,signal_enhancement,low,,2.278920087814525,0.3,798,214,2.278920087814331,0.38449874727834343,0.024113406770477245,0.003991837398319285,0.3844987472783684,36.91823986716379,False,[],0,0,0,0.2948591789332486,18.279028794652024,0
80,M90,0,1992723.31,2.6000000000000002e-05,2.1374,1548427.81,1466.41,200.0,denoising,low,,1.9004090404510992,0.3,80,215,1.9004090404510499,0.3166198913440214,0.0073758656003812765,0.01572927371954889,0.31661989134402196,36.294601353789616,False,[],0,0,0,0.2865834884595865,17.298964494247077,0
32,M90,2,1014401.03,5e-05,1.565,1436300.36,627.31,200.0,denoising,low,,0.9674082088470942,0.3,32,216,0.9674082088470459,0.14930369416505762,0.014184356923810147,0.011497142349298922,0.1493036941650617,35.752300506181264,False,[],0,0,0,0.27435563621025233,15.748355366279158,0
414,M88,4,2554916.22,8e-06,1.6292,1496781.66,1741.07,200.0,signal_enhancement,low,,2.43655797958376,0.3,414,217,2.4365579795837404,0.41276814607064943,0.0022694971078096233,0.011971815364620459,0.41276814607064244,36.79191812334398,False,[],0,0,0,0.29340726619397955,18.168532408647067,0
1804,M88,4,1343889.87,2.7000000000000002e-05,0.5585,1876502.22,1206.06,200.0,signal_enhancement,low,,1.281633253097569,0.3,1804,218,1.2816332530975343,0.20565406136890793,0.0076595527388574796,0.004055422880122481,0.20565406136890832,36.200953559071955,False,[],0,0,0,0.27775444887511835,16.194412562988514,0
2213,M94,3,1909489.37,4.5e-05,1.0487,2272308.32,1895.24,200.0,denoising,low,,1.8210309696198332,0.3,2213,219,1.821030969619751,0.3023849233772058,0.012765921231429132,0.007679795342904688,0.3023849233772125,36.479145833221686,False,[],0,0,0,0.2863610004795194,17.253635815937784,0
1321,M94,1,1461117.26,6e-06,0.1887,1694286.35,1444.55,200.0,signal_enhancement,medium,,1.3934300041198815,0.65,1321,220,1.393430004119873,0.2257027114926844,0.0017021228308572176,0.0013212471625850273,0.22570271149267965,31.113173431093184,False,[],0,0,0,0.2783455778006605,16.287665325882273,0
1567,M90,7,1712463.98,8e-06,1.8056,2079000.49,1728.54,200.0,denoising,low,,1.6331329154968393,0.3,1567,221,1.6331329154968262,0.26868893211091033,0.0022694971078096233,0.013276057107653469,0.26868893211090544,36.17647401521403,False,[],0,0,0,0.2818809290772004,16.727740269049676,0
783,M90,3,1151663.35,1.4000000000000001e-05,3.1971,2141044.84,1809.26,200.0,denoising,low,,1.0983117580413972,0.3,783,222,1.098311758041382,0.1727787901205152,0.003971619938666841,0.023564335936624176,0.17277879012051287,35.48418508238334,False,[],0,0,0,0.2744974785992146,15.799277060101156,0
2991,M94,0,2363798.81,8e-06,0.9047,2390855.2,2339.42,200.0,denoising,low,,2.2542942142486755,0.3,2991,223,2.2542942142486573,0.38008255880599784,0.0022694971078096233,0.006615108205734884,0.38008255880599134,36.821876989051944,False,[],0,0,0,0.29079241921280746,17.841676536000552,0
1412,M94,2,1763245.05,5e-06,0.3064,2582852.24,986.35,200.0,denoising,low,,1.6815615177154628,0.3,1412,224,1.6815615177154541,0.27737369345671015,0.0014184356923810147,0.002191481024007846,0.2773736934567043,36.54375034310661,False,[],0,0,0,0.2824310295442416,16.79926877702996,0
457,M94,7,1792112.31,0.00021600000000000002,1.285,2144423.09,2188.4,200.0,signal_enhancement,low,,1.709091482162845,0.3,457,225,1.7090914821624756,0.2823106761513866,0.061276421910859837,0.009426917360357636,0.2823106761514453,36.34643518379482,False,[],0,0,0,0.2930018458169571,17.926082355909344,0
139,M93,9,2347801.18,1.1e-05,2.7449,2379399.91,1773.96,200.0,denoising,low,,2.239037685394312,0.3,139,226,2.2390376853942873,0.3773465865500291,0.003120558523238232,0.020220922579484,0.3773465865500239,36.40275866881559,False,[],0,0,0,0.2907182218729528,17.82963591891858,0
2230,M88,0,1039657.81,0.0,2.4541,1777505.46,2331.8,200.0,signal_enhancement,low,,0.991494951248169,0.3,2230,227,0.991494951248169,0.15362319957649087,0.0,0.018070846055254983,0.1536231995764862,35.57236741664831,False,[],0,0,0,0.27228985596611927,15.536231995764908,0
1025,M88,5,1282664.81,2e-05,2.6571,1828772.28,1247.95,200.0,signal_enhancement,low,,1.223244485855127,0.3,1025,228,1.2232444858551026,0.1951831312667601,0.005673742769524059,0.019571759172237413,0.1951831312667589,35.69357974989991,False,[],0,0,0,0.2765791867721599,16.053958682519035,0
88,M90,8,1620449.63,2.5e-05,2.4371,1539295.08,1735.06,200.0,denoising,low,,1.5453811931610495,0.3,88,229,1.5453811931610106,0.25295230682635256,0.007092178461905073,0.017945153823783547,0.25295230682635267,35.9734546125919,False,[],0,0,0,0.281441854884632,16.657182280577818,0
1442,M90,2,2193863.03,7.900000000000001e-05,1.9146,1861669.85,1797.35,200.0,denoising,low,,2.0922308254243593,0.3,1442,230,2.092230825424194,0.35101953013384996,0.02241128393962003,0.014081966121205613,0.35101953013387055,36.48161913689923,False,[],0,0,0,0.2918914806804434,17.91359841225166,0
1831,M90,1,2974981.83,0.000102,0.1094,1220085.69,2104.61,200.0,signal_enhancement,high,,2.837163763046554,1.0,1831,231,2.8371637630462647,0.4846092784537958,0.028936088124572698,0.0007349298710741561,0.48460927845383567,26.916389217682962,True,[],0,0,0,0.30368787725748103,19.366942370780265,1
2576,M93,8,983869.88,8.6e-05,2.9921,1543458.37,1915.02,200.0,denoising,low,,0.9382914352417798,0.3,2576,232,0.9382914352416992,0.14408214701445962,0.024397093908953452,0.022048635498292165,0.14408214701446964,35.414869523109076,False,[],0,0,0,0.2756740777256788,15.879969160505759,0
254,M94,4,1679308.74,1e-05,1.2564,1860589.34,1374.54,200.0,denoising,low,,1.601513614654557,0.3,254,233,1.601513614654541,0.26301860364475715,0.0028368713847620295,0.009215458665058634,0.26301860364475294,36.27561065462727,False,[],0,0,0,0.2815237564269901,16.681249721373288,0
605,M93,5,1755241.18,3e-06,0.3147,2508558.67,2532.93,200.0,denoising,low,,1.6739284324646047,0.3,605,234,1.6739284324645995,0.2760048428044335,0.0008510614154286088,0.0022528484076086053,0.276004842804427,36.536433918989474,False,[],0,0,0,0.2822250678649775,16.77536753352205,0
1044,M93,4,1414255.77,1.2e-05,1.2612,1904174.9,1286.88,200.0,signal_enhancement,low,,1.348739404678361,0.3,1044,235,1.3487394046783447,0.21768829082453806,0.003404245661714435,0.009250948236297627,0.2176882908245349,36.09322471620923,False,[],0,0,0,0.2779937850284545,16.23815933015624,0
568,M94,8,1087266.05,5e-06,1.262,2342333.47,1225.84,200.0,signal_enhancement,low,,1.036897706985479,0.3,568,236,1.0368977069854737,0.16176533211709235,0.0014184356923810147,0.00925686316483746,0.16176533211708846,35.869355433523246,False,[],0,0,0,0.27318236063707213,15.643185163633781,0
1732,M90,2,1066859.17,3.3e-05,0.71,2792067.32,1524.39,200.0,signal_enhancement,low,,1.017436189651523,0.3,1732,237,1.0174361896514892,0.15827527405781205,0.009361675569714697,0.005175562472353212,0.15827527405781333,35.97783422206066,False,[],0,0,0,0.2742535067714764,15.751262900832986,0
2542,M94,1,2542744.24,2.1e-05,0.0424,1549156.36,939.48,200.0,denoising,high,,2.424949874877981,1.0,2542,238,2.42494987487793,0.41068645024569234,0.005957429908000261,0.0002395546058632058,0.41068645024569117,26.635559162806874,True,[],0,0,0,0.2938676791040154,18.21409824080093,1
857,M90,7,1852231.94,0.001282,2.0935,1735297.39,1528.29,200.0,signal_enhancement,low,,1.7664260292075868,0.3,857,239,1.7664260292053222,0.29259255163663705,0.36368691152649213,0.015404692015925599,0.2925925516370354,36.208229446068785,False,[],0,0,0,0.3452341790904346,23.472289923843228,0
2472,M94,3,2156125.2,1e-06,3.0024,1795218.18,1683.17,200.0,signal_enhancement,low,,2.0562412261962915,0.3,2472,240,2.0562412261962892,0.3445654706337575,0.0002836871384762029,0.022124790203242505,0.3445654706337489,36.21451817643775,False,[],0,0,0,0.2876134644642415,17.450761074830147,0
817,M94,7,1507851.75,0.00026000000000000003,3.5808,2129309.49,2493.79,200.0,denoising,low,,1.4379994869235917,0.3,817,241,1.4379994869232178,0.2336954121637744,0.07375865600381276,0.026401283537541217,0.23369541216383502,35.642743142528865,False,[],0,0,0,0.2912346044937501,17.664609929706373,0
2030,M93,0,739385.52,1.6e-05,1.4958,2107328.55,1279.64,200.0,denoising,low,,0.705132980346691,0.3,2030,242,0.7051329803466797,0.10226955190016584,0.004538994215619247,0.010985501030603433,0.10226955190016436,35.57951317668256,False,[],0,0,0,0.2689531931686685,15.104397414882804,0
1877,M88,7,1347726.61,2.3e-05,2.0416,2917390.68,1808.6,200.0,denoising,low,,1.2852922534942925,0.3,1877,243,1.2852922534942628,0.20631023445163116,0.006524804184952667,0.01502096102690398,0.20631023445163066,35.87461210699941,False,[],0,0,0,0.27761403546757246,16.18054881984546,0
141,M93,1,2338529.27,2.8000000000000003e-05,1.2969,3178597.47,1311.58,200.0,signal_enhancement,low,,2.2301953029633195,0.3,141,244,2.230195302963257,0.37576087113344303,0.007943239877333683,0.009514901922387641,0.37576087113344464,36.71759642686214,False,[],0,0,0,0.29141122046982215,17.900587029126434,0
443,M94,3,1365885.32,6.8e-05,0.22699999999999998,2079231.16,1931.54,200.0,signal_enhancement,medium,2.0,1.3026097488404207,0.65,443,245,1.302609748840332,0.20941580238664292,0.0192907254163818,0.0016044243664294956,0.20941580238665292,31.03953047855369,False,[1545],1,0,1,0.28003268751171634,16.441391081361303,0
1174,M93,4,1764434.73,3.2e-05,2.1278,2230834.13,1888.28,200.0,signal_enhancement,low,,1.68269608497625,0.3,1174,246,1.6826960849761963,0.27757715681181216,0.009077988431238493,0.015658294577070908,0.2775771568118144,36.140559789935125,False,[],0,0,0,0.2837494305782555,16.939175359880416,0
486,M88,6,1547913.48,6.6e-05,1.0817,914075.79,2092.83,200.0,denoising,low,,1.4762053298951168,0.3,486,247,1.4762053298950195,0.24054691340527776,0.018723351139429394,0.007923786145172768,0.2405469134052886,36.22447406926592,False,[],0,0,0,0.28242672276612524,16.742489454562506,0
881,M88,1,2038676.2,1.9e-05,1.2603,1779425.7,1856.43,200.0,signal_enhancement,low,,1.9442331314087284,0.3,881,248,1.9442331314086914,0.3244789199702357,0.005390055631047856,0.009244293941690317,0.32447891997023387,36.520586861630235,False,[],0,0,0,0.28687462305489697,17.341810201061218,0
2564,M94,5,1034124.95,1.4000000000000001e-05,3.2459,2278140.76,1127.17,200.0,denoising,low,,0.9862184047699112,0.3,2564,249,0.9862184047698974,0.15267694994725456,0.003971619938666841,0.023925146577553943,0.1526769499472524,35.3929534024624,False,[],0,0,0,0.2728893313853537,15.598258658368549,0
1084,M90,4,1538034.67,4e-06,0.9009,2300710.74,1215.69,200.0,signal_enhancement,low,,1.466784162521368,0.3,1084,250,1.4667841625213622,0.23885740376653836,0.0011347485539048117,0.006587012295170681,0.23885740376653283,36.25781924621103,False,[],0,0,0,0.2793014995554869,16.40899951163567,0
1299,M94,9,1363629.26,9e-06,0.4154,2903560.45,1687.07,200.0,signal_enhancement,low,,1.3004582023620723,0.3,1299,251,1.3004582023620606,0.20902996288617937,0.0025531842462858264,0.002997390037559989,0.2090299628861756,36.24619815041792,False,[],0,0,0,0.27715643835276293,16.13625694529494,0
175,M94,5,1742620.46,4e-05,0.7868,1889566.54,1773.23,200.0,signal_enhancement,low,,1.6618923759461113,0.3,175,252,1.6618923759460449,0.2738464018497202,0.011347485539048118,0.005743395612177108,0.27384640184972475,36.42308373903357,False,[],0,0,0,0.28383678468961576,16.94271875820007,0
1094,M93,4,1189811.87,1.8e-05,0.3342,1850452.52,1663.41,200.0,denoising,low,,1.1346930217743125,0.3,1094,253,1.134693021774292,0.1793030873024271,0.005106368492571653,0.0023970247907670163,0.17930308730242556,36.1453016054867,False,[],0,0,0,0.27521232962793135,15.884945505890562,0
2700,M88,6,1902172.51,5.6999999999999996e-05,1.1268,1560814.98,2101.32,200.0,denoising,low,,1.8140530681611142,0.3,2700,254,1.8140530681610108,0.3011335676475878,0.016170166893143566,0.00825724024160581,0.3011335676475984,36.45681706334218,False,[],0,0,0,0.2868396137836414,17.30239868055246,0
2846,M88,8,1583167.81,3.2e-05,24.1193,1850422.82,1689.51,200.0,denoising,low,,1.5098264789581781,0.3,2846,255,1.50982647895813,0.2465762357975801,0.009077988431238493,0.17825598330672185,0.246576235797582,31.13862544398866,False,[],0,0,0,0.28126935689711696,16.629166149738094,0
1963,M94,3,2042156.46,1.1e-05,2.3317,2574234.85,1749.08,200.0,denoising,low,,1.947552165985129,0.3,1963,256,1.9475521659851074,0.3250741265604342,0.003120558523238232,0.01716586198866065,0.3250741265604296,36.285320646581916,False,[],0,0,0,0.28653642507378524,17.306911319022632,0
2681,M88,5,1765022.93,7e-05,2.1852,1945616.52,1942.37,200.0,denoising,low,,1.683257036209224,0.3,2681,257,1.6832570362091064,0.2776777528926667,0.019858099693334203,0.016082690699803868,0.2776777528926804,36.128230290576546,False,[],0,0,0,0.28559009717928013,17.134223323406683,0
2097,M94,7,1433098.82,8e-06,0.9054,2327636.78,1003.01,200.0,denoising,low,1.0,1.3667095375061145,0.3,2097,258,1.3667095375061036,0.2209108970491996,0.0022694971078096233,0.006620283768207238,0.2209108970491954,36.18503507515058,False,[],0,0,0,0.2780586862722636,16.24995991843257,0
2155,M94,5,871221.01,8e-06,0.9507,2012904.2,1579.89,200.0,denoising,low,,0.8308611011505194,0.3,2155,259,0.8308611011505127,0.12481653185857515,0.0022694971078096233,0.006955216596775238,0.12481653185857233,35.79060962953105,False,[],0,0,0,0.27037113705701366,15.289016266526325,0
1556,M94,6,1662825.53,0.0032719999999999997,2.0237,1373661.35,1883.19,200.0,signal_enhancement,low,,1.5857940006307991,0.3,1556,260,1.5857940006256104,0.26019958574964974,0.9282243170941359,0.014888614500825233,0.2601995857505732,36.09413990797384,False,[],0,0,0,0.43861410076597507,33.31003356519094,1
1670,M94,0,2526355.39,4.8e-05,0.6292,1509824.85,2745.33,200.0,denoising,low,,2.4093202495576107,0.3,1670,261,2.4093202495574952,0.40788357013737425,0.01361698264685774,0.004578154689830156,0.40788357013738463,36.99418963985459,False,[],0,0,0,0.2949455726609557,18.323941389017183,0
177,M94,7,2282384.76,4.1e-05,0.7718,1315106.16,1077.32,200.0,signal_enhancement,low,,2.176651725769132,0.3,177,262,2.1766517257690428,0.3661588349765271,0.01163117267752432,0.005632490702055253,0.3661588349765338,36.79566061884445,False,[],0,0,0,0.2912700061533013,17.87094945796071,0
1078,M90,8,1715383.29,2.7000000000000002e-05,0.6269,2601933.08,1435.06,200.0,signal_enhancement,low,,1.6359169864654985,0.3,1078,263,1.6359169864654541,0.2691882030133235,0.0076595527388574796,0.004561149270278138,0.26918820301332425,36.43991833394495,False,[],0,0,0,0.28283718020667165,16.82975397943267,0
598,M90,8,682654.67,0.000136,1.0287,1729789.44,1620.72,200.0,denoising,low,,0.6510302257538727,0.3,598,264,0.6510302257537842,0.09256723776628942,0.0385814508327636,0.007531922129408881,0.09256723776630198,35.64431128718289,False,[],0,0,0,0.27396422566287293,15.620138492652638,0
2190,M88,0,1493462.97,9.9e-05,2.085,2065501.92,1247.91,200.0,denoising,low,,1.4242772769929388,0.3,2190,265,1.4242772769927978,0.23123459122484544,0.028085026709144086,0.01534184590018988,0.2312345912248643,35.96468298789369,False,[],0,0,0,0.2832732218385421,16.817876393013048,0
2531,M90,8,2342642.42,2e-05,0.3092,2812932.24,1453.89,200.0,signal_enhancement,low,,2.234117908477828,0.3,2531,266,2.234117908477783,0.37646431684912945,0.005673742769524059,0.0022121832738972586,0.3764643168491279,36.9394917691796,False,[],0,0,0,0.2910816816187494,17.866770538342728,0
2667,M93,0,1395209.2,2.6000000000000002e-05,1.1878,3096749.63,1348.89,200.0,denoising,low,,1.3305751800537455,0.3,2667,267,1.330575180053711,0.21443087787703477,0.0073758656003812765,0.008708253542768019,0.21443087787703496,36.0964759052251,False,[],0,0,0,0.2784083673822276,16.27707435957721,0
2786,M90,2,1527636.95,3.4e-05,0.9466,1300507.51,1321.53,200.0,denoising,low,,1.4568681240082282,0.3,2786,268,1.4568681240081787,0.23707914827211002,0.0096453627081909,0.006924902588008598,0.23707914827211238,36.240569515448186,False,[],0,0,0,0.28060604352216123,16.544408011468537,0
479,M88,9,1965161.03,2.8999999999999997e-05,0.2596,1928966.87,1336.31,200.0,signal_enhancement,low,,1.8741236019135068,0.3,479,269,1.8741236019134522,0.3119060910253965,0.008226927015809883,0.0018454577044276596,0.3119060910253981,36.692260632968754,False,[],0,0,0,0.2863510648747194,17.267145596538544,0
1967,M94,7,1963262.85,1.3000000000000001e-05,1.5071,815189.1,1760.1,200.0,signal_enhancement,low,,1.8723133563995606,0.3,1967,270,1.8723133563995362,0.3115814574504961,0.0036879328001906382,0.011069049396228563,0.31158145745049226,36.414254347915126,False,[],0,0,0,0.2855534651720721,17.18219736490839,0
1057,M93,7,1877493.63,2.8999999999999997e-05,1.2134,1272311.15,2106.72,200.0,signal_enhancement,low,,1.790517454147391,0.3,1057,271,1.7905174541473388,0.2969128967739407,0.008226927015809883,0.00889753125604265,0.2969128967739422,36.420725649414486,False,[],0,0,0,0.28515160933460293,17.117213654023985,0
2268,M94,8,2727390.61,0.000327,2.3823,3223772.87,1926.74,200.0,denoising,low,,2.601042375565426,0.3,2268,272,2.601042375564575,0.4422653369611211,0.09276569428171835,0.017539981218805036,0.4422653369612625,36.74286191128033,False,[],0,0,0,0.3111513949847818,20.09243586668214,0
533,M94,3,2012207.83,1.4999999999999999e-05,1.9395,2251586.33,584.67,200.0,denoising,low,,1.9189909267425826,0.3,533,273,1.9189909267425538,0.3199522040766492,0.0042553070771430435,0.01426606827200789,0.31995220407664604,36.35182676814636,False,[],0,0,0,0.2863195785292463,17.276117568155065,0
1103,M88,3,1413179.84,7e-05,2.6705,2748631.95,2316.23,200.0,denoising,low,,1.3477133178711882,0.3,1103,274,1.3477133178710938,0.21750428140380734,0.019858099693334203,0.019670834225279606,0.2175042814038182,35.77989209885684,False,[],0,0,0,0.2807762194601714,16.53248860851809,0
1106,M88,6,1273404.59,4.1e-05,2.5628,1742735.22,1994.23,200.0,denoising,low,,1.214413251876881,0.3,1106,275,1.2144132518768311,0.19359941511604484,0.01163117267752432,0.018874536970604688,0.19359941511604825,35.708161551346045,False,[],0,0,0,0.2774652525644627,16.145355259355885,0
2927,M88,8,1490863.26,1e-06,1.702,2043336.18,2212.21,200.0,denoising,low,,1.421798000335695,0.3,2927,276,1.4217980003356934,0.23078997946463067,0.0002836871384762029,0.012510073861745193,0.23078997946462457,36.04785770200616,False,[],0,0,0,0.2785114251707114,16.31300616313888,0
1123,M88,3,2141505.5,0.000165,1.9382,2516566.89,1340.25,200.0,denoising,low,,2.0422987937930617,0.3,1123,277,2.0422987937927246,0.3420651569253777,0.04680837784857348,0.014256456513130662,0.3420651569254293,36.44056693230759,False,[],0,0,0,0.2953226367882877,18.2632023705281,0
942,M93,2,1875372.21,3.4e-05,2.6614,2308035.71,1207.98,200.0,signal_enhancement,low,1.0,1.7884943103790891,0.3,942,278,1.7884943103790283,0.2965500838908289,0.0096453627081909,0.019603551913139013,0.29655008389083193,36.098093778169144,False,[],0,0,0,0.28536371837165875,17.139117367655725,0
162,M88,2,1529452.48,6e-06,1.4280000000000002,962247.76,2062.52,200.0,signal_enhancement,low,,1.4585995483398524,0.3,162,279,1.4585995483398437,0.237389646746564,0.0017021228308572176,0.01048421083685265,0.23738964674655902,36.135032261880674,False,[],0,0,0,0.27928053262097086,16.404534678421072,0
1551,M94,1,1736321.29,0.002724,2.5777,1187836.74,1928.6,200.0,signal_enhancement,low,,1.6558850193068788,0.3,1551,280,1.6558850193023682,0.2727690951264349,0.7727637652091767,0.018984702514659064,0.27276909512723646,36.02153530506597,False,[],0,0,0,0.4131913676956749,30.63743872502953,1
965,M88,5,1816902.55,2e-06,1.6039,1010523.45,1059.46,200.0,denoising,low,,1.732733297348026,0.3,965,281,1.7327332973480225,0.2865503922130037,0.0005673742769524058,0.011784755749548265,0.2865503922129967,36.292658896365566,False,[],0,0,0,0.28302048500412225,16.87571665911518,0
471,M88,1,1494269.61,1.9e-05,0.3001,2076708.27,1637.43,200.0,signal_enhancement,low,,1.4250465488434112,0.3,471,282,1.4250465488433839,0.23137254570063684,0.005390055631047856,0.002144900961756667,0.23137254570063534,36.36114315394985,False,[],0,0,0,0.27942611311332904,16.41074645836523,0
844,M93,4,306071.99,4.1e-05,1.4297,2776299.85,1228.2,200.0,denoising,low,,0.29189299583436257,0.3,844,283,0.2918929958343506,0.02816271256109565,0.01163117267752432,0.010496780059999794,0.028162712561095937,35.29774744844439,False,[],0,0,0,0.2642303163600668,14.490988233806394,0
998,M90,8,2271227.09,6.3e-05,1.6518,2617179.18,1784.98,200.0,signal_enhancement,low,,2.166010942459243,0.3,998,284,2.1660109424591063,0.3642506100981386,0.017872289724000782,0.01213891209587072,0.3642506100981538,36.59283507751644,False,[],0,0,0,0.2921783380609312,17.9642073160134,0
1904,M93,4,1809314.03,0.000276,1.0639,2621990.85,2170.68,200.0,signal_enhancement,low,,1.7254963207249636,0.3,1904,285,1.7254963207244873,0.2852525762125171,0.078297650219432,0.007792178985161501,0.2852525762125949,36.407244935295225,False,[],0,0,0,0.2961308066343048,18.26188346607495,0
30,M90,0,943843.76,5.4000000000000005e-05,1.4417,1298745.62,565.47,200.0,signal_enhancement,low,,0.9001195526123532,0.3,30,286,0.9001195526123047,0.13723673592331198,0.015319105477714959,0.010585503988097277,0.13723673592331637,35.731381824050324,False,[],0,0,0,0.2735831868050765,15.648111257831989,0
2890,M93,7,644017.07,9.499999999999999e-05,0.7624,2864306.78,1622.43,200.0,denoising,low,,0.6141825389862644,0.3,2890,287,0.614182538986206,0.08595929636264281,0.026950278155239274,0.005562990291712224,0.08595929636265012,35.676947476699205,False,[],0,0,0,0.2714582909954021,15.344697970420734,0
423,M93,3,1544348.65,5e-06,0.2394,1950354.7,1346.16,200.0,denoising,medium,,1.4728056430816725,0.65,423,288,1.472805643081665,0.2399372433493229,0.0014184356923810147,0.0016961057587968956,0.23993724334931768,31.15886580063339,False,[],0,0,0,0.27943611353565057,16.424904275956088,0
511,M90,1,1908894.81,1.4999999999999999e-05,1.1616,2228639.31,1434.81,200.0,signal_enhancement,low,,1.820463953018216,0.3,511,289,1.8204639530181885,0.3022832395862624,0.0042553070771430435,0.008514539633088514,0.3022832395862594,36.45369676935239,False,[],0,0,0,0.2849060613700153,17.0994279232512,0
2758,M90,1,2799893.39,1.7e-05,1.0312,5741515.73,2270.35,200.0,denoising,low,,2.670186414718674,0.3,2758,290,2.670186414718628,0.45466502332470166,0.00482268135409545,0.007550406281095857,0.45466502332469844,37.09214790486593,False,[],0,0,0,0.2971930576961723,18.633458497620737,0
2737,M94,7,2629464.32,1.4000000000000001e-05,0.7303,2396860.91,4618.42,200.0,signal_enhancement,low,,2.50765258789066,0.3,2737,291,2.507652587890625,0.4255176304214679,0.003971619938666841,0.005325653784051455,0.4255176304214634,37.04230090816432,False,[],0,0,0,0.2947165858232908,18.326665463110682,0
1393,M90,3,1088967.74,7.000000000000001e-06,0.1613,2137939.69,2124.43,200.0,denoising,medium,,1.0385205650329663,0.65,1393,292,1.038520565032959,0.1620563612650511,0.0019858099693334207,0.0011186608600957729,0.16205636126504755,30.86466561925733,False,[],0,0,0,0.27330209659599075,15.656308192098512,0
1586,M88,6,2292568.65,0.000398,1.1137,1892375.44,1262.37,200.0,denoising,low,,2.1863638401040193,0.3,1586,293,2.1863638401031493,0.3679005204948095,0.11290748111352877,0.008160383286766057,0.36790052049495603,36.72679058337625,False,[],0,0,0,0.30862631342888464,19.71133986499161,0
1929,M88,9,1524870.56,2.8000000000000003e-05,2.7664,1688432.97,1591.38,200.0,signal_enhancement,low,,1.4542298889160563,0.3,1929,294,1.4542298889160157,0.23660603029843585,0.007943239877333683,0.020379886283991993,0.23660603029843663,35.83502753267398,False,[],0,0,0,0.2802788332030216,16.509038620776366,0
2497,M93,1,530135.28,3e-06,2.5475,2004449.51,2438.82,200.0,denoising,low,,0.5055764007568375,0.3,2497,295,0.505576400756836,0.06648282279124124,0.0008510614154286088,0.018761413962280395,0.0664828227912388,35.203088872296554,False,[],0,0,0,0.2654633062639221,14.680147333390128,0
787,M90,7,2022153.55,1.7e-05,2.1665,1735717.86,1706.88,200.0,denoising,low,,1.9284759044647546,0.3,787,296,1.9284759044647217,0.3216531569043889,0.00482268135409545,0.015944429245185292,0.3216531569043864,36.308279750262,False,[],0,0,0,0.2865521083825473,17.30333983341761,0
2636,M94,5,1473875.73,0.000776,0.9666,2215685.64,1425.76,200.0,denoising,low,,1.4055974292766036,0.3,2636,297,1.4055974292755127,0.22788471094814183,0.22014121945753345,0.007072775801504404,0.22788471094833115,36.19935556974744,False,[],0,0,0,0.3156547841836321,20.241389059717022,0
2538,M88,6,1322514.07,4.4e-05,0.5479,798171.21,1500.77,200.0,signal_enhancement,low,,1.261247701644953,0.3,2538,298,1.2612477016448975,0.20199829512421186,0.012482234092952928,0.003977050076969704,0.20199829512421608,36.18868167818776,False,[],0,0,0,0.2782818434057389,16.244663164915274,0
402,M94,2,2612701.51,3.4e-05,0.1699,2348740.62,1200.44,200.0,denoising,medium,,2.4916663265229118,0.65,402,299,2.491666326522827,0.42265079432811675,0.0096453627081909,0.0011822463418989693,0.42265079432812136,31.9051357870555,False,[],0,0,0,0.2954517752066418,18.400124472028605,0
433,M90,3,1544193.83,5.2000000000000004e-05,0.1371,1857219.43,1665.7,200.0,denoising,high,,1.4726579952240757,1.0,433,300,1.472657995223999,0.23991076547574608,0.014751731200762553,0.0009397342717658475,0.23991076547575324,25.93145103375001,True,[],0,0,0,0.28170065554218926,16.664638816371188,1
1151,M94,1,1834845.38,0.00014099999999999998,0.302,2786645.98,1006.65,200.0,signal_enhancement,low,0.0,1.7498449134829126,0.3,1151,301,1.749844913482666,0.28961903957349167,0.03999988652514461,0.002158948917038768,0.28961903957352825,36.59370769078281,False,[116],1,0,1,0.2899695038751539,17.61618835318752,0
73,M90,3,1933365.15,4.1e-05,0.3082,264565.25,956.03,200.0,denoising,low,,1.8438006877899926,0.3,73,302,1.843800687789917,0.3064682451986014,0.01163117267752432,0.002204789613222468,0.30646824519860694,36.65972929239773,False,[],0,0,0,0.28649475897106724,17.27404356018145,0
1536,M90,6,1614028.58,4e-06,2.7422,1284412.21,1360.47,200.0,denoising,low,,1.5392576026916567,0.3,1536,303,1.5392576026916505,0.25185415574683717,0.0011347485539048117,0.020200959695662067,0.25185415574683145,35.90138783211749,False,[],0,0,0,0.2803412397139108,16.53896703143866,0
2709,M90,6,1346845.43,9e-06,0.8323,2473622.56,1706.38,200.0,denoising,low,,1.2844518947601435,0.3,2709,304,1.2844518947601318,0.20615953187678007,0.0025531842462858264,0.006079807172880067,0.20615953187677635,36.142243912320716,False,[],0,0,0,0.27692680387201096,16.107552635200946,0
621,M88,1,2415962.19,3.5e-05,1.6069,2256376.62,2399.44,200.0,signal_enhancement,low,,2.3040410900116775,0.3,621,305,2.3040410900115966,0.3890037277827498,0.009929049846667102,0.011806936731572635,0.3890037277827543,36.70180680918382,False,[],0,0,0,0.29280823669655337,18.068760175067506,0
1437,M94,7,1460577.13,9e-06,3.2297,2206535.59,1810.88,200.0,denoising,low,,1.392914896011365,0.3,1437,306,1.3929148960113524,0.22561033651622744,0.0025531842462858264,0.02380536927462234,0.22561033651622348,35.688280267826244,False,[],0,0,0,0.27848286824316676,16.302060681595417,0
1559,M94,9,1027143.05,0.0034159999999999998,2.1806,1981849.73,1224.73,200.0,signal_enhancement,low,,0.9795599460635268,0.3,1559,307,0.9795599460601807,0.1514828802823137,0.9690752650347091,0.016048679860699834,0.15148288028290913,35.62447112530826,False,[],0,0,0,0.4368614254784857,32.958183573447904,1
1566,M90,6,1518003.05,1.1e-05,2.3689,2977967.68,1339.06,200.0,denoising,low,,1.4476805210113686,0.3,1566,308,1.4476805210113526,0.23543152402296955,0.003120558523238232,0.017440906165762847,0.2354315240229659,35.918498911118995,False,[],0,0,0,0.2793650168707881,16.410485293647984,0
324,M90,4,2160825.66,8e-06,1.5161,2831333.12,938.58,200.0,signal_enhancement,low,,2.0607239341736006,0.3,324,309,2.060723934173584,0.3453693602192955,0.0022694971078096233,0.011135592342301676,0.34536936021928955,36.54740967060813,False,[],0,0,0,0.2880153633258713,17.49454455013353,0
332,M93,2,535626.04,1e-05,1.0614,3839191.36,2448.46,200.0,denoising,low,,0.5108127975463919,0.3,332,310,0.5108127975463868,0.06742187232696516,0.0028368713847620295,0.007773694833474524,0.06742187232696333,35.536476644303626,False,[],0,0,0,0.2658760179215668,14.725282408195369,0
1392,M90,2,1667058.74,4e-06,0.1532,2384959.28,795.31,200.0,signal_enhancement,medium,,1.5898311042785709,0.65,1392,311,1.5898311042785644,0.2609235645586164,0.0011347485539048117,0.0010587722086299713,0.26092356455861054,31.26193109197557,False,[],0,0,0,0.28106679241885313,16.629661119556452,0
650,M94,0,1770983.66,0.000102,1.446,1881837.44,1673.69,200.0,denoising,low,,1.6889416313173107,0.3,650,312,1.6889416313171386,0.2786971783891509,0.028936088124572698,0.010617296728998875,0.2786971783891743,36.29626981168664,False,[],0,0,0,0.2872149092523094,17.307821370133816,0
2236,M88,6,1487036.89,0.0,1.7321,795358.41,2057.98,200.0,signal_enhancement,low,,1.4181488895416259,0.3,2236,313,1.4181488895416259,0.2301355798966277,0.0,0.01273262304805638,0.2301355798966213,36.03856362814482,False,[],0,0,0,0.2784108463917302,16.301355798966277,0
1533,M90,3,633500.17,4e-06,1.7221,1482224.33,1727.78,200.0,signal_enhancement,low,,0.6041528415679956,0.3,1533,314,0.6041528415679932,0.08416065827570132,0.0011347485539048117,0.012658686441308478,0.08416065827569866,35.45688203986355,False,[],0,0,0,0.2669257599162199,14.8620320567273,0
2163,M93,3,2080565.91,4.9e-05,0.8397,3057347.12,1210.2,200.0,signal_enhancement,low,,1.9841822719574949,0.3,2163,315,1.9841822719573974,0.3316430489299989,0.013900669785333943,0.006134520261873514,0.3316430489300078,36.642536587863795,False,[],0,0,0,0.2888945577779067,17.566642545436,0
543,M88,3,1241196.75,4.1e-05,2.2837,1529532.65,1803.03,200.0,signal_enhancement,low,,1.1836974620819578,0.3,543,316,1.1836974620819092,0.1880911144074598,0.01163117267752432,0.016810966276270715,0.1880911144074631,35.748035469341715,False,[],0,0,0,0.2770245885077759,16.090272252270037,0
2958,M90,3,2862675.21,1e-05,1.4398,1203281.05,1658.72,200.0,denoising,low,,2.730059823989895,0.3,2958,317,2.730059823989868,0.4654021961246241,0.0028368713847620295,0.010571456032815176,0.46540219612461736,37.044465103514035,False,[],0,0,0,0.2977144438253795,18.70508564617196,0
1818,M88,8,2579162.43,4.6e-05,1.2077,2186409.54,2114.12,200.0,signal_enhancement,low,,2.459680967331046,0.3,1818,318,2.4596809673309328,0.416914820163774,0.013049608369905335,0.008855387390196347,0.41691482016378373,36.901997658949206,False,[],0,0,0,0.29557161903598583,18.404041152296035,0
1624,M90,4,1781562.83,6.1e-05,1.1639,3447172.22,2071.87,200.0,signal_enhancement,low,,1.699030714035138,0.3,1624,319,1.6990307140350343,0.280506466115594,0.017304915447048378,0.00853154505264053,0.2805064661156051,36.36607951288316,False,[],0,0,0,0.2853823529152457,17.11655313920281,0
1177,M93,7,845948.73,1.7e-05,1.1221,2223822.45,2112.67,200.0,signal_enhancement,low,,0.8067595767974991,0.3,1177,320,0.8067595767974853,0.12049437558135945,0.00482268135409545,0.008222490036434297,0.12049437558135799,35.73530280123241,False,[],0,0,0,0.270459405876705,15.291752020187314,0
679,M88,9,1454024.34,4.8e-05,0.1562,2651462.17,2627.29,200.0,signal_enhancement,medium,,1.3866656684876155,0.65,679,321,1.386665668487549,0.22448965478779712,0.01361698264685774,0.0010809531906543423,0.22448965478780283,31.11553002343156,False,[],0,0,0,0.28027405943298955,16.49000223552141,0
2096,M94,6,2009360.27,2.7000000000000002e-05,1.9607,2188198.18,1047.31,200.0,denoising,low,,1.91627528190618,0.3,2096,322,1.916275281906128,0.3194652041174548,0.0076595527388574796,0.014422813878313446,0.3194652041174558,36.345176400120415,False,[],0,0,0,0.28685934029500215,17.332523990473984,0
2029,M90,9,1512262.77,2.2e-05,1.9380000000000002,2130845.78,948.1,200.0,denoising,low,,1.4422061634064038,0.3,2029,323,1.442206163406372,0.2344498006788559,0.006241117046476464,0.014254977780995706,0.23444980067885515,36.010149869285556,False,[],0,0,0,0.27981697395220945,16.456838113625135,0
1659,M88,9,2272409.11,7e-05,1.0951,2271220.35,2456.12,200.0,signal_enhancement,low,,2.1671382045747363,0.3,1659,324,2.167138204574585,0.36445276341247335,0.019858099693334203,0.008022861198214958,0.3644527634124911,36.71712521770344,False,[],0,0,0,0.29253209802086466,18.00197342860475,0
1637,M90,7,2273657.21,5.1e-05,0.9242,1995479.0,2548.69,200.0,denoising,low,,2.168328485489002,0.3,1637,325,2.1683284854888916,0.36466621796622123,0.014468044062286349,0.006759284588893295,0.3646662179662317,36.75588633419808,False,[],0,0,0,0.29163286492788637,17.907086972783368,0
239,M90,9,1835430.43,4.4e-05,1.7036,2577609.17,1596.63,200.0,signal_enhancement,low,,1.7504028606415565,0.3,239,326,1.7504028606414794,0.2897190969300098,0.012482234092952928,0.012521903718824858,0.2897190969300159,36.28321927615529,False,[],0,0,0,0.2852995075502028,17.12187118297325,0
2124,M90,4,1156352.34,3.9e-05,1.3875,1803169.97,1379.46,200.0,denoising,low,,1.1027835273743107,0.3,2124,327,1.1027835273742677,0.1735807180653742,0.011063798400571914,0.010184767579523642,0.17358071806537684,35.888779844875785,False,[],0,0,0,0.27576730317332715,15.934955551864036,0
2619,M90,6,1157239.29,4.6e-05,0.9418,1914825.67,1952.0,200.0,signal_enhancement,low,,1.1036293888092548,0.3,2619,328,1.1036293888092041,0.17373240744639074,0.013049608369905335,0.006889413016769604,0.1737324074463947,35.98824723928247,False,[],0,0,0,0.27611702601859517,15.972217025122204,0
2290,M88,0,1016097.36,0.000286,1.1178,1565470.98,2327.9,200.0,denoising,low,,0.9690259552004724,0.3,2290,329,0.9690259552001953,0.14959380662652644,0.08113452160419404,0.008190697295532698,0.14959380662657157,35.85265430764012,False,[],0,0,0,0.2857603732028351,16.956359455140756,0
764,M90,4,1608657.37,1.6e-05,2.2003,1297409.59,1828.04,200.0,signal_enhancement,low,,1.5341352176666505,0.3,764,330,1.534135217666626,0.250935552082358,0.004538994215619247,0.0161943349759932,0.2509355520823555,36.01791215904964,False,[],0,0,0,0.2808464731832439,16.591057416704725,0
1128,M88,8,1378529.12,0.000155,2.3042,1728104.91,1517.58,200.0,denoising,low,,1.3146678161623133,0.3,1128,331,1.3146678161621095,0.21157819056601812,0.043971506463811455,0.016962536320103912,0.21157819056604873,35.83743667266095,False,[],0,0,0,0.28440141134412944,16.907269022008787,0
1885,M94,5,1790772.68,2.8000000000000003e-05,0.1288,2205022.92,2142.92,200.0,denoising,high,,1.707813911438036,1.0,1885,332,1.7078139114379882,0.2820815678076342,0.007943239877333683,0.000878366888165088,0.28208156780763527,26.10197526458558,True,[],0,0,0,0.28391687620375744,16.963793995868347,1
1116,M88,6,2066697.3,4.4e-05,1.6369999999999998,1239181.2,2094.2,200.0,signal_enhancement,low,,1.9709561347962292,0.3,1116,333,1.9709561347961426,0.32927118933649346,0.012482234092952928,0.012029485917883822,0.3292711893365004,36.456200179809464,False,[],0,0,0,0.28846367494272146,17.517392107038088,0
1102,M88,2,836310.35,4e-05,2.3559,1925409.47,1888.39,200.0,signal_enhancement,low,,0.7975677013397535,0.3,1102,334,0.7975677013397217,0.11884598514649601,0.011347485539048118,0.017344788576990573,0.11884598514649784,35.45504028327626,False,[],0,0,0,0.2714367513533578,15.392714591167827,0
2847,M90,0,1481885.57,0.0001,0.4998,2702310.45,1903.71,200.0,denoising,low,,1.4132362079621774,0.3,2847,335,1.4132362079620362,0.22925458261130377,0.028368713847620294,0.0036214149985122905,0.22925458261132275,36.30837588048985,False,[],0,0,0,0.28316304796299974,16.803182675370202,0
2330,M94,0,2408648.09,0.000377,0.7627,1065340.36,1578.11,200.0,signal_enhancement,low,,2.2970658206948356,0.3,2330,336,2.2970658206939696,0.3877528440782646,0.1069500512055285,0.005565208389914662,0.3877528440784101,36.884055124615614,False,[],0,0,0,0.309201736231201,19.802629362482158,0
1361,M90,1,1592236.36,9e-06,1.4548,1551035.06,1075.83,200.0,signal_enhancement,low,,1.5184749221801896,0.3,1361,337,1.5184749221801759,0.24812717185510022,0.0025531842462858264,0.01068236094293703,0.24812717185509592,36.172037859132296,False,[],0,0,0,0.2802842150702766,16.527229034984146,0
2316,M90,6,573713.0,4.6e-05,0.8388,1990698.62,1047.92,200.0,signal_enhancement,low,,0.5471353530884041,0.3,2316,338,0.5471353530883789,0.07393564129613071,0.013049608369905335,0.0061278659672662035,0.07393564129613235,35.61190658616654,False,[],0,0,0,0.26813328472657433,14.974249363619602,0
1407,M93,7,2055265.09,7.000000000000001e-06,1.7123,2247203.04,1970.7,200.0,signal_enhancement,low,,1.960053529739394,0.3,1407,339,1.96005352973938,0.32731601163927154,0.0019858099693334207,0.012586228566695532,0.3273160116392655,36.431677189556225,False,[],0,0,0,0.28652286862592835,17.308904695840717,0
2529,M90,6,1181751.32,2.4e-05,0.2869,974943.95,2222.66,200.0,signal_enhancement,low,,1.1270058822632107,0.3,2529,340,1.1270058822631837,0.17792454303256658,0.00680849132342887,0.002047304640849435,0.17792454303256622,36.150279032904784,False,[],0,0,0,0.27539140696758824,15.901798274147385,0
343,M88,3,1516528.01,1.4999999999999999e-05,0.9829,5814259.53,3648.56,200.0,signal_enhancement,low,,1.4462738132477024,0.3,343,341,1.4462738132476807,0.23517925737369436,0.0042553070771430435,0.007193292470503486,0.23517925737369177,36.22491825537968,False,[],0,0,0,0.27953774279300986,16.428388101125517,0
1105,M88,5,2155781.96,4.6e-05,3.0582,2764504.47,1790.86,200.0,signal_enhancement,low,2.0,2.0559138870240203,0.3,1105,342,2.0559138870239257,0.3445067684936818,0.013049608369905335,0.022537356468895802,0.34450676849368983,36.201906379907854,False,[1545],1,0,1,0.28977897490237847,17.679960635595112,0
2592,M93,6,1689417.99,6.4e-05,1.0687,2305262.83,1037.41,200.0,signal_enhancement,low,,1.611154546737774,0.3,2592,343,1.611154546737671,0.2647475239616198,0.018155976862476986,0.007827668556400495,0.2647475239616312,36.324160039154464,False,[],0,0,0,0.2842663179835507,16.974282823140783,0
557,M93,7,2486816.3,2.6000000000000002e-05,0.1378,914111.79,1263.84,200.0,denoising,high,,2.3716128349304815,1.0,557,344,2.3716128349304197,0.4011214526695835,0.0073758656003812765,0.0009449098342382007,0.4011214526695844,26.576138515651188,True,[],0,0,0,0.2933436133656315,18.1439801075027,1
1475,M88,5,1845301.93,3.4e-05,1.3106,2109883.4,1477.38,200.0,denoising,low,,1.7598170566559435,0.3,1475,345,1.7598170566558837,0.2914073563862415,0.0096453627081909,0.009616195073632268,0.29140735638624443,36.377143573336,False,[],0,0,0,0.28495230017129175,17.08769009260985,0
2703,M90,0,2106018.07,8e-06,1.4547,2355903.45,1909.0,200.0,signal_enhancement,low,,2.008455343246476,0.3,2703,346,2.00845534324646,0.3359959689321791,0.0022694971078096233,0.010681621576869551,0.33599596893217326,36.52353522842263,False,[],0,0,0,0.28726549202290197,17.400810637262364,0
594,M90,4,1004331.52,8.499999999999999e-05,2.1967,1637581.89,1540.84,200.0,denoising,low,,0.9578051757813315,0.3,594,347,0.95780517578125,0.14758157032601396,0.024113406770477245,0.016167717797563957,0.14758157032602404,35.605294747377144,False,[],0,0,0,0.2759058047770622,15.90985702512873,0
1557,M94,7,1689752.69,0.003525,1.1293,2548886.07,1004.36,200.0,signal_enhancement,low,,1.6114737415370524,0.3,1557,348,1.611473741531372,0.2648047655601612,0.9999971631286153,0.008275724393292785,0.2648047655611727,36.31094733044186,False,[],0,0,0,0.4511838989766775,34.64799659191669,1
411,M88,1,1855386.81,3e-06,2.1773,2778331.38,1824.71,200.0,denoising,low,,1.7694347476959285,0.3,411,349,1.769434747695923,0.2931321088579998,0.0008510614154286088,0.016024280780473025,0.293132108857993,36.19180001201781,False,[],0,0,0,0.2835952491492628,16.946640194057714,0
1055,M93,5,1121315.04,3.5e-05,2.4834,3152002.54,2025.56,200.0,denoising,low,,1.0693693542480844,0.3,1055,350,1.069369354248047,0.16758851292473434,0.009929049846667102,0.01828748031302634,0.1675885129247361,35.621729642308146,False,[],0,0,0,0.27509501950791215,15.85460802648735,0
2473,M94,4,1509901.82,1e-06,1.5452,1576099.49,884.67,200.0,denoising,low,2.0,1.4399545860290544,0.3,2473,351,1.4399545860290528,0.23404602251310702,0.0002836871384762029,0.011350747867938073,0.23404602251310086,36.095661654014286,False,[1545],1,0,1,0.2787719086145895,16.34556659362364,0
108,M88,8,1854214.67,0.000868,1.4668,2405950.49,1773.21,200.0,denoising,low,,1.7683169078842251,0.3,108,352,1.7683169078826904,0.29293164525682186,0.24624043619734412,0.010771084871034514,0.2929316452570893,36.34859403489625,False,[],0,0,0,0.3252954057740942,21.361644304120414,0
2025,M90,5,1630304.91,3.3e-05,1.0590000000000002,976000.19,1182.1,200.0,signal_enhancement,low,,1.5547799205780544,0.3,2025,353,1.5547799205780028,0.2546377922798106,0.009361675569714697,0.007755950047855029,0.2546377922798129,36.28587266768359,False,[],0,0,0,0.28196250822923635,16.71488808305297,0
2706,M90,3,1315804.42,8e-06,1.2847,2093903.39,1314.94,200.0,signal_enhancement,low,1.0,1.2548488807678322,0.3,2706,354,1.2548488807678222,0.20085078663406292,0.0022694971078096233,0.009424699262155199,0.200850786634059,36.0206621686716,False,[],0,0,0,0.27645387743905264,16.049358814281202,0
318,M90,8,4012091.65,3e-06,0.8221,3261021.93,2139.05,200.0,signal_enhancement,low,,3.8262287616729855,0.3,318,355,3.8262287616729735,0.6619795322921932,0.0008510614154286088,0.006004391833997206,0.6619795322921793,37.96778637414886,False,[],0,0,0,0.31310304302399833,20.635114428399646,0
2718,M93,6,2057714.45,1e-05,2.1436,1064762.04,1185.86,200.0,denoising,low,0.0,1.9623894214630322,0.3,2718,356,1.9623894214630127,0.3277349100013964,0.0028368713847620295,0.015775114415732594,0.3277349100013913,36.33768620753361,False,[116],1,0,1,0.2867010609355213,17.32841278493968,0
840,M93,0,1761374.15,3.2e-05,1.0231,1874407.62,1208.03,200.0,denoising,low,,1.6797772884369433,0.3,840,357,1.6797772884368896,0.2770537254055868,0.009077988431238493,0.007490517629630055,0.27705372540558904,36.383499372733446,False,[],0,0,0,0.2837075560657575,16.933941045818163,0
2957,M90,2,2457390.08,8e-06,1.4082,1056090.52,2070.36,200.0,signal_enhancement,low,,2.3435498046875187,0.3,2957,358,2.3435498046875,0.39608887462408343,0.0022694971078096233,0.0103378163554918,0.39608887462407677,36.774221007831585,False,[],0,0,0,0.2920729244782543,18.001739694181406,0
1351,M90,1,2352810.06,2e-05,1.6546,2203363.38,2012.79,200.0,denoising,low,,2.243814525604293,0.3,1351,359,2.243814525604248,0.3782032232339302,0.005673742769524059,0.012159614345760133,0.3782032232339285,36.648024462562915,False,[],0,0,0,0.2912207941295335,17.884159602190735,0
2825,M94,5,2567115.15,1.2e-05,0.1506,2027056.71,1943.8,200.0,signal_enhancement,medium,,2.448191785812407,0.65,2825,360,2.448191785812378,0.4148544509815959,0.003404245661714435,0.0010395486908755167,0.41485445098159063,31.878231343200124,False,[],0,0,0,0.2937670778410191,18.209820931726817,0
2366,M90,6,2292683.44,0.0003,0.1963,1995343.97,1526.29,200.0,denoising,medium,,2.1864733123785856,0.65,2366,361,2.1864733123779296,0.3679201522937236,0.08510614154286086,0.0013774389837134333,0.36792015229383174,31.680357439663492,False,[],0,0,0,0.3039016562457842,19.211112070708733,0
1882,M94,2,1340816.49,2.8000000000000003e-05,0.1399,2737227.02,2153.21,200.0,signal_enhancement,high,0.0,1.2787022495270133,1.0,1882,362,1.2787022495269775,0.20512844086061705,0.007943239877333683,0.0009604365216552603,0.20512844086061763,25.791700667792814,True,[116],1,0,1,0.2777606260479961,16.194262726398176,1
680,M94,0,1711416.44,2.8000000000000003e-05,1.8538,574608.4,1438.83,200.0,signal_enhancement,low,,1.6321339035034637,0.3,680,363,1.632133903503418,0.26850977805015147,0.007943239877333683,0.01363243155217836,0.26850977805015247,36.16506616563525,False,[],0,0,0,0.2828311330231588,16.828076098293522,0
729,M94,9,1613855.45,2e-06,0.6253,2367998.45,1329.88,200.0,signal_enhancement,low,,1.539092493057254,0.3,729,364,1.539092493057251,0.25182454643116503,0.0005673742769524058,0.004549319413198473,0.2518245464311587,36.37081860332871,False,[],0,0,0,0.2802424173415751,16.528458201296793,0
789,M90,9,1091916.01,1.8e-05,2.8055,1946184.49,2721.58,200.0,denoising,low,,1.0413322544098087,0.3,789,365,1.04133225440979,0.16256058501088752,0.005106368492571653,0.020668978416376292,0.162560585010886,35.53017298755226,False,[],0,0,0,0.27387292944460817,15.717520482975166,0
1813,M88,3,2047250.6,5.4000000000000005e-05,1.8975,909347.43,2172.33,200.0,denoising,low,,1.9524103164673905,0.3,1813,366,1.9524103164672852,0.3259453447163749,0.015319105477714959,0.013955534523666697,0.32594534471638525,36.3851153431555,False,[],0,0,0,0.28867987550852153,17.53519734576262,0
1345,M90,5,1783452.02,2e-05,2.0054,1740826.16,1392.43,200.0,signal_enhancement,low,,1.7008323860168797,0.3,1345,367,1.7008323860168457,0.2808295621883406,0.005673742769524059,0.01475331051047657,0.2808295621883392,36.18071893343907,False,[],0,0,0,0.2834309012458863,16.910422991734837,0
1868,M90,8,2439667.05,0.000105,1.9446,2071696.7,1550.46,200.0,signal_enhancement,low,,2.3266478061678466,0.3,1868,368,2.3266478061676024,0.3930578182506267,0.029787149540001306,0.01430377594144932,0.39305781825066055,36.64311799475903,False,[],0,0,0,0.29650844088185035,18.46674687422629,0
2069,M88,9,1146603.03,0.00013700000000000002,2.7746,836478.63,1001.42,200.0,denoising,low,,1.0934858608247349,0.3,2069,369,1.093485860824585,0.17191335598268828,0.038865137971239805,0.020440514301525273,0.1719133559827101,35.574437994884995,False,[],0,0,0,0.2803601419337258,16.4187060433092,0
432,M90,2,999172.01,2.1e-05,0.1117,2301822.33,2192.53,200.0,signal_enhancement,high,,0.9528846836090289,1.0,432,370,0.9528846836090088,0.14669917235741525,0.005957429908000261,0.0007519352906261739,0.14669917235741436,25.564238630710875,True,[],0,0,0,0.2727486968729532,15.574225461918157,1
564,M94,4,1538675.63,7.000000000000001e-06,1.9953,2198498.67,2123.71,200.0,denoising,low,,1.4673954296112164,0.3,564,371,1.467395429611206,0.23896702305246917,0.0019858099693334207,0.01467863453766119,0.23896702305246448,36.01550905608004,False,[],0,0,0,0.2794549495389842,16.425414809972693,0
1748,M93,8,1869477.95,2.3e-05,0.2848,2502223.09,629.43,200.0,denoising,low,,1.7828731060028487,0.3,1748,372,1.7828731060028076,0.29554202633296145,0.006524804184952667,0.0020317779534323754,0.295542026332961,36.621214766728876,False,[],0,0,0,0.28475257881807886,17.07286673865876,0
1776,M90,6,1768285.32,4.5e-05,2.8939,2351605.29,994.31,200.0,signal_enhancement,low,,1.686368293762283,0.3,1776,373,1.686368293762207,0.27823569857137975,0.012765921231429132,0.021322578020027756,0.2782356985713859,35.97326545368468,False,[],0,0,0,0.28442906249505334,17.012143567879523,0
70,M90,0,1965688.56,4.7e-05,0.1796,1706548.04,2659.25,200.0,signal_enhancement,medium,,1.8746266937256741,0.65,70,374,1.874626693725586,0.3119963111045077,0.013333295508381537,0.0012539648504444354,0.3119963111045153,31.460366298904702,False,[],0,0,0,0.2872263651247855,17.359962430195946,0
1788,M88,8,1265679.34,1.8e-05,0.353,1300914.25,1397.98,200.0,signal_enhancement,low,,1.2070458793640355,0.3,1788,375,1.2070458793640138,0.19227821505888495,0.005106368492571653,0.002536025611453074,0.19227821505888334,36.19303209189195,False,[],0,0,0,0.27625033984844793,16.01469678345514,0
1229,M94,9,1147907.34,2.5e-05,2.9119,825464.15,1691.2,200.0,signal_enhancement,low,,1.0947297477722444,0.3,1229,376,1.0947297477722169,0.17213642377292862,0.007092178461905073,0.021455663912173982,0.17213642377292848,35.544875777726496,False,[],0,0,0,0.2749765842403581,15.849023450043578,0
1512,M88,2,486647.42,6e-06,1.3516,2422092.02,1213.65,200.0,denoising,low,,0.464103145599368,0.3,1512,377,0.4641031455993652,0.05904537246694607,0.0017021228308572176,0.00991933516129867,0.05904537246694402,35.43860143502882,False,[],0,0,0,0.2650129906786014,14.621091935624891,0
56,M94,6,1305909.59,5.6000000000000006e-05,1.357,2241647.56,1075.22,200.0,denoising,low,,1.245412435531686,0.3,56,378,1.2454124355316163,0.19915853719726967,0.015886479754667365,0.009959260928942539,0.1991585371972765,35.9978563209208,False,[],0,0,0,0.27863338453407505,16.27754200755671,0
1601,M93,1,2472237.63,2.2e-05,0.4682,2008655.12,1585.13,200.0,denoising,low,,2.3577095317841095,0.3,1601,379,2.3577095317840575,0.39862815605946533,0.006241117046476464,0.003387775321188917,0.39862815605946456,36.99287936460219,False,[],0,0,0,0.29295124238265824,18.09862166743123,0
651,M94,1,917622.19,0.000128,0.8140000000000001,2275105.93,1820.65,200.0,signal_enhancement,low,0.0,0.8751127147675679,0.3,651,380,0.875112714767456,0.13275222865392625,0.03631195372495397,0.005944503182531404,0.13275222865394212,35.85267381913976,False,[116],1,0,1,0.27679321042555627,15.981137453588433,0
2176,M90,6,1256774.31,1.4000000000000001e-05,0.7126,2138542.61,1618.05,200.0,signal_enhancement,low,1.0,1.1985533809662035,0.3,2176,381,1.1985533809661866,0.19075524478025183,0.003971619938666841,0.005194785990107667,0.19075524478024936,36.10717739941778,False,[],0,0,0,0.2759355949719935,15.979041606698521,0
897,M94,7,2687374.64,8e-06,2.8033,1985232.65,1807.4,200.0,denoising,low,,2.5628801727295127,0.3,897,382,2.5628801727294923,0.435421661759502,0.0022694971078096233,0.020652712362891755,0.43542166175949465,36.62210527615126,False,[],0,0,0,0.29521954744908774,18.39506756553559,0
785,M90,5,927712.45,1.6e-05,2.3551,2240590.59,848.56,200.0,denoising,low,,0.8847355365753314,0.3,785,383,0.8847355365753173,0.13447790123264644,0.004538994215619247,0.017338873648450742,0.13447790123264475,35.517745395477064,False,[],0,0,0,0.27152986111526695,15.42648090820761,0
309,M90,9,3531724.04,5e-06,0.3782,1499463.1,1894.53,200.0,denoising,low,,3.368114509582537,0.3,309,384,3.3681145095825196,0.5798253348500705,0.0014184356923810147,0.0027223458604577894,0.5798253348500595,37.73763096358655,False,[],0,0,0,0.3066271608557104,19.823785190963562,0
2404,M93,4,1699518.17,2.2e-05,2.4619,816821.75,1392.23,200.0,signal_enhancement,low,3.0,1.6207868289947864,0.3,2404,385,1.620786828994751,0.2664748930944408,0.006241117046476464,0.018128516608518344,0.26647489309444,36.02204407412221,False,[],0,0,0,0.28237898134545625,16.777089037780986,0
1741,M93,1,1217460.49,1.8e-05,0.1451,2596588.56,1531.62,200.0,denoising,high,,1.161060800552389,1.0,1741,386,1.1610608005523682,0.18403165379857828,0.005106368492571653,0.00099888355716417,0.1840316537985767,25.706160108479384,True,[],0,0,0,0.27559061494762344,15.932231170852074,1
907,M88,7,1777657.82,2.8000000000000003e-05,2.6179,2512836.3,1139.12,200.0,denoising,low,,1.6953066062927722,0.3,907,387,1.6953066062927247,0.279838617251776,0.007943239877333683,0.019281927673785636,0.27983861725177706,36.04089663879354,False,[],0,0,0,0.2837374401592888,16.941364490309766,0
602,M93,2,1670041.88,4e-06,0.4328,2722808.06,1513.55,200.0,denoising,low,,1.592676048278815,0.3,602,388,1.5926760482788085,0.26143375189734536,0.0011347485539048117,0.0031260397333013404,0.2614337518973395,36.451953815590336,False,[],0,0,0,0.2811076074059514,16.63476299294374,0
1178,M93,8,2558844.71,2.5e-05,1.037,2734165.14,2340.71,200.0,denoising,low,,2.4403044795990603,0.3,1178,389,2.440304479598999,0.4134400105685687,0.007092178461905073,0.0075932895130096404,0.4134400105685693,36.92596135688399,False,[],0,0,0,0.29428087118400936,18.262059317999977,0
2297,M88,7,913577.55,0.000199,1.5559,2181679.3,1064.16,200.0,denoising,low,,0.87125544548052,0.3,2297,390,0.8712554454803467,0.13206049976499826,0.05645374055676439,0.01142986003715833,0.13206049976502515,35.68534619794524,False,[],0,0,0,0.2801619758758498,16.336772327671742,0
1745,M93,5,1829631.41,1.7e-05,0.1525,1927966.76,1250.81,200.0,signal_enhancement,medium,,1.744872484207183,0.65,1745,391,1.7448724842071532,0.2887273276596986,0.00482268135409545,0.001053596646157618,0.2887273276596963,31.37330141125406,False,[],0,0,0,0.2839180420429721,16.974081540970705,0
1161,M90,1,1081216.55,3.8e-05,0.4039,2488767.34,594.16,200.0,signal_enhancement,low,,1.0311284542084131,0.3,1161,392,1.031128454208374,0.16073072485573656,0.010780111262095712,0.0029123629397999,0.16073072485573875,36.05555201122895,False,[],0,0,0,0.2746910769030152,15.801349251275088,0
1509,M93,9,888556.0,1.7e-05,1.443,1024192.27,1525.81,200.0,signal_enhancement,low,,0.8473930358886863,0.3,1509,393,0.8473930358886719,0.12778122423472688,0.00482268135409545,0.010595115746974505,0.12778122423472538,35.69327142452968,False,[],0,0,0,0.27104235376897434,15.364620506720987,0
2095,M94,5,1742382.05,2.7000000000000002e-05,1.2323,1219795.57,2284.68,200.0,signal_enhancement,low,,1.6616650104523156,0.3,2095,394,1.6616650104522706,0.27380562811351394,0.0076595527388574796,0.009037271442796186,0.27380562811351467,36.32410436917017,False,[],0,0,0,0.28320657421468687,16.875928230434575,0
1577,M88,7,2273291.59,0.00017900000000000001,1.8614,2273681.57,1113.44,200.0,denoising,low,6.0,2.167979803085715,0.3,1577,395,2.167979803085327,0.3646036883180029,0.05077999778724033,0.013688623373306766,0.36460368831806317,36.547756052072806,False,[1837],1,0,1,0.29780089468927107,18.560076843350355,0
572,M90,2,1786197.08,2.5e-05,1.8077,1675191.79,1268.27,200.0,signal_enhancement,low,,1.7034502792358825,0.3,572,396,1.70345027923584,0.28129903222865094,0.007092178461905073,0.01329158379507053,0.28129903222865105,36.22644861506249,False,[],0,0,0,0.2837095929168159,16.9406495346008,0
554,M93,4,1991767.26,2.8000000000000003e-05,0.1287,1572024.19,1902.99,200.0,denoising,high,,1.8994972801209027,1.0,554,397,1.8994972801208496,0.31645638423232303,0.007943239877333683,0.0008776275220976091,0.31645638423232425,26.239496711266362,True,[],0,0,0,0.2866668615177326,17.307542160115236,1
945,M93,5,581236.31,5.6999999999999996e-05,2.312,2107183.9,2953.23,200.0,denoising,low,,0.5543101406097729,0.3,945,398,0.5543101406097413,0.07522230484773508,0.016170166893143566,0.017020206873367277,0.07522230484773784,35.29028301318992,False,[],0,0,0,0.2687667127596532,15.043286052553935,0
2996,M94,5,2742805.41,1.6e-05,2.39,3315176.32,2342.18,200.0,signal_enhancement,low,1.0,2.615743074417156,0.3,2996,399,2.6157430744171144,0.4449016315329612,0.004538994215619247,0.017596912406000923,0.4449016315329576,36.75169915395182,False,[],0,0,0,0.2963637595392921,18.530718211210758,0
874,M88,4,1562058.21,1.4000000000000001e-05,1.6432,2708567.63,1825.83,200.0,signal_enhancement,low,,1.4896947956085413,0.3,874,400,1.4896947956085205,0.24296599603490285,0.003971619938666841,0.012075326614067523,0.24296599603489993,36.10960418571758,False,[],0,0,0,0.2801124550723656,16.50114911924503,0
2994,M94,3,2141976.32,1.8e-05,1.3807,3373775.1,3206.47,200.0,signal_enhancement,low,,2.0427478027344117,0.3,2994,401,2.042747802734375,0.342145678256197,0.005106368492571653,0.010134490686935069,0.3421456782561948,36.564547992416735,False,[],0,0,0,0.28823973690423293,17.51337141542826,0
1569,M90,9,1810665.17,1.4999999999999999e-05,2.6965,2865407.78,1363.16,200.0,denoising,low,,1.7267848682403824,0.3,1569,402,1.7267848682403564,0.28548365303789247,0.0042553070771430435,0.01986306940282415,0.28548365303788953,36.04604253006685,False,[],0,0,0,0.2835620944461457,16.9314320577675,0
2668,M93,1,2150383.46,5e-06,1.7513,2548085.79,1798.67,200.0,denoising,low,,2.0507654762268173,0.3,2668,403,2.0507654762268066,0.34358349759518947,0.0014184356923810147,0.012874581333012355,0.3435834975951825,36.48809655039039,False,[],0,0,0,0.2877278138753199,17.461366818414753,0
2627,M94,5,1257340.31,4.2e-05,1.1826,2639358.35,1671.44,200.0,denoising,low,,1.199093160629323,0.3,2627,404,1.1990931606292725,0.19085204413721146,0.011914859816000522,0.00866980650725911,0.19085204413721502,36.00331398133107,False,[],0,0,0,0.277293689699697,16.122987918060122,0
1553,M94,3,1455466.33,0.002967,2.7964,2363641.78,1337.44,200.0,denoising,low,,1.3880408573191818,0.3,1553,405,1.3880408573150635,0.22473626910712968,0.841699739858894,0.020601696104235703,0.22473626910786199,35.78089419330145,False,[],0,0,0,0.42106785730458235,31.39795800853139,1
120,M90,0,1649823.99,6.6e-05,1.0328,1673707.93,1798.89,200.0,denoising,low,,1.5733947658539855,0.3,120,406,1.5733947658538818,0.2579760155880153,0.018723351139429394,0.007562236138175521,0.2579760155880269,36.30503697820679,False,[],0,0,0,0.28382105094074417,16.91678047638988,0
2659,M90,1,2084527.92,4.1e-05,0.1889,2634210.77,2179.16,200.0,signal_enhancement,medium,,1.9879607391358238,0.65,2659,407,1.9879607391357421,0.3323206461389524,0.01163117267752432,0.0013227258947199852,0.33232064613895845,31.539600807714212,False,[],0,0,0,0.2885629510462953,17.532567569584963,0
809,M94,9,1646940.99,0.000269,1.775,2330155.43,1629.76,200.0,denoising,low,,1.570645322800105,0.3,809,408,1.5706453227996826,0.25748295455247705,0.07631184025009857,0.013049811091004884,0.25748295455254583,36.13843748547976,False,[],0,0,0,0.29357164920671486,17.948442670026544,0
2186,M88,6,1545817.78,2e-05,0.23399999999999999,1830583.61,1626.53,200.0,signal_enhancement,medium,,1.4742067146301565,0.65,2186,409,1.474206714630127,0.2401884992491288,0.005673742769524059,0.0016561799911530277,0.2401884992491275,31.16106859726193,False,[],0,0,0,0.2801796162107494,16.50401236234272,0
1618,M94,8,1732388.31,4.8e-05,1.4558,1519221.56,1256.52,200.0,denoising,low,,1.652134237289508,0.3,1618,410,1.6521342372894288,0.27209646273255655,0.01361698264685774,0.01068975460361182,0.27209646273256344,36.26769321282187,False,[],0,0,0,0.28408260406857033,16.966070314969006,0
313,M90,3,2899720.43,2e-06,1.3669,4161850.64,2905.32,200.0,signal_enhancement,low,,2.765388898849493,0.3,313,411,2.7653888988494875,0.47173780296990436,0.0005673742769524058,0.010032458169622963,0.47173780296989354,37.08597746679093,False,[],0,0,0,0.29783547786467424,18.727590766684187,0
1562,M90,2,1280958.49,2e-05,2.006,1608427.76,1143.53,200.0,denoising,low,,1.2216172122955566,0.3,1562,412,1.2216172122955322,0.19489131027953857,0.005673742769524059,0.014757746706881443,0.19489131027953738,35.836832839911715,False,[],0,0,0,0.2765558410931822,16.051040472646818,0
233,M90,3,1572224.96,4.3e-05,1.0862,1979911.78,1945.35,200.0,signal_enhancement,low,,1.4993905639649083,0.3,233,413,1.4993905639648437,0.2447047502087005,0.012198546954476726,0.007957057618209324,0.24470475020870538,36.240107272288526,False,[],0,0,0,0.281650132998957,16.666621347267586,0
507,M90,7,2045652.72,4.8e-05,0.9627,1422091.14,1583.54,200.0,denoising,low,6.0,1.9508864593506794,0.3,507,414,1.950886459350586,0.32567206952821465,0.01361698264685774,0.007043940524872722,0.3256720695282229,36.591370062366686,False,[1837],1,0,1,0.288368652612223,17.501826382925586,0
1336,M88,6,1616411.15,6.1e-05,0.2157,2315891.43,2583.01,200.0,signal_enhancement,medium,,1.5415297985077845,0.65,1336,415,1.5415297985076903,0.25226163144279357,0.017304915447048378,0.0015208760008043653,0.2522616314428036,31.213420245747038,False,[],0,0,0,0.2831227661414217,16.834104792474804,0
1385,M88,5,1736850.73,6.6e-05,1.466,3377330.19,1261.09,200.0,signal_enhancement,low,,1.6563899326325555,0.3,1385,416,1.6563899326324463,0.2728596418606199,0.018723351139429394,0.010765169942494681,0.27285964186063216,36.26848346916764,False,[],0,0,0,0.28501174104255256,17.065616739115928,0
111,M93,1,1288127.35,5.9999999999999995e-05,1.3714,2194616.1,512.18,200.0,denoising,low,0.0,1.2284539699555181,0.3,111,417,1.2284539699554444,0.19611735451652396,0.017021228308572174,0.010065729642659518,0.19611735451653156,35.98249752878631,False,[116],1,0,1,0.27858299717377916,16.267555654719537,0
1578,M88,8,1671099.3,7.6e-05,1.6340000000000001,1143560.09,1736.24,200.0,denoising,low,,1.593684482574584,0.3,1578,418,1.593684482574463,0.26161459567126105,0.021560222524191423,0.012007304935859454,0.2616145956712757,36.18623923460926,False,[],0,0,0,0.2845944054828134,17.004229962148056,0
410,M88,0,2013207.08,9e-06,2.3718,2341054.91,1832.58,200.0,denoising,low,,1.9199438858032403,0.3,410,419,1.9199438858032227,0.3201230994078187,0.0025531842462858264,0.01746234778171974,0.32012309940781347,36.256621964179686,False,[],0,0,0,0.2860438892744941,17.24718831051133,0
218,M90,8,2160059.76,2.8999999999999997e-05,2.4999,2171578.46,2224.35,200.0,denoising,low,5.0,2.059993515014708,0.3,218,420,2.0599935150146482,0.34523837324492196,0.008226927015809883,0.018409475714160375,0.3452383732449238,36.328669221554875,False,[],0,0,0,0.2890176474522814,17.600468418733797,0
2114,M93,4,785911.33,1.7e-05,1.3129,1893563.08,1582.49,200.0,signal_enhancement,low,,0.7495034503936895,0.3,2114,421,0.7495034503936767,0.11022656336664394,0.00482268135409545,0.009633200493184285,0.11022656336664254,35.65191023867105,False,[],0,0,0,0.26963798089952773,15.189073898040158,0
1307,M94,7,2683015.01,8e-06,1.5805,2781804.36,2465.46,200.0,signal_enhancement,low,,2.5587225055694782,0.3,1307,422,2.558722505569458,0.4346760621471662,0.0022694971078096233,0.011611744089758172,0.434676062147159,36.89035192589592,False,[],0,0,0,0.2951598994801009,18.387611569412236,0
1080,M90,0,1668367.96,4e-06,2.1348,2581097.5,1000.06,200.0,signal_enhancement,low,,1.5910796737670962,0.3,1080,423,1.5910796737670898,0.2611474720747272,0.0011347485539048117,0.015710050201794435,0.26114747207472133,36.073288382245075,False,[],0,0,0,0.281084705020142,16.63190019471756,0
759,M88,9,1244616.6,3.6e-05,1.4068,2383989.91,2487.36,200.0,signal_enhancement,low,6.0,1.1869588851929138,0.3,759,424,1.1869588851928712,0.1886759894620507,0.010212736985143306,0.010327465230547096,0.1886759894620529,35.94488000093179,False,[1837],1,0,1,0.2768302444444384,16.070589160353087,0
911,M94,1,1256241.38,1.3000000000000001e-05,2.6532,2785080.87,1446.96,200.0,denoising,low,,1.1980451393127598,0.3,911,425,1.198045139312744,0.19066410117370675,0.0036879328001906382,0.019542923895605732,0.19066410117370408,35.67636868782666,False,[],0,0,0,0.2758800766699289,15.973023802140498,0
807,M94,7,1866544.92,0.000188,2.1659,2177919.13,817.57,200.0,signal_enhancement,low,,1.7800759506228934,0.3,807,426,1.7800759506225585,0.2950404089867718,0.05333318203352615,0.015939993048780417,0.29504040898682404,36.20196184448368,False,[],0,0,0,0.29266987366464114,17.910401366471188,0
439,M90,9,1665324.81,4e-05,0.1144,1018781.61,1066.85,200.0,denoising,high,,1.5881774997711817,1.0,439,427,1.5881774997711182,0.26062702160983015,0.011347485539048118,0.0007718981744481077,0.2606270216098345,26.01935114120588,True,[],0,0,0,0.28277923427042456,16.810524955801167,1
544,M88,4,1094462.7,4.2e-05,3.5938,230802.53,1040.04,200.0,denoising,low,,1.0437609672546824,0.3,544,428,1.0437609672546386,0.16299612909989025,0.011914859816000522,0.026497401126313488,0.16299612909989322,35.357062482610154,False,[],0,0,0,0.27506521649671134,15.844428767686912,0
485,M88,5,2092416.23,0.000102,1.2181,2540552.77,1119.73,200.0,denoising,low,,1.9954836177827961,0.3,485,429,1.9954836177825928,0.33366973330414385,0.028936088124572698,0.008932281461214164,0.33366973330417166,36.56671048938015,False,[],0,0,0,0.29161271364550884,17.857546919283745,0
2475,M94,6,1121615.52,1e-06,2.1377,1674280.6,1831.08,200.0,denoising,low,,1.0696559143066418,0.3,2475,430,1.0696559143066406,0.16763990209572238,0.0002836871384762029,0.015731491817751332,0.1676399020957176,35.698614853850344,False,[],0,0,0,0.27345941898119874,15.681505389449795,0
387,M90,7,1704486.9,0.0001,0.5323,1804859.29,2282.41,200.0,signal_enhancement,low,,1.6255253791810704,0.3,387,431,1.6255253791809081,0.26732466318084736,0.028368713847620294,0.0038617089704429753,0.2673246631808692,36.4534473836101,False,[],0,0,0,0.28620865440856325,17.18388348106564,0
2916,M93,6,1907065.25,2.2e-05,1.8087,813978.37,1174.38,200.0,signal_enhancement,low,,1.8187191486359042,0.3,2916,432,1.8187191486358643,0.30197034165071635,0.006241117046476464,0.013298977455745318,0.3019703416507155,36.3089120429305,False,[],0,0,0,0.2852186172299583,17.13204352334374,0
1192,M93,2,2102954.05,0.00024700000000000004,1.8431,2055171.03,1916.32,200.0,denoising,low,,2.005533266068,0.3,1192,433,2.0055332660675047,0.33547194920477363,0.07007072320362213,0.013553319382958104,0.33547194920485374,36.435288215330345,False,[],0,0,0,0.29874977888099763,18.615992509712935,0
1230,M88,0,882391.24,4.8e-05,0.4518,1952740.99,1632.01,200.0,denoising,low,,0.8415138626099037,0.3,1230,434,0.8415138626098633,0.12672690479336549,0.01361698264685774,0.0032665192861223557,0.12672690479336868,35.90891204058979,False,[],0,0,0,0.272453039433435,15.512374735577094,0
1210,M90,0,1084538.84,2e-05,2.9336,1619803.75,1244.97,200.0,denoising,low,,1.034296836853048,0.3,1210,435,1.0342968368530274,0.16129891484802183,0.005673742769524059,0.021616106348816933,0.1612989148480207,35.49671246892758,False,[],0,0,0,0.27386844945866085,15.715116518331651,0
1273,M90,3,2244981.26,9e-06,1.0179,1675902.89,2451.64,200.0,signal_enhancement,low,,2.140980968475361,0.3,1273,436,2.1409809684753416,0.3597619537962443,0.0025531842462858264,0.007452070594121147,0.3597619537962386,36.715485697361345,False,[],0,0,0,0.2892149976255681,17.643576854395587,0
1939,M88,9,1956561.64,5e-05,1.8581,2307964.47,1832.86,200.0,denoising,low,,1.8659225845337846,0.3,1939,437,1.8659225845336913,0.3104353923995216,0.014184356923810147,0.01366422429307996,0.31043539239953016,36.331814840805684,False,[],0,0,0,0.28724617206900943,17.359672348623796,0
2303,M88,3,1747650.46,0.0008179999999999999,3.1352,1699079.45,1440.73,200.0,denoising,low,,1.6666893577589317,0.3,2303,438,1.6666893577575683,0.2747066505520294,0.23205607927353397,0.023106668340854657,0.2747066505522665,35.90562655198248,False,[],0,0,0,0.3214260655206631,20.924075932443905,0
930,M93,0,1131959.96,7.6e-05,1.8949,3396980.43,1606.79,200.0,denoising,low,,1.079521141052328,0.3,930,439,1.079521141052246,0.169409045452803,0.021560222524191423,0.013936311005912243,0.16940904545281268,35.75954685163384,False,[],0,0,0,0.2772179614653368,16.082174459963475,0
135,M93,5,1162178.4,2.2e-05,2.9522,3133752.83,1228.91,200.0,signal_enhancement,low,,1.1083396911621337,0.3,135,440,1.1083396911621093,0.17457711181379876,0.006241117046476464,0.02175362843736803,0.174577111813798,35.545699594134156,False,[],0,0,0,0.2750271588430049,15.858111224974564,0
1780,M88,0,1136534.76,1.4999999999999999e-05,0.3933,2335788.83,2172.53,200.0,denoising,low,,1.0838840103149578,0.3,1780,441,1.0838840103149414,0.17019144421290722,0.0042553070771430435,0.002833990136647123,0.17019144421290514,36.09574607275222,False,[],0,0,0,0.2743387177401469,15.778509969517646,0
2167,M93,7,1183319.8,5.1e-05,0.6193,724868.8,1643.62,200.0,signal_enhancement,low,,1.1285017013550382,0.3,2167,442,1.1285017013549805,0.17819279012692005,0.014468044062286349,0.004504957449149732,0.17819279012692518,36.07762243703319,False,[],0,0,0,0.2767149907007423,16.042352694390356,0
1497,M93,7,2813229.54,1.7e-05,0.8913,2078815.24,753.44,200.0,signal_enhancement,low,,2.682904758453415,0.3,1497,443,2.682904758453369,0.45694581969275344,0.00482268135409545,0.006516033152692694,0.4569458196927503,37.13230228419024,False,[],0,0,0,0.2973755214056165,18.656266461301254,0
2256,M94,6,811130.39,3.3e-05,0.9319,2102817.32,939.85,200.0,signal_enhancement,low,,0.7735542201996106,0.3,2256,444,0.773554220199585,0.11453961776792787,0.009361675569714697,0.00681621577608918,0.11453961776792868,35.75367199778904,False,[],0,0,0,0.2707546542682857,15.313906337934144,0
366,M93,6,2154470.7,1.1e-05,0.1104,2157999.88,1030.25,200.0,denoising,high,5.0,2.0546633720398177,1.0,366,445,2.054663372039795,0.34428251208942934,0.003120558523238232,0.0007423235317489464,0.34428251208942445,26.35486034240525,True,[],0,0,0,0.28807309591610486,17.498995174312583,1
2024,M90,4,1560809.46,5.6000000000000006e-05,1.5822,1301053.03,1577.89,200.0,denoising,low,,1.4885038948059914,0.3,2024,446,1.4885038948059082,0.24275243031581564,0.015886479754667365,0.011624313312905315,0.24275243031582394,36.122280321876104,False,[],0,0,0,0.2821208959835587,16.71348093874217,0
2897,M93,5,1661167.21,5.3e-05,1.7624,1456845.52,2809.77,200.0,signal_enhancement,low,,1.5842125034333117,0.3,2897,447,1.5842125034332275,0.2599159738951739,0.015035418339238755,0.012956650966502527,0.259915973895182,36.15096436658562,False,[],0,0,0,0.2833492990292845,16.869797269058036,0
29,M93,9,1249185.52,0.000118,1.6008,1783244.6,929.35,200.0,signal_enhancement,low,,1.1913161468507265,0.3,29,448,1.191316146850586,0.18945738260339354,0.03347508234019194,0.011761835401456415,0.1894573826034133,35.904974468369886,False,[],0,0,0,0.2808473546061041,16.49712530815739,0
2501,M93,5,1940502.96,3e-06,3.0167,2544820.71,1933.74,200.0,signal_enhancement,low,,1.8506078338623104,0.3,2501,449,1.8506078338623047,0.30768897915284193,0.0008510614154286088,0.022230519550892006,0.30768897915283483,36.0638403300846,False,[],0,0,0,0.2847597987728502,17.092208897006135,0
2968,M90,4,1963357.3,5e-06,1.3677,1819841.02,1648.77,200.0,signal_enhancement,low,,1.8724034309387303,0.3,2968,450,1.8724034309387207,0.3115976106294092,0.0014184356923810147,0.010038373098162794,0.3115976106294027,36.44523924957275,False,[],0,0,0,0.2851689429180575,17.14150794875695,0
1047,M93,7,1462502.66,8e-06,0.9573,2831923.13,2809.27,200.0,denoising,low,,1.3947512245178333,0.3,1047,451,1.3947512245178222,0.22593964758655696,0.0022694971078096233,0.0070040147572288545,0.2259396475865527,36.19363814762936,False,[],0,0,0,0.2784609863152522,16.30024742380614,0
2887,M93,4,1328746.48,0.000127,0.4967,1899565.13,1376.5,200.0,denoising,low,,1.267191390991372,0.3,2887,452,1.267191390991211,0.20306418431203668,0.03602826658647777,0.0035984946504204404,0.20306418431205978,36.20430189773553,False,[],0,0,0,0.28236994006466415,16.679150641676966,0
1421,M94,1,980534.84,9e-06,2.1915,1774303.63,2515.86,200.0,denoising,low,,0.9351108932495202,0.3,1421,453,0.9351108932495117,0.1435117764712888,0.0025531842462858264,0.01612927076205505,0.14351177647128588,35.5901689830235,False,[],0,0,0,0.2719149834395717,15.481075081146033,0
1488,M94,8,1574235.67,1.4000000000000001e-05,2.0414,1622840.78,2555.38,200.0,denoising,low,0.0,1.501308126449606,0.3,1488,454,1.501308126449585,0.24504862906918162,0.003971619938666841,0.015019482294769022,0.2450486290691787,36.02961004743365,False,[116],1,0,1,0.28027906571510786,16.52197544958782,0
183,M88,3,1031603.28,9.1e-05,2.199,2018630.15,1935.67,200.0,signal_enhancement,low,,0.9838135528565349,0.3,183,455,0.9838135528564453,0.15224568486869552,0.025815529601334465,0.016184723217115973,0.15224568486870696,35.6234410429613,False,[],0,0,0,0.2765682948217225,15.987136381510975,0
1134,M94,4,1001438.18,0.00011399999999999999,1.5376,2128889.82,1894.83,200.0,signal_enhancement,low,,0.955045871734728,0.3,1134,456,0.9550458717346192,0.1470867409064634,0.03234033378628713,0.011294556046809668,0.14708674090647839,35.749510282221564,False,[],0,0,0,0.27726479601618587,16.052993417217802,0
188,M88,8,1268121.2,8.2e-05,2.4118,2693404.53,2822.48,200.0,signal_enhancement,low,,1.2093746185303724,0.3,188,457,1.2093746185302734,0.19269583074401828,0.02326234535504864,0.017758094208711352,0.19269583074403052,35.73804049671473,False,[],0,0,0,0.27937026516987973,16.34568052383106,0
420,M93,0,1794335.34,1.2e-05,0.2667,2354801.87,1731.24,200.0,denoising,low,,1.7112115287780967,0.3,420,458,1.7112115287780763,0.28269086674237953,0.003404245661714435,0.0018979526952186707,0.2826908667423757,36.57382488611296,False,[],0,0,0,0.2831939911018818,16.888185089334655,0
170,M94,0,1541784.36,6.6e-05,0.9226,2556102.21,2208.36,200.0,denoising,low,,1.4703601455689448,0.3,170,459,1.4703601455688478,0.23949868924498008,0.018723351139429394,0.0067474547318136305,0.23949868924499093,36.25557111502551,False,[],0,0,0,0.2823428648333014,16.73200721295953,0
1377,M93,7,1866355.38,1.7e-05,1.2103,2711196.99,1840.07,200.0,denoising,low,,1.7798951911926573,0.3,1377,460,1.7798951911926268,0.29500799317384224,0.00482268135409545,0.008874610907950801,0.29500799317383986,36.41379364545684,False,[],0,0,0,0.28442049528410357,17.03688819611214,0
460,M94,0,989684.44,5.4000000000000005e-05,2.8745,1304168.45,754.24,200.0,signal_enhancement,low,,0.9438366317749532,0.3,460,461,0.9438366317749023,0.1450765739914972,0.015319105477714959,0.021179141002936823,0.14507657399150187,35.444932065877886,False,[],0,0,0,0.2742103738505313,15.726509638513841,0
43,M88,3,933796.02,0.00047000000000000004,0.8306,1179464.12,1278.34,200.0,denoising,low,,0.8905372810367956,0.3,43,462,0.890537281036377,0.13551833526801568,0.13333295508381537,0.006067237949732923,0.13551833526808651,35.860056202580076,False,[],0,0,0,0.2935080691856899,17.755176544188835,0
87,M90,7,1545977.21,2.5e-05,3.0044,1645409.05,1243.59,200.0,signal_enhancement,low,,1.4743587589264286,0.3,87,463,1.4743587589263916,0.2402157655414964,0.007092178461905073,0.022139577524592086,0.24021576554149646,35.79667573642823,False,[],0,0,0,0.28042293158184356,16.529816867729256,0
1322,M94,2,1348072.21,2e-06,0.1522,1739383.6,1305.98,200.0,signal_enhancement,medium,,1.2856218433380153,0.65,1322,464,1.2856218433380127,0.20636934020740014,0.0005673742769524058,0.001051378547955181,0.20636934020739478,31.04393600439095,False,[],0,0,0,0.2766060008436739,16.073906139059147,0
1740,M93,0,1929296.68,1.8e-05,0.1084,1699876.75,1548.51,200.0,denoising,high,,1.8399206924438807,1.0,1740,465,1.8399206924438476,0.30577244081731236,0.005106368492571653,0.0007275362103993659,0.30577244081731025,26.201263676957275,True,[],0,0,0,0.2853298779091222,17.149639041039414,1
705,M90,5,2870012.36,4.7e-05,1.6083,1452548.46,1941.37,200.0,signal_enhancement,low,,2.737057075500617,0.3,705,466,2.737057075500488,0.46665702192306313,0.013333295508381537,0.011817287856517342,0.46665702192307457,37.012109451996736,False,[],0,0,0,0.29959922199026995,18.9065695383815,0
903,M88,3,2026636.06,2.3e-05,1.6344,1808279.01,842.91,200.0,denoising,low,,1.9327507591248005,0.3,903,467,1.932750759124756,0.3224197718965535,0.006524804184952667,0.01201026240012937,0.32241977189655313,36.429371215582336,False,[],0,0,0,0.28690279846316624,17.341644194294684,0
282,M90,2,945020.95,1.7e-05,2.2824,3442007.71,1845.83,200.0,denoising,low,,0.9012422084808503,0.3,282,468,0.9012422084808349,0.13743806319366414,0.00482268135409545,0.016801354517393487,0.13743806319366259,35.545711617252856,False,[],0,0,0,0.2718149008856893,15.461188896310361,0
2458,M90,8,2449963.87,4.5e-05,0.1603,1867934.01,1030.01,200.0,signal_enhancement,medium,,2.336467618942366,0.65,2458,469,2.336467618942261,0.3948188174639292,0.012765921231429132,0.0011112671994209825,0.3948188174639381,31.79593725387309,False,[],0,0,0,0.2937557120064573,18.177974756805018,0
693,M90,3,1132908.76,1.1e-05,1.8439,809080.27,1797.77,200.0,signal_enhancement,low,,1.0804259872436643,0.3,693,470,1.0804259872436524,0.16957131264340955,0.003120558523238232,0.013559234311497938,0.1695713126434067,35.7715082212287,False,[],0,0,0,0.2740961999604233,15.751883179852383,0
2089,M93,9,1853889.65,4.4e-05,0.9374,1927906.05,1679.34,200.0,denoising,low,,1.7680069446564497,0.3,2089,471,1.768006944656372,0.2928760591667176,0.012482234092952928,0.0068568809098005275,0.29287605916672377,36.46579780937285,False,[],0,0,0,0.2855520645291394,17.15344080534033,0
2066,M88,6,1914279.03,0.00022200000000000003,2.7727,1316869.68,1551.23,200.0,denoising,low,,1.8255987453464748,0.3,2066,472,1.8255987453460694,0.30320406826776286,0.06297854474171706,0.02042646634624317,0.3032040682678276,36.10002228268376,False,[],0,0,0,0.2949626780675129,18.165654488028537,0
257,M94,7,2329376.55,4e-06,1.2432,2154472.54,1060.21,200.0,denoising,low,,2.2214665889740077,0.3,257,473,2.221466588973999,0.37419554001960603,0.0011347485539048117,0.009117862344151403,0.3741955400195981,36.72324628975389,False,[],0,0,0,0.29012855045573227,17.762380874166347,0
2644,M94,4,1351899.1,0.000298,0.7878,2721245.63,1920.31,200.0,denoising,low,,1.2892714500431088,0.3,2644,474,1.2892714500427247,0.20702382870767452,0.08453876726590846,0.005750789272851897,0.20702382870773756,36.15557163664514,False,[],0,0,0,0.2909334967318184,17.591936097863098,0
2594,M93,8,1822864.37,9.2e-05,0.7787,2010098.02,1977.54,200.0,signal_enhancement,low,,1.7384189319612195,0.3,2594,475,1.7384189319610597,0.28757000412521067,0.02609921673981067,0.005683506960711305,0.2875700041252317,36.479774807679505,False,[],0,0,0,0.28744246717578464,17.3454859425687,0
2442,M94,2,2032835.76,5e-05,0.23600000000000002,1493248.35,1165.52,200.0,denoising,medium,,1.9386632537842765,0.65,2442,476,1.9386632537841797,0.3234800669024594,0.014184356923810147,0.0016709673125026086,0.3234800669024683,31.49379124823476,False,[],0,0,0,0.28828974602924445,17.490119093653178,0
2883,M93,0,2182856.56,0.000167,0.8917,1594750.64,1659.89,200.0,signal_enhancement,low,,2.081734237671246,0.3,2883,477,2.0817342376708985,0.3491371640236104,0.04737575212552589,0.006518990616962611,0.34913716402366374,36.70097893758556,False,[],0,0,0,0.29598485098322824,18.34413517849557,0
1216,M90,6,1591094.11,1e-05,2.3680000000000003,2239268.61,937.5,200.0,denoising,low,,1.517385587692276,0.3,1216,478,1.5173855876922608,0.24793182014929252,0.0028368713847620295,0.017434251871155538,0.24793182014928847,35.9686997244625,False,[],0,0,0,0.28031681374735296,16.530381886418642,0
1041,M93,1,1774901.9,7.000000000000001e-06,0.8927,1791283.42,1425.68,200.0,denoising,low,,1.6926783561706662,0.3,1041,479,1.6926783561706542,0.27936728989518195,0.0019858099693334207,0.006526384277637401,0.2793672898951766,36.421677631251605,False,[],0,0,0,0.2826869708864012,16.829417478399822,0
2453,M90,3,1136347.91,4.2e-05,0.1658,1644059.01,1788.7,200.0,signal_enhancement,medium,,1.0837058162689663,0.65,2453,480,1.0837058162689208,0.1701594884534586,0.011914859816000522,0.0011519323331323293,0.1701594884534617,30.896079983819867,False,[],0,0,0,0.2756382852449968,15.916062361222595,0
149,M93,9,2442670.41,1.9e-05,0.8271,1949871.61,2642.81,200.0,denoising,low,,2.329512033462569,0.3,149,481,2.3295120334625246,0.39357146368652485,0.005390055631047856,0.006041360137371156,0.39357146368652285,36.89304505062497,False,[],0,0,0,0.2924020265522001,18.03273563822411,0
1736,M90,6,2109714.21,2.7000000000000002e-05,0.7477,1353424.27,1812.01,200.0,signal_enhancement,low,,2.0119802570343563,0.3,1736,482,2.0119802570343017,0.3366280960969014,0.0076595527388574796,0.005454303479792807,0.3366280960969025,36.682883279993824,False,[],0,0,0,0.2882323716533579,17.50415291026845,0
2358,M94,8,1318119.2,9e-06,0.7594,1512432.05,1880.58,200.0,signal_enhancement,low,0.0,1.2570564270019646,0.3,2358,483,1.257056427001953,0.20124666864025206,0.0025531842462858264,0.005540809309687853,0.2012466686402484,36.138762395270376,False,[116],1,0,1,0.2765337748130887,16.058424002835665,0
2392,M93,2,1888034.76,2.4e-05,2.7001,848169.02,1848.48,200.0,denoising,low,1.0,1.8005702590942814,0.3,2392,484,1.8005702590942383,0.29871567876268285,0.00680849132342887,0.019889686581253396,0.2987156787626827,36.09817211761313,False,[],0,0,0,0.28505469782599757,17.109709631448546,0
2441,M94,1,1488216.32,2.6000000000000002e-05,0.1905,1581577.51,1811.51,200.0,signal_enhancement,medium,,1.419273681640662,0.65,2441,485,1.419273681640625,0.23033729025984134,0.0073758656003812765,0.0013345557517996497,0.2303372902598416,31.131312488485378,False,[],0,0,0,0.2796808803728521,16.436138483405276,0
2112,M93,2,1825640.77,1.9e-05,1.0301,1208292.77,1332.57,200.0,signal_enhancement,low,,1.7410667133331632,0.3,2112,486,1.74106671333313,0.2880448340451095,0.005390055631047856,0.007542273254353588,0.28804483404510783,36.42591113854983,False,[],0,0,0,0.2839598961808869,16.977469341809957,0
2417,M88,7,1412322.81,1.9e-05,2.3559,2066276.47,1524.54,200.0,denoising,low,,1.34689599037173,0.3,2417,487,1.3468959903717042,0.21735770904886897,0.005390055631047856,0.017344788576990573,0.2173577090488675,35.84908717888575,False,[],0,0,0,0.2783049261811877,16.27059809184755,0
134,M93,4,1302583.13,1.1e-05,1.9695,2211179.46,1738.92,200.0,signal_enhancement,low,,1.2422400760650771,0.3,134,488,1.2422400760650634,0.1985896340365771,0.003120558523238232,0.0144878780922516,0.1985896340365739,35.85972219337876,False,[],0,0,0,0.27641766567187664,16.042066393784058,0
2930,M90,2,1505527.28,1.2e-05,0.9571,1597053.2,1767.55,200.0,signal_enhancement,low,,1.4357826995849783,0.3,2930,489,1.435782699584961,0.23329787293891224,0.003404245661714435,0.007002536025093896,0.2332978729389089,36.22311541100284,False,[],0,0,0,0.2792425515976044,16.39425515129998,0
831,M88,1,1584965.38,0.000146,1.4509999999999998,1697819.9,1413.4,200.0,denoising,low,,1.511540775299293,0.3,831,490,1.5115407752990722,0.24688366268819836,0.04141832221752562,0.010654265032372826,0.24688366268823123,36.16790669978161,False,[],0,0,0,0.2867918077920352,17.214366426797444,0
1800,M88,0,1859531.72,1.3000000000000001e-05,0.3063,1682437.68,1595.96,200.0,signal_enhancement,low,,1.7733876419067616,0.3,1800,491,1.7733876419067383,0.29384098628318633,0.0036879328001906382,0.002190741657940367,0.2938409862831827,36.60964169539453,False,[],0,0,0,0.2841342274786873,17.004792653235295,0
2929,M90,1,1333455.44,1.7e-05,0.8991,2451861.68,1256.59,200.0,denoising,low,,1.271682205200217,0.3,2929,492,1.2716822052001953,0.2038695275981651,0.00482268135409545,0.0065737037059560586,0.2038695275981632,36.11826699921398,False,[],0,0,0,0.2771294180380494,16.12550354035537,0
2988,M88,6,3180370.74,4.3e-05,0.8242,596119.91,1995.69,200.0,signal_enhancement,low,,3.0330378913880702,0.3,2988,493,3.0330378913879397,0.519735629009701,0.012198546954476726,0.006019918521414265,0.5197356290097117,37.39834496039637,False,[],0,0,0,0.3036526033030371,19.41693013527759,0
1898,M93,8,1969698.63,0.000109,0.0476,1630084.57,1028.64,200.0,denoising,high,,1.8784509944917818,1.0,1898,494,1.878450994491577,0.3126821277076228,0.03092189809390612,0.0002780016413721154,0.3126821277076513,26.24238846158933,True,[],0,0,0,0.29027129289257386,17.683415442766538,1
864,M88,4,2481565.75,0.00018999999999999998,1.8751,1616601.41,1384.81,200.0,denoising,low,,2.366605520248863,0.3,864,495,2.366605520248413,0.4002234847125438,0.05390055631047855,0.013789916524551395,0.4002234847126144,36.687196443113635,False,[],0,0,0,0.3011809733497849,18.972444860714052,0
528,M93,8,1343308.61,0.000172,3.0028,2682232.5,2385.15,200.0,denoising,low,,1.2810789203646005,0.3,528,496,1.28107892036438,0.20555465219182956,0.048794187817906905,0.022127747667512424,0.20555465219186328,35.65838617874194,False,[],0,0,0,0.28473938410439054,16.93384190264062,0
2219,M94,9,1751600.68,4.8e-05,1.1153,2209830.16,1362.81,200.0,signal_enhancement,low,,1.6704565811158028,0.3,2219,497,1.6704565811157226,0.27538223139275225,0.01361698264685774,0.008172213143845721,0.27538223139275925,36.356362531255634,False,[],0,0,0,0.28434546556138596,16.998928001570963,0
430,M90,0,1811373.5,1.4000000000000001e-05,0.1197,1728076.12,1530.06,200.0,denoising,high,,1.7274603843689207,1.0,430,498,1.7274603843688965,0.28560479418367907,0.003971619938666841,0.0008110845760244963,0.2856047941836758,26.11808663945398,True,[],0,0,0,0.28352355892426767,16.927537100732795,1
2743,M90,4,2671528.28,7.000000000000001e-06,1.5321,7835466.17,4727.97,200.0,signal_enhancement,low,,2.547767906188983,0.3,2743,499,2.5477679061889646,0.432711560243334,0.0019858099693334207,0.01125389091309832,0.43271156024332635,36.89322951358038,False,[],0,0,0,0.29495451251425336,18.36286018188134,0
1744,M93,4,2327354.62,1.9e-05,0.2531,2541343.67,1884.66,200.0,denoising,low,,2.21953832626347,0.3,1744,500,2.219538326263428,0.37384974227434564,0.005390055631047856,0.0017973989100415226,0.37384974227434364,36.94147700179613,False,[],0,0,0,0.2908242888392258,17.835518424102318,0
610,M90,0,2738878.58,1.4999999999999999e-05,1.0576,2325482.95,1558.35,200.0,signal_enhancement,low,,2.6119981575012603,0.3,610,501,2.6119981575012208,0.44423005093421586,0.0042553070771430435,0.007745598922910322,0.44423005093421186,37.044552236049554,False,[],0,0,0,0.2962618062778516,18.518896036730734,0
949,M93,9,1226160.55,5.2000000000000004e-05,1.1643,1377752.57,2482.43,200.0,denoising,low,,1.1693578243256224,0.3,949,502,1.1693578243255616,0.18551956937015132,0.014751731200762553,0.008534502516910446,0.18551956937015684,35.986043201973295,False,[],0,0,0,0.2773493598537417,16.12072685531524,0
2811,M88,0,1580159.45,3.8e-05,1.423,2013630.83,1351.92,200.0,signal_enhancement,low,,1.5069574832916832,0.3,2811,503,1.506957483291626,0.24606173524368766,0.010780111262095712,0.0104472425334787,0.2460617352436912,36.17082966497039,False,[],0,0,0,0.2815175577340513,16.6546593551546,0
221,M90,1,1228908.83,2.8000000000000003e-05,2.1306,3028143.99,2054.33,200.0,denoising,low,,1.1719787883758874,0.3,221,504,1.1719787883758546,0.18598959010645,0.007943239877333683,0.015678996826960317,0.1859895901064505,35.773588455616995,False,[],0,0,0,0.2762295179876627,16.002874218856505,0
1915,M93,5,1541429.83,9.9e-05,2.461,2181735.86,1726.15,200.0,denoising,low,,1.4700220394135979,0.3,1915,505,1.4700220394134522,0.2394380562484732,0.028085026709144086,0.018121862313911035,0.23943805624849274,35.91409635557656,False,[],0,0,0,0.28392949904043235,16.899911043249325,0
2411,M88,1,2420876.3,2.2e-05,1.5992,1718353.27,1848.13,200.0,denoising,low,0.0,2.3087275505066422,0.3,2411,506,2.3087275505065916,0.389844156560186,0.006241117046476464,0.01175000554437675,0.3898441565601852,36.70687645990944,False,[116],1,0,1,0.2922485224227159,18.010781672438437,0
1036,M94,6,1493239.73,9.2e-05,0.6302,3169932.25,2325.39,200.0,signal_enhancement,low,,1.4240643787385343,0.3,1036,507,1.4240643787384033,0.231196411916634,0.02609921673981067,0.0045855483505049454,0.2311964119166511,36.28721919715139,False,[],0,0,0,0.2829325797990985,16.78175002048293,0
2645,M94,5,1193379.98,9.6e-05,2.4499,1648763.19,1530.08,200.0,denoising,low,,1.1380958366395135,0.3,2645,508,1.1380958366394043,0.17991331831578625,0.02723396529371548,0.01803979268042086,0.1799133183158006,35.67845949285052,False,[],0,0,0,0.2790228395651945,16.289344558444743,0
932,M93,2,1068593.03,6.9e-05,2.403,1840039.52,1884.94,200.0,signal_enhancement,low,,1.0190897274018038,0.3,932,509,1.0190897274017334,0.15857180503494642,0.019574412554858,0.017693029994773197,0.15857180503495427,35.603496320296586,False,[],0,0,0,0.2760133945371216,15.938057476336908,0
2555,M94,5,2693900.41,3.9e-05,3.3784,2875246.84,1952.85,200.0,denoising,low,,2.569103631973367,0.3,2555,510,2.5691036319732667,0.4365377224302908,0.011063798400571914,0.02490480661696366,0.4365377224302979,36.49900669121225,False,[],0,0,0,0.2968038635225205,18.564525595513203,0
173,M94,3,1034198.22,5.2000000000000004e-05,0.9887,3824855.45,985.0,200.0,signal_enhancement,low,,0.9862882804871118,0.3,173,511,0.9862882804870605,0.15268948084634368,0.014751731200762553,0.00723617570241727,0.15268948084634823,35.89367265231285,False,[],0,0,0,0.2747229527718371,15.792425970077163,0
565,M94,5,917204.48,1.6e-05,1.1571,1335442.36,1841.47,200.0,signal_enhancement,low,,0.874714355468764,0.3,565,512,0.87471435546875,0.13268079038644284,0.004538994215619247,0.008481268160051956,0.13268079038644115,35.77628511674421,False,[],0,0,0,0.2713860922475707,15.408509799745575,0
1960,M94,0,1975491.35,1.1e-05,2.1457,2889218.68,1201.48,200.0,signal_enhancement,low,,1.883975362777731,0.3,1960,513,1.88397536277771,0.3136728195292611,0.003120558523238232,0.015790641103149653,0.31367281952925663,36.28097204502256,False,[],0,0,0,0.2856243205112914,17.1928982487109,0
812,M94,2,967659.65,0.000376,1.9619,1437665.7,1231.28,200.0,denoising,low,,0.9228321552280081,0.3,812,514,0.9228321552276612,0.1413098151413714,0.1066663640670523,0.014431686271123192,0.14130981514142923,35.63228867243179,False,[],0,0,0,0.28943806710270864,17.333092704620654,0
2687,M88,2,2707315.75,0.000105,1.8429,2052688.68,1829.34,200.0,denoising,low,,2.5818974971773954,0.3,2687,515,2.581897497177124,0.4388320621571371,0.029787149540001306,0.013551840650823146,0.4388320621571748,36.84877302910386,False,[],0,0,0,0.3001703803943712,18.924489313291396,0
958,M90,8,2194333.89,9.2e-05,2.7224,1622113.06,1247.93,200.0,denoising,low,,2.09267987251301,0.3,958,516,2.0926798725128175,0.3511000583056133,0.02609921673981067,0.02005456521430122,0.35110005830563873,36.30276327679342,False,[],0,0,0,0.2925248715102169,17.980786484372725,0
527,M93,7,1344571.49,0.000178,1.3277,3615077.33,1758.44,200.0,signal_enhancement,low,,1.2822832965853113,0.3,527,517,1.282283296585083,0.20577063447436875,0.050496310648764114,0.009742626671171184,0.20577063447440386,36.03080373776234,False,[],0,0,0,0.2850460235682394,16.966639936421444,0
1413,M94,3,2192739.59,5e-06,0.3178,3427037.04,2028.28,200.0,signal_enhancement,low,,2.0911594295501814,0.3,1413,518,2.0911594295501708,0.350827395381937,0.0014184356923810147,0.0022757687557004554,0.35082739538192986,36.83503651885674,False,[],0,0,0,0.28830732569825973,17.533805796282227,0
1611,M94,1,781563.43,3.1e-05,1.9387,1959245.12,2247.39,200.0,signal_enhancement,low,,0.7453569698333973,0.3,1611,519,0.7453569698333741,0.10948296986112303,0.008794301292762291,0.014260153343468059,0.10948296986112352,35.51012727914045,False,[],0,0,0,0.2702536688086594,15.25312712188095,0
272,M94,2,798966.85,1.2e-05,2.0743,2483293.95,1701.09,200.0,signal_enhancement,low,,0.761954164505014,0.3,272,520,0.7619541645050049,0.11245936538214532,0.003404245661714435,0.015262733730969624,0.11245936538214321,35.491955449599494,False,[],0,0,0,0.26957547099306306,15.185870075732312,0
926,M93,6,1082515.12,0.00013000000000000002,2.1623,3020028.6,2322.93,200.0,denoising,low,5.0,1.032366867065564,0.3,926,521,1.0323668670654298,0.16095281097051942,0.03687932800190638,0.015913375870351174,0.16095281097053865,35.66640996777154,False,[],0,0,0,0.2791457106379656,16.27335601373951,0
1739,M90,9,1552340.54,3.5e-05,0.8373,2127348.73,2486.52,200.0,denoising,low,,1.480427303314261,0.3,1739,522,1.480427303314209,0.24130404513888515,0.009929049846667102,0.0061167754762540185,0.24130404513888784,36.28171291626792,False,[],0,0,0,0.2809922620850442,16.59176334862886,0
847,M93,7,2248025.24,2.5e-05,0.7788,3260805.41,1505.44,200.0,signal_enhancement,low,,2.14388393402105,0.3,847,523,2.1438839340209963,0.3602825462107285,0.007092178461905073,0.005684246326778785,0.3602825462107289,36.770602795039544,False,[],0,0,0,0.2900282740353821,17.730484674421575,0
952,M90,2,2418109.57,9.4e-05,1.9146,2205286.18,1611.33,200.0,denoising,low,,2.3060889911653777,0.3,952,524,2.306088991165161,0.3893709804384883,0.026666591016763073,0.014081966121205613,0.38937098043851714,36.63502493811779,False,[],0,0,0,0.29568299890792876,18.373708442686617,0
1620,M90,0,1971879.98,3.8e-05,0.9963,3824286.63,1663.33,200.0,denoising,low,,1.8805312919617414,0.3,1620,525,1.88053129196167,0.3130551900350149,0.010780111262095712,0.007292367523545676,0.3130551900350195,36.53344973443369,False,[],0,0,0,0.2868770341173575,17.32459390306787,0
2999,M94,8,1641041.48,1e-05,2.3524,3063639.88,2862.64,200.0,denoising,low,4.0,1.5650191116333163,0.3,2999,526,1.5650191116333008,0.25647399912071556,0.0028368713847620295,0.017318910764628808,0.2564739991207114,36.006328673544,False,[],0,0,0,0.28100018806506677,16.615803676132874,0
2315,M90,5,1577160.74,3.6e-05,0.3286,1633706.78,1293.46,200.0,denoising,low,,1.5040976905823296,0.3,2315,527,1.5040976905822754,0.24554888506752431,0.010212736985143306,0.0023556202909881907,0.2455488850675273,36.41152693154045,False,[],0,0,0,0.2813800760928763,16.63931811640782,0
1912,M93,2,752604.46,0.000136,2.8316,2086571.13,1448.03,200.0,denoising,low,,0.7177395439148925,0.3,1912,528,0.7177395439147949,0.10453030259219433,0.0385814508327636,0.02086195295998832,0.10453030259220826,35.29226262156913,False,[],0,0,0,0.27492127084894535,15.739769140911687,0
2593,M93,7,1522398.09,4.1e-05,1.0086,2317294.64,1196.55,200.0,signal_enhancement,low,,1.4518719577789905,0.3,2593,529,1.4518719577789307,0.23618317958094112,0.01163117267752432,0.007383309549845596,0.23618317958094534,36.2232334318284,False,[],0,0,0,0.2808719537216544,16.57119290400485,0
2031,M93,1,1623116.75,2.2e-05,0.9433,1604588.94,884.69,200.0,signal_enhancement,low,,1.5479247570038182,0.3,2031,530,1.5479247570037842,0.25340844728736706,0.006241117046476464,0.00690050350778179,0.2534084472873663,36.306618683916014,False,[],0,0,0,0.28133366568089035,16.646424579710246,0
1100,M88,0,1195123.13,3.8e-05,2.2389,1893068.33,1966.89,200.0,signal_enhancement,low,,1.139758234024091,0.3,1100,531,1.1397582340240477,0.1802114381021541,0.010780111262095712,0.01647973027804011,0.1802114381021566,35.726453844067414,False,[],0,0,0,0.2762495339627286,15.996156383739264,0
1292,M94,2,1762888.05,9e-06,0.5077,2327224.36,3240.75,200.0,signal_enhancement,low,,1.6812210559845124,0.3,1292,532,1.6812210559844971,0.2773126380319141,0.0025531842462858264,0.0036798249178431343,0.27731263803190936,36.49885580459236,False,[],0,0,0,0.2826190523644217,16.819083696752287,0
2875,M94,1,1982512.84,6.9e-05,72.7852,2193416.26,1488.37,200.0,denoising,low,,1.890671577453744,0.3,2875,533,1.8906715774536134,0.3148736600184812,0.019574412554858,0.5380751343399992,0.31487366001849637,20.61724060987395,False,[],0,0,0,0.28851754293580434,17.501076026172257,0
168,M88,8,2631804.06,5e-06,1.2244,1851300.4,1116.43,200.0,signal_enhancement,low,,2.5098839378357063,0.3,168,534,2.5098839378356934,0.42591778117668483,0.0014184356923810147,0.008978861523465343,0.42591778117667634,36.93430527900278,False,[],0,0,0,0.2943145565618396,18.284709654229708,0
2376,M93,6,1399113.61,0.00011599999999999999,0.1253,1724761.55,2407.39,200.0,denoising,high,,1.3342987155915855,1.0,2376,535,1.3342987155914308,0.21509862412669345,0.03290770806323953,0.000852489075803322,0.21509862412671518,25.83481982423267,True,[],0,0,0,0.28280220030088615,16.743324986405245,1
1467,M88,7,1285538.62,5.1e-05,1.1674,2659567.58,2219.76,200.0,signal_enhancement,low,,1.2259851646423967,0.3,1467,536,1.225985164642334,0.19567462059542476,0.014468044062286349,0.008557422865002298,0.1956746205954304,36.02597579643163,False,[],0,0,0,0.2781135371382227,16.217170999075403,0
2766,M88,0,4775119.24,2.2e-05,1.4123,4686514.28,3891.94,200.0,denoising,low,,4.553908576965433,0.3,2766,537,4.553908576965332,0.7924752567700508,0.006241117046476464,0.010368130364258443,0.79247525677005,38.35885711615245,False,[],0,0,0,0.32445901043950504,22.037092674537085,1
1398,M90,8,2717771.44,5e-06,0.20199999999999999,2531293.35,2668.36,200.0,denoising,medium,,2.591868820190443,0.65,1398,538,2.5918688201904296,0.44062023188959193,0.0014184356923810147,0.001419582849559738,0.4406202318895832,31.969893442071577,False,[],0,0,0,0.2954907526188721,18.431734161358776,0
1228,M94,8,1980019.68,1.6e-05,2.9817,2076929.85,1346.85,200.0,signal_enhancement,low,,1.888293914794952,0.3,1228,539,1.8882939147949218,0.3144472708227259,0.004538994215619247,0.021971741427274347,0.31444727082272306,36.09863684047267,False,[],0,0,0,0.28592741068247335,17.226174604108405,0
2234,M88,4,871770.19,1e-06,1.9069999999999998,1248197.83,1718.97,200.0,denoising,low,,0.8313848400115975,0.3,2234,540,0.8313848400115966,0.12491045459860182,0.0002836871384762029,0.014025774300077204,0.12491045459859795,35.57886858939209,False,[],0,0,0,0.2700410631814291,15.25421091447859,0
1738,M90,8,1882993.01,2.4e-05,1.2593,1605377.52,2105.19,200.0,signal_enhancement,low,,1.7957620716095402,0.3,1738,541,1.795762071609497,0.29785342053308694,0.00680849132342887,0.009236900281015526,0.2978534205330868,36.41430667370189,False,[],0,0,0,0.2849857171676299,17.10108704915259,0
367,M93,7,1799327.82,3.6e-05,0.07400000000000001,1870139.75,2403.72,200.0,denoising,high,,1.7159727287293098,1.0,367,542,1.715972728729248,0.2835446986392592,0.010212736985143306,0.0004731942831865795,0.28354469863926274,26.119982966061436,True,[],0,0,0,0.28441974117861507,17.019276252125174,1
2275,M94,5,1755233.32,0.000496,1.5436,1662357.29,1961.91,200.0,denoising,low,,1.6739209365853032,0.3,2275,543,1.6739209365844727,0.2760034985589464,0.14070882068419666,0.01133891801085841,0.2760034985590879,36.263846453910034,False,[],0,0,0,0.3060007794010291,19.292793757905002,0
867,M88,7,1944286.55,0.00025,2.0965,2095712.49,1384.41,200.0,signal_enhancement,low,,1.8542161464695799,0.3,867,544,1.8542161464691163,0.3083360623312853,0.07092178461905073,0.015426872997949969,0.3083360623313603,36.27053805938664,False,[],0,0,0,0.29672358837174145,18.359952746455768,0
1302,M94,2,1832448.24,9e-06,2.0545,2780240.2,2503.07,200.0,signal_enhancement,low,,1.747558822631852,0.3,1302,545,1.747558822631836,0.2892090720636998,0.0025531842462858264,0.015116339249608776,0.28920907206369495,36.20334611076654,False,[],0,0,0,0.2835707670869646,16.938048037070143,0
351,M94,1,3891920.96,1.8e-05,0.5369,4667153.61,1369.98,200.0,signal_enhancement,low,,3.711625061035223,0.3,351,546,3.711625061035156,0.6414275084098666,0.005106368492571653,0.003895719809547011,0.6414275084098631,37.94883843935306,False,[],0,0,0,0.31218228331652653,20.506189716964954,0
2394,M93,4,1691998.68,1.2e-05,0.5885,446544.98,2178.1,200.0,denoising,low,,1.6136156845092966,0.3,2394,547,1.6136156845092773,0.26518888285298414,0.003404245661714435,0.00427723270036619,0.2651888828529804,36.43243855040095,False,[],0,0,0,0.2817938323907302,16.713165250440703,0
2503,M93,7,578323.39,2e-06,1.6495,1320807.98,1538.09,200.0,signal_enhancement,low,,0.5515321636199962,0.3,2503,548,0.5515321636199951,0.07472412678611866,0.0005673742769524058,0.012121906676318702,0.07472412678611595,35.43523930685491,False,[],0,0,0,0.2660743837699714,14.75745400484633,0
979,M90,9,1869014.16,4.5e-05,1.4086,1791379.53,1745.87,200.0,signal_enhancement,low,,1.7824308013916819,0.3,979,549,1.7824308013916015,0.2954627072980422,0.012765921231429132,0.010340773819761718,0.29546270729804874,36.37162761459932,False,[],0,0,0,0.2858072231931863,17.184413655146145,0
1847,M94,7,2494603.6,3.4e-05,0.955,2960486.49,611.24,200.0,signal_enhancement,low,,2.3790393829346512,0.3,1847,550,2.3790393829345704,0.40245326474105325,0.0096453627081909,0.006987009337676836,0.4024532647410575,36.90020277883391,False,[],0,0,0,0.2938359728396767,18.19814917615797,0
2370,M93,0,2110587.04,5.6999999999999996e-05,0.1324,2147007.83,1766.64,200.0,signal_enhancement,high,,2.0128126525880057,1.0,2370,551,2.0128126525878907,0.3367773706247019,0.016170166893143566,0.0009049840665943331,0.3367773706247138,26.31995996050098,True,[],0,0,0,0.2896911180218105,17.6588367103236,1
498,M90,8,1175949.91,3.9e-05,0.1391,2627077.1,1010.34,200.0,signal_enhancement,high,,1.1214732265472849,1.0,498,552,1.1214732265472411,0.17693236501585408,0.011063798400571914,0.0009545215931154281,0.17693236501585674,25.67909381226995,True,[],0,0,0,0.27603543492936555,15.968472021368834,1
1628,M90,8,2129128.67,6.500000000000001e-05,1.6331,2644516.86,820.5,200.0,denoising,low,,2.03049532890333,0.3,1628,553,2.030495328903198,0.3399484269161925,0.01843966400095319,0.012000650641252142,0.3399484269162073,36.4997741884272,False,[],0,0,0,0.29033061703345747,17.73139822117908,0
210,M90,0,2129498.21,3.2e-05,1.7116,2181815.85,1758.49,200.0,denoising,low,,2.030847749710148,0.3,210,554,2.030847749710083,0.3400116269769184,0.009077988431238493,0.012581053004223179,0.3400116269769212,36.48261491778098,False,[],0,0,0,0.288744188191464,17.563520061531477,0
2470,M94,1,1390297.26,1e-06,2.0722,2827782.49,696.27,200.0,signal_enhancement,low,,1.325890789031984,0.3,2470,555,1.3258907890319824,0.213590820220808,0.0002836871384762029,0.015247207043552565,0.21359082022080228,35.896947069576655,False,[],0,0,0,0.2771354924312056,16.14101457070065,0
601,M93,1,1577979.33,3e-06,0.3479,2572475.06,1292.7,200.0,denoising,low,,1.5048783588409471,0.3,601,556,1.5048783588409425,0.2456888832753222,0.0008510614154286088,0.0024983179420116435,0.24568888327531632,36.40780599484094,False,[],0,0,0,0.27979979110264863,16.472207938230937,0
227,M90,7,1777793.25,3.3e-05,1.2349,2741015.88,1417.62,200.0,signal_enhancement,low,,1.6954357624054517,0.3,227,557,1.6954357624053955,0.27986177897777076,0.009361675569714697,0.009056494960550643,0.27986177897777337,36.34775226709456,False,[],0,0,0,0.28398042716507316,16.967127950032573,0
365,M93,5,2135229.61,4.4e-05,0.1658,1281408.39,1605.7,200.0,denoising,medium,,2.0363136386872234,0.65,365,558,2.0363136386871337,0.34099183163147406,0.012482234092952928,0.0011519323331323293,0.3409918316314813,31.579409356531926,False,[],0,0,0,0.2894013263263199,17.634598529987894,0
581,M90,1,1162671.38,2.2e-05,0.8018,1648475.2,1288.87,200.0,denoising,low,,1.1088098335266356,0.3,581,559,1.1088098335266112,0.174661423027569,0.006241117046476464,0.005854300522298962,0.17466142302756826,36.02301667644131,False,[],0,0,0,0.2750339037401065,15.858954337112266,0
2855,M90,8,2175780.55,0.00011599999999999999,1.2026,2070011.41,2119.06,200.0,signal_enhancement,low,,2.074986028671505,0.3,2855,560,2.0749860286712645,0.34792699932777993,0.03290770806323953,0.008817679720754914,0.3479269993278141,36.62717760568848,False,[],0,0,0,0.2934284703169731,18.07160873841611,0
2178,M90,8,1590465.25,1.2e-05,1.1065,1436002.84,1160.43,200.0,signal_enhancement,low,,1.5167858600616637,0.3,2178,561,1.5167858600616455,0.247824270248908,0.003404245661714435,0.008107148929907567,0.2478242702489045,36.2480826130984,False,[],0,0,0,0.2804046633824041,16.539519124399938,0
2018,M90,8,1266184.83,0.00022400000000000002,2.3996,1249101.34,1391.45,200.0,denoising,low,,1.2075279521944844,0.3,2018,562,1.207527952194214,0.19236466577787706,0.06354591901866946,0.01766789154847891,0.19236466577792002,35.739421916657136,False,[],0,0,0,0.286191979495404,17.067473200114822,0
859,M90,9,1898599.21,0.001312,1.5848,2451371.4,1349.96,200.0,signal_enhancement,low,,1.810645303728572,0.3,859,563,1.8106453037261963,0.30052244902175057,0.37219752568077824,0.01164353683065977,0.3005224490221686,36.35278369116721,False,[],0,0,0,0.34731537528747236,23.70477995247151,0
407,M94,7,2125454.06,4.8e-05,0.2708,2206601.22,2899.27,200.0,denoising,low,,2.026990947723486,0.3,407,564,2.0269909477233887,0.33931998188955387,0.01361698264685774,0.001928266703985311,0.33931998188956247,36.79943192643866,False,[],0,0,0,0.2894604856011301,17.638305506538977,0
1920,M88,0,1295588.06,4.8e-05,1.2783,2042901.0,1905.91,200.0,denoising,low,,1.235569057464659,0.3,1920,565,1.2355690574645997,0.19739331199083912,0.01361698264685774,0.009377379833836541,0.19739331199084412,36.008251852948256,False,[],0,0,0,0.27810635200923295,16.21903880755183,0
1613,M94,3,1810107.76,2.7000000000000002e-05,1.361,1374893.45,1355.6,200.0,signal_enhancement,low,,1.7262532806396953,0.3,1613,566,1.7262532806396484,0.2853883227736471,0.0076595527388574796,0.009988835571641699,0.2853883227736479,36.34188822394534,False,[],0,0,0,0.2841331897874976,16.991755177035905,0
678,M88,8,1928034.8,3.4e-05,0.1892,2968000.46,2363.67,200.0,signal_enhancement,medium,,1.8387172698975234,0.65,678,567,1.838717269897461,0.30555662955837204,0.0096453627081909,0.0013249439929224223,0.30555662955837515,31.432478198445818,False,[],0,0,0,0.2860842420250622,17.229182824331158,0
1264,M88,4,1492363.71,2.1e-05,0.6847,2301312.75,1676.05,200.0,denoising,low,,1.423228940963775,0.3,1264,568,1.423228940963745,0.23104659182355308,0.005957429908000261,0.004988502857281018,0.23104659182355208,36.274531281575776,False,[],0,0,0,0.27949649043024427,16.417699656579536,0
2407,M93,7,1722220.85,1.8e-05,2.6461,1421847.8,1439.49,200.0,denoising,low,,1.6424377918243704,0.3,2407,569,1.642437791824341,0.2703575871320037,0.005106368492571653,0.01949042890481472,0.27035758713200175,35.99671748138358,False,[],0,0,0,0.28249668961429747,16.795490504186326,0
691,M90,1,2378239.42,2.3e-05,2.9993,2733689.67,2044.0,200.0,denoising,low,,2.268065853118949,0.3,691,570,2.2680658531188964,0.3825522438980561,0.006524804184952667,0.022101869855150655,0.38255224389805575,36.367152879937706,False,[],0,0,0,0.29171339622328646,17.94296891430971,0
7,M93,7,1561968.87,3.1e-05,1.8062,1637255.95,844.09,200.0,denoising,low,,1.4896095943451393,0.3,7,571,1.4896095943450929,0.24295071678657995,0.008794301292762291,0.013280493304058344,0.24295071678658162,36.07338806802457,False,[],0,6,0,0.28093108856269594,16.58780459113552,0
2867,M90,2,1407102.35,9e-05,1.8883,1905274.42,2477.85,200.0,signal_enhancement,low,,1.3419173717499986,0.3,2867,572,1.341917371749878,0.21646488719191925,0.025531842462858265,0.013887512845458628,0.2164648871919348,35.949234163403915,False,[],0,0,0,0.28165760419403946,16.624222036250643,0
1204,M93,4,1739792.06,7.000000000000001e-06,1.0284,1931518.43,1641.51,200.0,denoising,low,,1.6591950035095333,0.3,1204,573,1.6591950035095215,0.27336267870268016,0.0019858099693334207,0.0075297040312064445,0.27336267870267494,36.367559593874525,False,[],0,0,0,0.28220660199100106,16.769371366474804,0
2233,M88,3,2121092.14,2e-06,1.4003,1477720.01,1733.73,200.0,denoising,low,,2.022831096649174,0.3,2233,574,2.02283109664917,0.3385739906331768,0.0005673742769524058,0.01027940643616096,0.33857399063316873,36.545913769447885,False,[],0,0,0,0.28718237287773607,17.39595264331691,0
415,M88,5,933909.8,9e-06,1.1626,1865418.55,1495.34,200.0,denoising,low,2.0,0.8906457901001058,0.3,415,575,0.8906457901000977,0.13553779433309496,0.0025531842462858264,0.008521933293763304,0.13553779433309215,35.786493178519486,False,[1545],1,0,1,0.27127706486851616,15.401335259764094,0
670,M88,0,1757329.08,3.6e-05,0.3466,1354528.78,1770.06,200.0,signal_enhancement,low,,1.6759196090698845,0.3,670,576,1.6759196090698243,0.2763619229765113,0.010212736985143306,0.0024887061831344163,0.2763619229765147,36.53078650641201,False,[],0,0,0,0.28384511912559524,16.947448495497692,0
810,M94,0,1508684.41,0.000322,2.9394,2049733.24,1387.22,200.0,signal_enhancement,low,,1.4387935733799797,0.3,810,577,1.4387935733795165,0.23383781667360834,0.09134725858933734,0.021658989580730717,0.23383781667368495,35.78558157927251,False,[],0,0,0,0.29423605929407604,17.982628821344157,0
1089,M90,9,1669300.16,7.000000000000001e-06,1.8634,1920054.12,692.98,200.0,signal_enhancement,low,,1.591968688964855,0.3,1089,578,1.5919686889648437,0.26130690027359255,0.0019858099693334207,0.013703410694656347,0.2613069002735875,36.13412528025468,False,[],0,0,0,0.28124213971667406,16.648813582183926,0
199,M93,9,1650980.98,2.8999999999999997e-05,1.5102,1575027.97,1790.3,200.0,signal_enhancement,low,,1.5744981575012664,0.3,199,579,1.5744981575012207,0.2581738881816703,0.008226927015809883,0.011091969744320413,0.25817388818167153,36.19993646039707,False,[],0,0,0,0.2820524886472213,16.72982356810128,0
283,M90,3,1039132.44,1e-05,1.5692,2552551.24,1405.83,200.0,denoising,low,,0.9909939193725684,0.3,283,580,0.9909939193725585,0.15353334890835324,0.0028368713847620295,0.01152819572413304,0.15353334890835035,35.76828752390942,False,[],0,0,0,0.2727649360480778,15.58639717400925,0
231,M90,1,1951287.27,5.1e-05,1.9359,1134886.63,1616.12,200.0,signal_enhancement,low,,1.8608925533295628,0.3,231,581,1.8608925533294678,0.30953335066035687,0.014468044062286349,0.014239451093578645,0.3095333506603658,36.31094986983407,False,[],0,0,0,0.28722223554341725,17.355758299724723,0
2730,M94,0,3906920.71,1.6e-05,0.4268,2645399.37,4129.25,200.0,signal_enhancement,low,,3.7259299373627304,0.3,2730,582,3.725929937362671,0.6439928196369964,0.004538994215619247,0.0030816777692525984,0.6439928196369915,37.9835209454704,False,[],0,0,0,0.31229105458761497,20.521630092251108,0
2861,M90,5,2114260.81,8.499999999999999e-05,1.5342,1650767.48,1016.8,200.0,denoising,low,,2.016316232681446,0.3,2861,583,2.0163162326812745,0.33740567199151755,0.024113406770477245,0.01126941760051538,0.33740567199153954,36.511540159950606,False,[],0,0,0,0.2910917329103025,17.808098041783765,0
96,M90,6,498855.11,3.4e-05,2.3032,1926737.18,735.16,200.0,denoising,low,,0.4757453060150308,0.3,96,584,0.47574530601501464,0.06113317554461866,0.0096453627081909,0.016955142659429125,0.06113317554461896,35.2358784223956,False,[],0,0,0,0.26653036570396194,14.784948284193623,0
1587,M88,7,864806.72,0.000468,1.9639,389263.68,1672.31,200.0,signal_enhancement,low,,0.8247439575199172,0.3,1587,585,0.8247439575195312,0.12371953689858808,0.13276558080686296,0.014446473592472774,0.12371953689865331,35.561483939820164,False,[],0,0,0,0.2924677116890537,17.62697582350941,0
2569,M93,1,1902826.93,0.000101,2.3398,1245236.98,1912.73,200.0,denoising,low,,1.8146771717073367,0.3,2569,586,1.8146771717071533,0.30124548891115943,0.028652400986096494,0.01722575064012645,0.30124548891118436,36.18820943644084,False,[],0,0,0,0.2889705472805292,17.528198106861332,0
1606,M93,6,1155827.34,3.2e-05,0.4079,3029748.27,1526.49,200.0,denoising,low,,1.1022828483581897,0.3,1606,587,1.1022828483581544,0.17349093067596819,0.009077988431238493,0.0029419375824990615,0.1734909306759694,36.1057055952289,False,[],0,0,0,0.275422532487388,15.898313098521976,0
676,M88,6,1597355.03,5.6000000000000006e-05,0.01,2544170.84,1617.85,200.0,signal_enhancement,high,,1.5233564662934203,1.0,676,588,1.523356466293335,0.2490025852199211,0.015886479754667365,0.0,0.2490025852199296,25.996010340879685,True,[],0,0,0,0.28262090837588716,16.775982487783224,1
1860,M90,0,2040699.56,8.6e-05,1.1567,3053188.62,1616.65,200.0,denoising,low,,1.9461627578737024,0.3,1860,589,1.9461627578735352,0.3248249622792425,0.024397093908953452,0.00847831069578204,0.32482496227926405,36.54495052824351,False,[],0,0,0,0.29013350294686147,17.68739731315359,0
2781,M93,6,2390432.19,1.1e-05,0.5963,2096776.92,2808.8,200.0,signal_enhancement,low,,2.2796937847137704,0.3,2781,590,2.279693784713745,0.3846374953036336,0.003120558523238232,0.004334903253629555,0.38463749530362834,36.90850288360566,False,[],0,0,0,0.2913014945732412,17.902545006454623,0
2863,M90,7,1603995.9,5e-06,0.7976,2134048.7,1703.57,200.0,denoising,low,,1.5296896934509354,0.3,2863,591,1.5296896934509276,0.2501383307069398,0.0014184356923810147,0.0058232471474648426,0.25013833070693436,36.32585590840381,False,[],0,0,0,0.2802522005242599,16.526915149532257,0
2587,M93,1,1133420.27,9.9e-05,1.6624,1560789.08,2200.89,200.0,signal_enhancement,low,,1.0809138011933443,0.3,2587,592,1.0809138011932373,0.16965879292446684,0.028085026709144086,0.012217284899023498,0.16965879292448102,35.81211662472716,False,[],0,0,0,0.2783471579745118,16.202118410009263,0
1399,M90,9,1219809.59,4e-06,0.1368,2352256.59,1423.34,200.0,denoising,high,,1.1633010768890428,1.0,1399,593,1.1633010768890382,0.1844334053346806,0.0011347485539048117,0.0009375161735634104,0.1844334053346761,25.709608136131823,True,[],0,0,0,0.27494757968093825,15.864759527317092,1
1370,M93,0,797575.79,1.7e-05,0.9514,1706822.88,1967.02,200.0,signal_enhancement,low,,0.7606275463104378,0.3,1370,594,0.7606275463104248,0.11222146129470313,0.00482268135409545,0.006960392159247592,0.11222146129470173,35.740074080401385,False,[],0,0,0,0.2697975727337725,15.20902287732075,0
104,M88,4,1649368.72,0.001124,1.0974,2133020.87,2424.32,200.0,denoising,low,,1.5729605865496195,0.3,104,595,1.5729605865478515,0.25789815367415836,0.3188643436472521,0.008039866617766974,0.25789815367446844,36.290396616163626,False,[],0,0,0,0.3348387907139655,22.31853972239212,0
2087,M93,7,939364.57,3.6e-05,0.5996,1721991.39,1313.47,200.0,signal_enhancement,low,,0.8958478641510331,0.3,2087,596,0.8958478641510009,0.13647068872949558,0.010212736985143306,0.0043593023338563625,0.13647068872949708,35.91510368490229,False,[],0,0,0,0.27265382038583397,15.548536153027536,0
599,M90,9,1401995.59,0.000123,2.3754,1732927.12,945.69,200.0,signal_enhancement,low,,1.3370471858979918,0.3,599,597,1.3370471858978272,0.21559151071816088,0.034893518032572964,0.017488964960148984,0.21559151071818433,35.837697094068176,False,[],0,0,0,0.28317921892299025,16.783998431767923,0
1756,M90,6,1555230.3,5.1e-05,0.953,3149540.1,1975.38,200.0,signal_enhancement,low,,1.4831831932068629,0.3,1756,598,1.4831831932067872,0.24179826229395177,0.014468044062286349,0.006972222016327256,0.2417982622939587,36.258026388685984,False,[],0,0,0,0.28180342847410483,16.678407416060672,0
1323,M94,3,1458329.44,5e-06,0.1316,3168768.23,996.86,200.0,signal_enhancement,high,,1.3907713317871164,1.0,1323,599,1.3907713317871093,0.22522592848328643,0.0014184356923810147,0.0008990691380545008,0.22522592848328146,25.873931639791508,True,[],0,0,0,0.27825920834636764,16.27779112729572,1
642,M94,2,1972410.83,8.2e-05,1.9411,1998096.14,2520.04,200.0,denoising,low,,1.8810375499726883,0.3,642,600,1.8810375499725343,0.31314597791247434,0.02326234535504864,0.014277898129087556,0.31314597791249377,36.32424696777728,False,[],0,0,0,0.28900627694335623,17.55018199551562,0
700,M90,0,1430199.05,4.9e-05,0.9799,1535649.52,2064.71,200.0,signal_enhancement,low,,1.363944101333685,0.3,700,601,1.3639441013336182,0.22041496794790832,0.013900669785333943,0.007171111488479115,0.22041496794791415,36.16652652713726,False,[],0,0,0,0.27999631129933944,16.454361735615095,0
226,M90,6,1859662.98,4.2e-05,2.3607,833114.76,1375.88,200.0,denoising,low,,1.7735128211975841,0.3,226,602,1.7735128211975097,0.2938634348407738,0.011914859816000522,0.017380278148229567,0.29386343484077937,36.15404539491621,False,[],0,0,0,0.285534600955982,17.153101825095746,0
1697,M93,7,2112588.74,3e-06,1.9506,2505437.4,1551.39,200.0,signal_enhancement,low,4.0,2.0147216224670474,0.3,1697,603,2.0147216224670412,0.3371197085625573,0.0008510614154286088,0.014348137905498062,0.3371197085625497,36.41803469708529,False,[],0,0,0,0.28711425712562744,17.38651619110329,0
1010,M94,0,605772.72,2.4e-05,1.5883,2823406.76,1765.05,200.0,denoising,low,,0.5777098846435685,0.3,1010,604,0.5777098846435547,0.07941860998925131,0.00680849132342887,0.011669414643021537,0.0794186099892508,35.46759200066636,False,[],0,0,0,0.26751093232412304,14.916738943714233,0
1572,M88,2,1616159.55,0.00022799999999999999,1.1619,2799098.64,1218.34,200.0,signal_enhancement,low,,1.5412898540500342,0.3,1572,605,1.5412898540496827,0.25221860190531825,0.06468066757257426,0.00851675773129095,0.25221860190537443,36.253371675682544,False,[],0,0,0,0.29117320163976307,17.68643803535952,0
776,M93,6,1441621.49,4.7e-05,0.8962,1849748.76,2691.51,200.0,denoising,low,,1.3748373889923742,0.3,776,606,1.3748373889923096,0.2223684747445693,0.013333295508381537,0.006552262089999167,0.22236847474457472,36.192906036278295,False,[],0,0,0,0.2800561382159904,16.46368406659656,0
1730,M90,0,1903722.28,2.8999999999999997e-05,0.7873,2080833.67,1188.52,200.0,signal_enhancement,low,,1.8155310440064005,0.3,1730,607,1.8155310440063477,0.3013986148904065,0.008226927015809883,0.005747092442514503,0.301398614890408,36.53318168628619,False,[],0,0,0,0.2855104667839202,17.162070835188644,0
2826,M94,6,1108987.13,2.1e-05,0.1149,2003759.6,1497.28,200.0,signal_enhancement,high,,1.0576125431061012,1.0,2826,608,1.057612543106079,0.16548014939000574,0.005957429908000261,0.0007755950047855028,0.1654801493900048,25.638652747416455,True,[],0,0,0,0.2742511750355605,15.762035232244063,1
2228,M93,8,1550347.83,1e-06,0.5193,2506035.76,1286.31,200.0,signal_enhancement,low,,1.4785269069671647,0.3,2228,609,1.4785269069671632,0.24096324470318364,0.0002836871384762029,0.003765591381670701,0.24096324470317732,36.35088523736261,False,[],0,0,0,0.27932528638979565,16.41473881552441,0
2794,M90,1,1531664.45,0.00011599999999999999,1.7624,1844925.55,1576.39,200.0,denoising,low,0.0,1.460709047317674,0.3,2794,610,1.4607090473175048,0.23776794581655342,0.03290770806323953,0.012956650966502527,0.23776794581657723,36.06237225427114,False,[116],1,0,1,0.284615746036075,16.970018203303844,0
464,M94,4,2017865.29,5.6000000000000006e-05,2.766,1669091.8,1429.61,200.0,signal_enhancement,low,,1.9243863010407571,0.3,464,611,1.9243863010406494,0.3209197632463045,0.015886479754667365,0.020376928819722077,0.32091976324631544,36.172371188393555,False,[],0,0,0,0.2883742826179978,17.49515426804706,0
2651,M88,2,1610017.69,3.6e-05,0.9809,2212388.46,1570.86,200.0,signal_enhancement,low,,1.535432519912775,0.3,2651,612,1.5354325199127197,0.2511681989043709,0.010212736985143306,0.007178505149153905,0.25116819890437403,36.289317641142866,False,[],0,0,0,0.281829621199824,16.69551125477629,0
1093,M93,3,992001.39,3e-06,0.21600000000000003,2790847.6,997.02,200.0,denoising,medium,,0.9460462474823027,0.65,1093,613,0.9460462474822998,0.1454728271188959,0.0008510614154286088,0.0015230940990068025,0.14547282711889192,30.78619848550538,False,[],0,0,0,0.2717825066101345,15.470047376666674,0
1271,M90,1,3357423.48,8e-06,1.9077,3405183.92,3058.17,200.0,signal_enhancement,low,0.0,3.2018885421753187,0.3,1271,614,3.201888542175293,0.550015825794053,0.0022694971078096233,0.014030949862549559,0.5500158257940441,37.27913480729973,False,[116],1,0,1,0.3043870805718519,19.541009205881103,0
2923,M88,4,2465705.82,2e-06,2.9939999999999998,2329179.02,1764.01,200.0,signal_enhancement,low,,2.351480312347417,0.3,2923,615,2.351480312347412,0.3975110624061393,0.0005673742769524058,0.022062683453574265,0.39751106240613004,36.428163746017326,False,[],0,0,0,0.29189733861957307,17.985323361046536,0
1580,M88,0,1489837.83,0.000539,2.7669,2104871.31,1129.46,200.0,denoising,low,,1.4208200740821866,0.3,1580,616,1.420820074081421,0.23061460673564282,0.15290736763867335,0.02038358311432939,0.23061460673577375,35.810950933512686,False,[],0,0,0,0.3044434210374259,19.058478684852545,0
1207,M93,7,1968205.65,9e-06,0.9437,2370158.28,1129.66,200.0,signal_enhancement,low,,1.877027177810686,0.3,1207,617,1.8770271778106689,0.31242679289498393,0.0025531842462858264,0.006903460972051706,0.31242679289497877,36.54260334241838,False,[],0,0,0,0.28542818475346726,17.170225245382984,0
212,M90,2,1952699.97,2.8999999999999997e-05,1.8837,1594689.27,1420.4,200.0,denoising,low,0.0,1.862239809036309,0.3,212,618,1.8622398090362549,0.30977495569847857,0.008226927015809883,0.01385350200635459,0.3097749556984802,36.323494762603275,False,[116],1,0,1,0.286180574048566,17.245834243269364,0
12,M93,2,730778.06,0.000229,1.2898,1702488.17,1242.23,200.0,denoising,low,,0.6969242668153451,0.3,12,619,0.6969242668151856,0.10079747311384807,0.06496435471105047,0.009462406931596631,0.1007974731138732,35.6193176845075,False,[],0,0,0,0.2791077381499864,16.17733311593739,0
2972,M90,8,2482756.74,3e-06,1.5173,2361770.98,3681.02,200.0,denoising,low,,2.3677413368225175,0.3,2972,620,2.36774133682251,0.4004271721085604,0.0008510614154286088,0.011144464735111425,0.4004271721085516,36.767374746380895,False,[],0,0,0,0.29217885420930767,18.01959082656332,0
422,M93,2,975732.91,1.6e-05,0.2025,2041243.25,522.52,200.0,signal_enhancement,medium,0.0,0.930531415939346,0.65,422,621,0.9305314159393311,0.14269053312117355,0.004538994215619247,0.0014232796798971333,0.1426905331211718,30.778063742087788,False,[116],1,0,1,0.27218687166634914,15.508607227092881,0
1688,M94,8,2014640.83,4.4e-05,0.5769,2451274.95,1277.12,200.0,signal_enhancement,low,,1.9213112163544546,0.3,1688,622,1.9213112163543702,0.3203683044926966,0.012482234092952928,0.0041914662365386225,0.3203683044927033,36.65572923087463,False,[],0,0,0,0.2877514441552177,17.42836325860012,0
1779,M90,9,1404790.76,5.3e-05,2.5676,3010354.82,1898.04,200.0,signal_enhancement,low,,1.3397128677368875,0.3,1779,623,1.3397128677368164,0.21606955075101048,0.015035418339238755,0.01891002654184368,0.2160695507510172,35.79697740674873,False,[],0,0,0,0.27984158517775143,16.4313330376164,0
2639,M94,8,1935161.67,0.0005690000000000001,1.1319,1731755.86,1838.2,200.0,signal_enhancement,low,,1.8455139827738773,0.3,2639,624,1.845513982772827,0.30677549251444086,0.16141798179295946,0.00829494791104724,0.30677549251462116,36.47825353272635,False,[],0,0,0,0.3119830963059584,19.97327859741768,0
2319,M90,9,1628971.92,5e-05,0.6822,2055429.95,1385.18,200.0,signal_enhancement,low,,1.5535086822510542,0.3,2319,625,1.5535086822509765,0.2544098195327547,0.014184356923810147,0.004970018705594042,0.2544098195327617,36.3685387169632,False,[],0,0,0,0.28276412623966807,16.79941661995613,0
637,M94,7,2751938.4,2.5e-05,1.3214,2371863.92,2201.21,200.0,denoising,low,,2.624452972412175,0.3,637,626,2.6244529724121093,0.44646358835119243,0.007092178461905073,0.009696046608920003,0.446463588351193,36.99497295513717,False,[],0,0,0,0.2969227574066192,18.592295095826216,0
1278,M90,8,2073129.13,4e-06,1.6305,2927821.0,1457.81,200.0,signal_enhancement,low,,1.9770900058746417,0.3,1278,627,1.9770900058746337,0.33037118405040466,0.0011347485539048117,0.011981427123497687,0.3303711840503975,36.46204192249669,False,[],0,0,0,0.28662260197819617,17.324137314474335,0
1640,M90,0,1807825.04,2.3e-05,2.4155,2575834.35,2538.13,200.0,denoising,low,,1.7240763092041413,0.3,1640,628,1.7240763092041016,0.2849979237840377,0.006524804184952667,0.017785450753208077,0.28499792378403727,36.106428172539914,False,[],0,0,0,0.283909050614165,16.967425713169526,0
509,M90,9,1760868.39,4.9e-05,1.9521,1959142.18,712.21,200.0,signal_enhancement,low,,1.6792949581147063,0.3,509,629,1.679294958114624,0.27696722851022304,0.013900669785333943,0.014359228396510248,0.27696722851023037,36.17709206214558,False,[],0,0,0,0.28452049214432457,17.019884341238242,0
597,M90,7,1529674.95,9.300000000000001e-05,1.1665,1687905.99,2416.54,200.0,denoising,low,,1.4588117122651503,0.3,597,630,1.4588117122650146,0.2374276943666043,0.026382903878286873,0.008550768570394987,0.2374276943666221,36.193187720354565,False,[],0,0,0,0.28347930920863706,16.849169213475207,0
2712,M93,0,1502342.85,1.2e-05,1.5563,1962341.45,1915.74,200.0,signal_enhancement,low,,1.4327457904815846,0.3,2712,631,1.4327457904815675,0.232753260259967,0.003404245661714435,0.011432817501428246,0.23275326025996365,36.08802851599702,False,[],0,0,0,0.2791989825832888,16.38880902451053,0
2634,M94,3,1616455.35,0.0007509999999999999,0.7982,1802493.32,1586.88,200.0,denoising,low,,1.5415719509136334,0.3,2634,632,1.5415719509124757,0.25226919068586356,0.21304904099562838,0.005827683343869717,0.25226919068606435,36.334246262427364,False,[],0,0,0,0.3163998722241259,20.357574644779948,0
2364,M90,4,1854255.26,0.000227,0.1285,1614340.75,2196.3,200.0,signal_enhancement,high,,1.7683556175235946,1.0,2364,633,1.7683556175231934,0.29293858710469994,0.06439698043409806,0.0008761487899626509,0.29293858710476417,26.145469884719923,True,[],0,0,0,0.2943825736421727,18.088531518860766,1
2643,M94,3,1637160.12,0.000245,0.9713,1360612.56,1363.6,200.0,signal_enhancement,low,,1.5613175582889567,0.3,2643,634,1.5613175582885743,0.25581019496501084,0.0695033489266697,0.007107526006675919,0.25581019496507246,36.31001499965977,False,[],0,0,0,0.29228038491473474,17.809162230330163,0
518,M90,8,1461919.51,1.2e-05,1.7809,2222201.01,1761.75,200.0,denoising,low,,1.3941950893402266,0.3,518,635,1.39419508934021,0.22583991517487675,0.003404245661714435,0.013093433688986147,0.22583991517487348,36.010556650029926,False,[],0,0,0,0.27864591497648156,16.319675573659627,0
2793,M90,0,1219272.12,0.00011200000000000001,1.8118,2658213.02,1727.52,200.0,denoising,low,,1.1627885055543294,0.3,2793,636,1.1627885055541993,0.18434148528099667,0.03177295950933473,0.01332189780383717,0.18434148528101468,35.837709007008876,False,[],0,0,0,0.2801487219390666,16.415328123977993,0
573,M90,3,749298.39,6e-06,1.3702,2143717.62,1784.93,200.0,signal_enhancement,low,,0.714586629867558,0.3,573,637,0.7145866298675537,0.10396488660268272,0.0017021228308572176,0.010056857249849772,0.10396488660267994,35.614153828915235,False,[],0,0,0,0.26860655180946036,15.070287076982257,0
2725,M94,4,2184794.14,4.1e-05,1.0254,1359715.06,1893.67,200.0,signal_enhancement,low,2.0,2.0835820579529667,0.3,2725,638,2.083582057952881,0.3494685359283063,0.01163117267752432,0.0075075230491820745,0.3494685359283126,36.67264845223776,False,[1545],1,0,1,0.28993478222944363,17.704046467478502,0
1097,M93,7,1578250.13,1.4000000000000001e-05,0.3088,2919043.13,1770.12,200.0,denoising,low,0.0,1.5051366138458462,0.3,1097,639,1.505136613845825,0.24573519646589578,0.003971619938666841,0.0022092258096273426,0.24573519646589287,36.41666401157476,False,[116],1,0,1,0.280333991106845,16.52884112355496,0
1947,M88,7,2143180.35,7.000000000000001e-06,3.17,2630029.79,1888.43,200.0,denoising,low,,2.0438960552215724,0.3,1947,640,2.0438960552215577,0.34235159579994284,0.0019858099693334207,0.02336396773233736,0.3423515957999366,36.16848735122965,False,[],0,0,0,0.28772571535878205,17.45926053744743,0
1448,M90,8,1682484.36,7.4e-05,1.2871,1012623.83,487.74,200.0,denoising,low,,1.6045421218873257,0.3,1448,641,1.6045421218872071,0.2635617096057964,0.020992848247239015,0.009442444047774695,0.26356170960581055,36.27097351698994,False,[],0,0,0,0.28465372097049435,17.013488364508266,0
1584,M88,4,1762793.32,0.000517,2.2493,1501453.02,2226.93,200.0,signal_enhancement,low,,1.681130714417373,0.3,1584,642,1.681130714416504,0.2772964369663932,0.1466662505921969,0.016556624349057927,0.27729643696654166,36.11248701739384,False,[],0,0,0,0.30711697755798495,19.412956880323478,0
2596,M94,1,1571780.56,4e-06,2.5175,886708.92,1220.74,200.0,denoising,low,,1.4989667510986389,0.3,2596,643,1.4989667510986329,0.2446287473213633,0.0011347485539048117,0.018539604142036686,0.24462874732135767,35.92232686502435,False,[],0,0,0,0.2797632070398729,16.466712947183918,0
964,M88,4,1391202.68,2e-06,1.9838,2598554.94,1751.37,200.0,signal_enhancement,low,,1.3267542648315456,0.3,964,644,1.326754264831543,0.21374566840769563,0.0005673742769524058,0.0145936074399011,0.2137456684076901,35.91717445043374,False,[],0,0,0,0.27719610709969755,16.1476694210621,0
1018,M94,8,2397635.07,1e-05,2.115,2928193.82,2172.17,200.0,signal_enhancement,low,4.0,2.286562986373924,0.3,1018,645,2.286562986373901,0.3858693577634525,0.0028368713847620295,0.015563655720433592,0.38586935776344666,36.5765677594408,False,[],0,0,0,0.29135181675648575,17.90975726256024,0
2908,M93,7,2062954.32,0.000154,2.0988,356383.07,1257.39,200.0,signal_enhancement,low,,1.9673865509036235,0.3,2908,646,1.9673865509033204,0.32863105142640014,0.04368781932533525,0.015443878417501989,0.32863105142644594,36.35120785318055,False,[],0,0,0,0.29371741339941904,18.072691262120035,0
358,M94,8,2964555.96,3.7e-05,0.6875,4265740.21,3017.87,200.0,denoising,low,,2.827220878601179,0.3,358,647,2.827220878601074,0.4828262086450593,0.010496424123619508,0.005009205107170431,0.48282620864506615,37.28102868136512,False,[],0,0,0,0.30041048879262006,19.017197720675746,0
736,M88,6,1844678.57,2.9999999999999997e-05,0.8888,4176897.22,1544.76,200.0,signal_enhancement,low,,1.7592225742340615,0.3,736,648,1.7592225742340089,0.29130074711565074,0.008510614154286087,0.006497549001005719,0.29130074711565246,36.470276518432435,False,[],0,0,0,0.2847508641754807,17.066198525933657,0
1784,M88,4,2164057.59,1.9e-05,0.262,1851046.66,2459.42,200.0,denoising,low,,2.063806142807046,0.3,1784,649,2.0638061428070067,0.34592209651918693,0.005390055631047856,0.0018632024900471565,0.3459220965191851,36.82779231137533,False,[],0,0,0,0.2885900771788131,17.55624196655073,0
1608,M93,8,1057289.8,3.1e-05,0.3613,3098858.96,1945.98,200.0,denoising,low,,1.0083101272583321,0.3,1608,650,1.0083101272583008,0.15663868596150657,0.008794301292762291,0.0025973929950538336,0.15663868596150746,36.048632953994414,False,[],0,0,0,0.2740261260966901,15.724684282884786,0
259,M94,9,1993477.89,1e-05,1.7272,1573263.22,1486.22,200.0,denoising,low,,1.9011286640167426,0.3,259,651,1.9011286640167235,0.31674894233125567,0.0028368713847620295,0.012696394110749909,0.3167489423312508,36.38610394600252,False,[],0,0,0,0.28582218352190997,17.218553108238275,0
2771,M88,5,5194594.16,1.3000000000000001e-05,1.1288,7935813.7,3220.99,200.0,denoising,low,,4.953951034545963,0.3,2771,652,4.953951034545899,0.8642153672235816,0.0036879328001906382,0.008272027562955392,0.8642153672235728,38.70870064200566,False,[],0,0,0,0.32976417795391894,22.708536462639245,1
2642,M94,2,1768238.26,0.000101,1.4003,1377514.52,2207.37,200.0,signal_enhancement,low,,1.6863234138490473,0.3,2642,653,1.686323413848877,0.27822765020081697,0.028652400986096494,0.01027940643616096,0.2782276502008401,36.30452840771844,False,[],0,0,0,0.2871291201837018,17.298019719757907,0
2742,M90,3,4431925.41,7.000000000000001e-06,1.0883,2825673.9,5052.09,200.0,signal_enhancement,low,,4.22661343574527,0.3,2742,654,4.226613435745239,0.7337810128539419,0.0019858099693334207,0.007972584305626385,0.7337810128539297,38.19594652224698,False,[],0,0,0,0.31904006872310203,21.37355470798742,1
2383,M93,3,1104088.96,4.4e-05,2.4558,2290272.37,1743.68,200.0,signal_enhancement,low,,1.0529412841797336,0.3,2383,655,1.0529412841796875,0.1646424467287354,0.012482234092952928,0.018083415278402126,0.16464244672873876,35.61606732856288,False,[],0,0,0,0.2752933755341008,15.871104680960507,0
1029,M88,9,1403223.71,2.8999999999999997e-05,1.392,1799845.88,1850.62,200.0,signal_enhancement,low,,1.3382184123993308,0.3,1029,656,1.338218412399292,0.2158015482204034,0.008226927015809883,0.010218039052560197,0.21580154822040432,36.0566650213048,False,[],0,0,0,0.27866270145031996,16.306100168488612,0
2408,M93,8,1345162.17,1e-05,2.4458,1750120.08,1154.6,200.0,signal_enhancement,low,,1.2828466129303107,0.3,2408,657,1.2828466129302978,0.20587165469374846,0.0028368713847620295,0.018009478671654224,0.20587165469374494,35.783202258625366,False,[],0,0,0,0.2769520005109094,16.1097802318632,0
969,M88,9,1781832.41,2e-06,1.002,2133407.16,1240.81,200.0,signal_enhancement,low,,1.6992878055572542,0.3,969,658,1.699287805557251,0.280552570657377,0.0005673742769524058,0.007334511389391981,0.28055257065737005,36.402174940947745,False,[],0,0,0,0.2825406592796721,16.815738443558914,0
2990,M88,8,3106648.75,1.4000000000000001e-05,0.5857,4213366.34,2462.06,200.0,denoising,low,1.0,2.9627311229706224,0.3,2990,659,2.962731122970581,0.5071274289641439,0.003971619938666841,0.004256530450476777,0.5071274289641388,37.40081380234227,False,[],0,0,0,0.30124536970670485,19.142763448537444,0
819,M94,9,964638.76,0.000218,2.5973,1024910.4,1546.45,200.0,denoising,low,,0.9199512100221733,0.3,819,660,0.9199512100219727,0.14079317166178515,0.06184379618781224,0.019129618263884953,0.14079317166181674,35.489284138730596,False,[],0,0,0,0.2817768990848709,16.521120047998473,0
2716,M93,4,1113087.71,6e-06,2.3776,1514829.47,1714.7,200.0,signal_enhancement,low,3.0,1.0615231609344546,0.3,2716,661,1.0615231609344482,0.1661814453390545,0.0017021228308572176,0.017505231013633524,0.1661814453390507,35.63956885094721,False,[],0,0,0,0.27358387650837007,15.692452664345975,0
2325,M93,5,1777924.49,9.499999999999999e-05,0.8009,808842.0,906.9,200.0,signal_enhancement,low,,1.6955609226228419,0.3,2325,662,1.6955609226226807,0.2798842241148863,0.026950278155239274,0.00584764622769165,0.2798842241149077,36.44410750962879,False,[],0,0,0,0.28697228521558155,17.283947247943168,0
456,M94,6,2174387.77,0.00024700000000000004,2.4423,2797978.16,681.16,200.0,denoising,low,,2.0736577701573724,0.3,456,663,2.0736577701568604,0.3476888010797477,0.07007072320362213,0.017983600859292456,0.3476888010798306,36.35124717854022,False,[],0,0,0,0.2997271270309956,18.738161028462674,0
462,M94,2,1445539.82,9e-05,3.3925,2228495.13,1226.6,200.0,denoising,low,1.0,1.3785741996766376,0.3,462,664,1.3785741996765137,0.22303860164272424,0.025531842462858265,0.0250090572324782,0.22303860164274025,35.64188268959655,False,[],0,0,0,0.28218350135010384,16.68995918075869,0
2344,M88,4,1189881.65,1.8e-05,2.1982,1873535.39,1872.7,200.0,denoising,low,,1.1347595691681112,0.3,2344,665,1.1347595691680907,0.17931502132915614,0.005106368492571653,0.01617880828857614,0.17931502132915456,35.73189583665934,False,[],0,0,0,0.27521328435006964,15.885064846157851,0
2688,M88,3,2291408.33,0.000122,1.8822,1567806.06,1796.41,200.0,signal_enhancement,low,1.0,2.1852572727206034,0.3,2688,666,2.185257272720337,0.3677020783925702,0.034609830894096756,0.013842411515342407,0.36770207839260854,36.555535968110014,False,[],0,0,0,0.29529983752340205,18.299997740019442,0
381,M90,1,1823672.62,0.000225,1.9662,2603653.93,1217.99,200.0,signal_enhancement,low,,1.7391897392276863,0.3,381,667,1.739189739227295,0.28770823394899625,0.06382960615714565,0.01446347901202479,0.28770823394905876,36.21692856543524,False,[],0,0,0,0.29386769176263444,18.026015250318583,0
1891,M93,1,1769458.34,8.1e-05,0.1065,2069549.15,1656.94,200.0,denoising,high,,1.6874869728089748,1.0,1891,668,1.687486972808838,0.27843631267332464,0.022978658216572436,0.0007134882551172643,0.27843631267334173,26.09234060303978,True,[],0,0,0,0.2861812769106833,17.19797897463155,1
1832,M90,2,1308738.89,9.4e-05,0.1277,2565629.03,2236.18,200.0,denoising,high,,1.2481106662751416,1.0,1832,669,1.2481106662750243,0.19964241426554866,0.026666591016763073,0.0008702338614228188,0.19964241426556398,25.772462641219512,True,[],0,0,0,0.2805047136140936,16.476422780957222,1
2308,M88,8,821615.42,0.000558,1.9504,1726013.51,1265.79,200.0,denoising,low,,0.7835535240177712,0.3,2308,670,0.783553524017334,0.11633280533277342,0.15829742326972124,0.014346659173363103,0.116332805332848,35.534931446130194,False,[],0,0,0,0.29621718638247446,18.01268167218272,0
1506,M93,6,1011315.03,2e-05,1.6204,2143245.32,1761.48,200.0,signal_enhancement,low,,0.9644651699066356,0.3,1506,671,0.9644651699066162,0.14877591533894902,0.005673742769524059,0.011906751150682305,0.14877591533894793,35.737901126835325,False,[],0,0,0,0.272866609497935,15.589886523240923,0
805,M94,5,1499550.27,0.000204,2.2267,2212036.81,1341.12,200.0,signal_enhancement,low,3.0,1.4300825786593494,0.3,805,672,1.4300825786590576,0.23227566317823845,0.057872176249145396,0.016389527617807667,0.23227566317828435,35.937416824178726,False,[],0,0,0,0.2884203230166138,17.364455804267003,0
2438,M88,8,1639062.93,3e-06,1.9435,2272282.35,1880.52,200.0,signal_enhancement,low,,1.56313221931458,0.3,2438,673,1.5631322193145751,0.25613562037917403,0.0008510614154286088,0.01429564291470705,0.256135620379168,36.09567319407548,False,[],0,0,0,0.28063553007095676,16.576675309269454,0
756,M88,6,1518611.44,3.2e-05,1.5826,3309277.02,1907.87,200.0,denoising,low,,1.4482607269287573,0.3,756,674,1.4482607269287109,0.2355355730702852,0.009077988431238493,0.01162727077717523,0.23553557307028705,36.093324168965886,False,[],0,0,0,0.28038610387893337,16.518759522465146,0
2515,M93,1,2044221.0,3.6e-05,3.6363,1207346.88,1642.89,200.0,signal_enhancement,low,,1.949521064758371,0.3,2515,675,1.9495210647583008,0.32542721162124244,0.010212736985143306,0.026811631704992078,0.32542721162124655,35.99735989533521,False,[],0,0,0,0.28777034221717374,17.438101381945003,0
1253,M88,3,1372214.74,1.3000000000000001e-05,1.2749,1674779.48,1451.2,200.0,signal_enhancement,low,,1.3086459541320972,0.3,1253,676,1.30864595413208,0.21049828257379402,0.0036879328001906382,0.009352241387542254,0.21049828257379113,36.061425888668914,False,[],0,0,0,0.27746681118193595,16.171365616141372,0
869,M88,9,1866463.4,0.00010700000000000001,1.8608,2557078.44,2686.84,200.0,signal_enhancement,low,,1.7799982070924756,0.3,869,677,1.779998207092285,0.295026467142992,0.030354523816953714,0.013684187176901893,0.2950264671430184,36.26958025326491,False,[],0,0,0,0.2887623864203215,17.496646100135088,0
2064,M88,4,395881.63,4.5e-05,2.2347,2717412.9,931.72,200.0,denoising,low,,0.37754214286805904,0.3,2064,678,0.377542142868042,0.04352228040699174,0.012765921231429132,0.01644867690320599,0.043522280406992596,35.18062881453179,False,[],0,0,0,0.2656519890419023,14.665009386235642,0
1410,M94,0,1574593.48,5e-06,0.2844,1871943.53,2400.7,200.0,signal_enhancement,low,,1.501649360656746,0.3,1410,679,1.5016493606567383,0.24510982302309284,0.0014184356923810147,0.002028820489162459,0.2451098230230875,36.4195746774175,False,[],0,0,0,0.27984991990955216,16.476630072693787,0
2360,M90,0,2622192.63,0.000182,0.2104,1514699.74,10.0,200.0,signal_enhancement,medium,,2.500717763901212,0.65,2360,680,2.5007177639007567,0.4242739998278108,0.05163105920266893,0.0014816895992279767,0.4242739998278818,31.902645311334403,False,[],0,0,0,0.30271920005067854,19.172099063926147,0
2287,M88,7,1313118.5,0.000277,0.2035,2011729.76,1279.57,200.0,signal_enhancement,medium,,1.2522873878482472,0.65,2287,681,1.2522873878479004,0.2003914309293897,0.0785813373579082,0.0014306733405719235,0.2003914309294462,31.008645523500405,False,[],0,0,0,0.2893901418251955,17.418378381736247,0
2858,M90,2,2939537.58,4.3e-05,2.3877,2153013.61,1871.0,200.0,denoising,low,,2.8033614921571033,0.3,2858,682,2.8033614921569825,0.47854747525959634,0.012198546954476726,0.017579906986448908,0.47854747525960617,36.88679269144491,False,[],0,0,0,0.3003575510030287,19.005048597776543,0
1173,M93,3,935145.67,9e-06,1.7129,1713482.79,1311.8,200.0,denoising,low,,0.8918244075775228,0.3,1173,683,0.8918244075775147,0.13574915726822873,0.0025531842462858264,0.012590664763100407,0.13574915726822592,35.66527668617991,False,[],0,0,0,0.2712939739033269,15.403448889115431,0
542,M88,2,1707257.66,7.7e-05,1.3708,1778578.39,1062.9,200.0,denoising,low,,1.6281677818299594,0.3,542,684,1.628167781829834,0.26779852852764857,0.021843909662667624,0.010061293446254645,0.2677985285276639,36.26935531072296,False,[],0,0,0,0.28513734692486536,17.071175659204503,0
2104,M88,4,787481.26,4.1e-05,0.696,2355089.11,869.88,200.0,signal_enhancement,low,,0.7510006523132633,0.3,2104,685,0.7510006523132324,0.11049505844521577,0.01163117267752432,0.005072051222906148,0.1104950584452176,35.78981869709368,False,[],0,0,0,0.2708169040307964,15.314311692647596,0
1255,M88,5,1278007.74,1.4000000000000001e-05,3.8994,1179728.76,1344.34,200.0,denoising,low,,1.2188031578064136,0.3,1255,686,1.2188031578063965,0.19438666239517696,0.003971619938666841,0.028756903828529405,0.19438666239517446,35.41483953472483,False,[],0,0,0,0.2762261083811875,16.015355782847774,0
1766,M90,6,1645821.61,3.7e-05,2.2036,1617484.34,2103.09,200.0,denoising,low,0.0,1.569577798843442,0.3,1766,687,1.5695777988433839,0.2572915141563755,0.010496424123619508,0.01621873405622001,0.25729151415637896,36.042604034938904,False,[116],1,0,1,0.2823677132335254,16.761850775788908,0
1765,M90,5,1554484.45,1.4000000000000001e-05,2.5659,1501226.47,1632.83,200.0,signal_enhancement,low,1.0,1.4824718952179161,0.3,1765,688,1.4824718952178955,0.24167070434273558,0.003971619938666841,0.018897457318696537,0.24167070434273266,35.89975909781005,False,[],0,0,0,0.2800088317369922,16.48819620232336,0
1289,M93,9,978549.65,3e-06,1.9026,2926460.84,2712.75,200.0,denoising,low,,0.9332176685333281,0.3,1289,689,0.9332176685333252,0.1431722621330508,0.0008510614154286088,0.013993242193108128,0.14317226213304687,35.652891782738955,False,[],0,0,0,0.2715984614112669,15.447041726808223,0
2421,M88,1,1939798.38,1e-06,2.0889,1064671.0,1594.53,200.0,signal_enhancement,low,,1.849935894012453,0.3,2421,690,1.849935894012451,0.30756847934555104,0.0002836871384762029,0.015370681176821565,0.3075684793455433,36.269153482077556,False,[],0,0,0,0.28465370516118504,17.08079116194808,0
2527,M90,4,1907850.51,1.8e-05,0.3943,2980790.17,1629.96,200.0,denoising,low,,1.819468030929598,0.3,2527,691,1.8194680309295654,0.30210463964196393,0.005106368492571653,0.002841383797321913,0.30210463964196177,36.6231770446482,False,[],0,0,0,0.2850364538150943,17.11296102928593,0
1343,M90,3,1376631.99,1.8e-05,1.1548,2514069.07,2051.29,200.0,denoising,low,,1.3128585720062491,0.3,1343,692,1.3128585720062256,0.21125373656589647,0.005106368492571653,0.00846426274049994,0.21125373656589475,36.091087064048594,False,[],0,0,0,0.2777683815690089,16.204451998525254,0
1525,M90,5,1775084.54,8e-06,0.1699,1921311.35,2057.85,200.0,denoising,medium,,1.6928525352478163,0.65,1525,693,1.6928525352478028,0.27939852564527934,0.0022694971078096233,0.0011822463418989693,0.2793985256452743,31.332126712324147,False,[],0,0,0,0.28273769655994996,16.834836204393365,0
2894,M93,2,1591326.27,4.2e-05,1.4521,1544341.61,1073.58,200.0,denoising,low,,1.5176069927216214,0.3,2894,694,1.5176069927215576,0.24797152498800587,0.011914859816000522,0.010662398059115097,0.24797152498801053,36.17201415817857,False,[],0,0,0,0.28186324816776054,16.694182726568066,0
2686,M88,1,1857083.0,0.000166,1.5849,2787095.36,1734.1,200.0,signal_enhancement,low,0.0,1.7710523605349622,0.3,2686,695,1.771052360534668,0.29342219737616476,0.04709206498704968,0.011644276196727248,0.2934221973762097,36.32436050360284,False,[116],1,0,1,0.29147942683789163,17.781879143528542,0
2194,M88,4,2501312.78,5.3e-05,1.4221,1284820.2,1683.33,200.0,signal_enhancement,low,,2.385437755584843,0.3,2194,696,2.3854377555847166,0.4036006928501107,0.015035418339238755,0.010440588238871387,0.40360069285012307,36.8011851242343,False,[],0,0,0,0.2948440765456794,18.306644458607405,0
2420,M88,0,865250.01,1e-06,1.633,2083060.6,1156.64,200.0,signal_enhancement,low,,0.8251667118072519,0.3,2420,697,0.825166711807251,0.12379534994973056,0.0002836871384762029,0.011999911275184662,0.12379534994972673,35.635184061543384,False,[],0,0,0,0.2699518548095194,15.243059867989876,0
1677,M94,7,2287514.76,7.000000000000001e-06,0.5894,1918111.3,2582.47,200.0,signal_enhancement,low,1.0,2.1815440750122224,0.3,1677,698,2.181544075012207,0.3670361860387232,0.0019858099693334207,0.004283886994973502,0.36703618603871657,36.839628134305684,False,[],0,0,0,0.2897004825778845,17.706106439835235,0
1286,M93,6,427262.06,7.000000000000001e-06,4.2367,2426682.42,1657.79,200.0,signal_enhancement,low,,0.40746885299682906,0.3,1286,699,0.40746885299682617,0.04888907447963687,0.0019858099693334207,0.03125078557413617,0.048889074479635065,34.75803273069446,False,[],0,0,0,0.2642487136531576,14.52463532424437,0
435,M90,5,2463580.68,2.8000000000000003e-05,0.1341,2548767.95,1731.58,200.0,signal_enhancement,high,,2.3494536209107104,1.0,435,700,2.3494536209106447,0.3971476133152397,0.007943239877333683,0.0009175532897414767,0.39714761331524134,26.56106385456871,True,[],0,0,0,0.2931221598443659,18.1144544509444,1
1727,M88,7,1398063.9,2.2e-05,4.0464,1521047.99,1747.73,200.0,signal_enhancement,low,5.0,1.333297634124785,0.3,1727,701,1.3332976341247558,0.21491909894472502,0.006241117046476464,0.029843771947723582,0.21491909894472427,35.46436323734719,False,[],0,0,0,0.278254517813479,16.261531096283825,0
237,M90,7,2250060.13,3.2e-05,1.0331,2269438.4,1573.58,200.0,denoising,low,6.0,2.1458245563507763,0.3,237,702,2.145824556350708,0.3606305604218302,0.009077988431238493,0.007564454236377959,0.3606305604218333,36.71558861459598,False,[1837],1,0,1,0.29039370286705696,17.769709395980595,0
2347,M88,7,945718.65,1.7e-05,2.7874,1929144.89,1770.23,200.0,denoising,low,,0.9019075870514071,0.3,2347,703,0.9019075870513916,0.13755738635859477,0.00482268135409545,0.020535153158162588,0.13755738635859324,35.434174950689496,False,[],0,0,0,0.2718244467388838,15.462382127959668,0
109,M88,9,1353139.57,0.001997,1.1791,2089877.88,1743.77,200.0,signal_enhancement,low,,1.2904544544245742,0.3,109,704,1.2904544544219971,0.2072359783513631,0.5665232155369773,0.008643928694897343,0.2072359783518194,36.06962605255853,False,[],0,0,0,0.3728878249093952,26.26977766317922,0
2274,M94,4,1246783.88,0.000614,2.313,1120382.21,1316.06,200.0,signal_enhancement,low,,1.189025764466062,0.3,2274,705,1.189025764465332,0.18904664548740666,0.17418390302438858,0.01702760053404207,0.18904664548753214,35.74535856592836,False,[],0,0,0,0.30473499515313857,19.02577670931306,0
163,M88,3,1346818.54,5e-06,0.2831,2243420.73,1259.13,200.0,denoising,low,,1.2844262504577704,0.3,163,706,1.2844262504577637,0.2061549330522065,0.0014184356923810147,0.002019208730285232,0.20615493305220187,36.264043470300265,False,[],0,0,0,0.2767335287118813,16.087081172984924,0
288,M90,8,2794239.07,1.2e-05,1.25,2296084.41,2152.68,200.0,denoising,low,,2.6647940349579176,0.3,288,707,2.6647940349578856,0.4536980011691467,0.003404245661714435,0.009168139236739975,0.45369800116914105,37.03974782757439,False,[],0,0,0,0.2968745618560232,18.598256433602327,0
252,M94,2,594209.77,5e-06,0.7732,1518494.5,466.02,200.0,signal_enhancement,low,,0.5666825962066679,0.3,252,708,0.5666825962066651,0.0774410726667133,0.0014184356923810147,0.005642841826999959,0.07744107266671085,35.640479035856856,False,[],0,0,0,0.26643641988104183,14.79994256912999,0
2583,M93,6,912699.35,8.8e-05,1.5859999999999999,1979156.44,1648.96,200.0,denoising,low,,0.8704179286957552,0.3,2583,709,0.8704179286956787,0.1319103068404718,0.024964468185905857,0.011652409223469516,0.13191030684048136,35.6780689506578,False,[],0,0,0,0.2747967841388417,15.768463495751025,0
1964,M94,4,1469735.12,1.6e-05,2.2119,2891052.32,2048.06,200.0,signal_enhancement,low,,1.4016486358642803,0.3,1964,710,1.401648635864258,0.22717656892443042,0.004538994215619247,0.016280101439820772,0.22717656892442814,35.9203032325031,False,[],0,0,0,0.27894575453060966,16.35346758512545,0
1288,M93,8,1729475.95,6e-06,2.9954,3152345.22,2807.87,200.0,denoising,low,,1.6493567943573098,0.3,1288,711,1.6493567943572998,0.27159838044415546,0.0017021228308572176,0.022073034578518974,0.27159838044414997,35.92420248442105,False,[],0,0,0,0.28201723131677814,16.746622015396987,0
744,M88,4,1236676.21,3.8e-05,1.6392,1357424.93,2052.09,200.0,signal_enhancement,low,,1.1793863391876669,0.3,744,712,1.179386339187622,0.1873179953878302,0.010780111262095712,0.012045751971368361,0.18731799538783284,35.88789942241027,False,[],0,0,0,0.27681805854558267,16.067221956596025,0
1206,M93,6,676050.74,9e-06,0.7081,949155.35,1979.99,200.0,signal_enhancement,low,5.0,0.6447322273254453,0.3,1206,713,0.6447322273254394,0.09143780989101288,0.0025531842462858264,0.005161514517071111,0.09143780989101068,35.71090580405192,False,[],0,0,0,0.26774906611314964,14.960335415343273,0
2419,M88,9,1343241.37,2.7000000000000002e-05,1.8648,923188.25,1229.29,200.0,denoising,low,,1.2810147953033795,0.3,2419,714,1.2810147953033448,0.20554315256504163,0.0076595527388574796,0.013713761819601055,0.20554315256504202,35.91075975567213,False,[],0,0,0,0.2777455761708091,16.19330347494985,0
1391,M90,1,1580028.59,1.1e-05,0.2529,1521114.61,1793.0,200.0,denoising,low,,1.5068326854705978,0.3,1391,715,1.5068326854705811,0.24603935509553973,0.003120558523238232,0.0017959201779065646,0.24603935509553598,36.43027981504497,False,[],0,0,0,0.2802136433565937,16.516563604373687,0
2333,M94,3,1475232.71,0.000352,1.1259,2192941.09,1372.77,200.0,signal_enhancement,low,,1.4068915462498848,0.3,2333,716,1.4068915462493896,0.22811678655133458,0.09985787274362343,0.008250585946998498,0.22811678655141707,36.16494956779538,False,[],0,0,0,0.2952251812905227,18.078609574898568,0
990,M90,0,2278868.53,6.500000000000001e-05,1.1714,1937972.13,1739.49,200.0,signal_enhancement,low,,2.173298387527607,0.3,990,717,2.1732983875274656,0.36555747666747734,0.01843966400095319,0.008586997507701458,0.3655574766674933,36.70461998143887,False,[],0,0,0,0.2923793410135602,17.98748871869193,0
839,M88,9,1976539.93,0.00015,1.1022,673651.96,2188.73,200.0,denoising,low,,1.88497536659269,0.3,839,718,1.8849753665924072,0.31385215145456274,0.04255307077143043,0.00807535618900597,0.31385215145460527,36.51314792014807,False,[],0,0,0,0.29234219414750817,17.904476788431374,0
1149,M88,9,1009589.62,2.4e-05,2.1937,1367306.13,1071.44,200.0,denoising,low,,0.9628196907043688,0.3,1149,719,0.9628196907043457,0.1484808295112251,0.00680849132342887,0.01614553681553959,0.14848082951122468,35.60955721357871,False,[],0,0,0,0.27303590988588095,15.60736113893397,0
1221,M94,1,1123616.68,2.7000000000000002e-05,2.0628,2442419.54,1642.77,200.0,denoising,low,,1.0715643692016892,0.3,1221,720,1.07156436920166,0.16798214768083433,0.0076595527388574796,0.015177706633209538,0.16798214768083455,35.716597391727056,False,[],0,0,0,0.2747406957800725,15.817693426107777,0
1743,M93,3,1256644.94,2e-05,0.0986,2202421.45,1091.22,200.0,signal_enhancement,high,,1.198430004119897,1.0,1743,721,1.198430004119873,0.19073311945726618,0.005673742769524059,0.0006550783357864208,0.19073311945726498,25.743280127755472,True,[],0,0,0,0.2762231858274004,16.009458564424094,1
2400,M93,0,1838208.7,8e-06,2.4438,1562086.56,1682.5,200.0,signal_enhancement,low,,1.7530524253845354,0.3,2400,722,1.7530524253845214,0.29019424666403854,0.0022694971078096233,0.01799469135030464,0.2901942466640333,36.12093624614702,False,[],0,0,0,0.2836013542414507,16.942793414580958,0
461,M94,1,2092431.51,8.1e-05,2.6372,938765.61,294.53,200.0,signal_enhancement,low,,1.9954981899263091,0.3,461,723,1.9954981899261475,0.33367234654473454,0.022978658216572436,0.019424625324809087,0.33367234654475486,36.25195062643466,False,[],0,0,0,0.29060015962039604,17.75033931334565,0
1309,M94,9,2325214.71,9e-06,1.6388,2917821.74,2859.11,200.0,denoising,low,,2.217497549057027,0.3,1309,724,2.217497549057007,0.3734837671648906,0.0025531842462858264,0.012042794507098446,0.3734837671648847,36.63265123344661,False,[],0,0,0,0.2903127426950598,17.78079498808205,0
1435,M94,5,2072104.9,6e-06,1.6977,1551410.69,1097.62,200.0,denoising,low,,1.9761132240295527,0.3,1435,725,1.976113224029541,0.33019601654973546,0.0017021228308572176,0.012478281120843595,0.33019601654972897,36.44643563257363,False,[],0,0,0,0.2867050422052246,17.332598376452786,0
157,M93,7,1926830.45,7.900000000000001e-05,2.1596,1396216.32,1094.11,200.0,signal_enhancement,low,,1.8375687122346422,0.3,157,726,1.837568712234497,0.30535065728707456,0.02241128393962003,0.01589341298652924,0.3053506572870926,36.244600239552426,False,[],0,0,0,0.2882379708527013,17.456909683783906,0
1911,M93,1,2377950.95,0.000252,1.8192,1949483.95,1659.91,200.0,denoising,low,,2.2677907466894145,0.3,1911,727,2.267790746688843,0.3825029087204905,0.07148915889600313,0.013376610892830616,0.3825029087205833,36.62871330809704,False,[],0,0,0,0.3027533897099598,19.11183394733296,0
2359,M94,9,1496903.67,1.2e-05,0.4347,3197707.23,1103.69,200.0,signal_enhancement,low,,1.4275585842132739,0.3,2359,728,1.4275585842132568,0.2318230321214727,0.003404245661714435,0.0031400876885834417,0.23182303212146937,36.33308949782838,False,[],0,0,0,0.2791245643322092,16.379506743125585,0
677,M88,7,1718780.87,1.3000000000000001e-05,0.2776,1847085.91,1079.53,200.0,signal_enhancement,low,,1.6391571712494113,0.3,677,729,1.6391571712493898,0.2697692693723676,0.0036879328001906382,0.001978543596573885,0.26976926937236423,36.519720769592254,False,[],0,0,0,0.28220849012582183,16.76407548412711,0
2848,M90,1,1667011.5,8.499999999999999e-05,0.8445,2450749.66,1496.84,200.0,signal_enhancement,low,,1.5897860527039926,0.3,2848,730,1.5897860527038574,0.2609154854038059,0.024113406770477245,0.006170009833112508,0.2609154854038231,36.35856164662185,False,[],0,0,0,0.2849725179832856,17.04319617590665,0
1872,M88,2,1616740.74,4.2e-05,1.1991,2200329.38,1822.81,200.0,signal_enhancement,low,,1.5418441200256994,0.3,1872,731,1.5418441200256348,0.2523179991107447,0.011914859816000522,0.008791801908393149,0.2523179991107494,36.24551793919118,False,[],0,0,0,0.2822109660975797,16.737647467795455,0
238,M90,8,1346547.72,3.4e-05,1.7289,2615355.88,2133.98,200.0,denoising,low,,1.284167976379438,0.3,238,732,1.2841679763793945,0.2061086164411609,0.0096453627081909,0.012708963333897053,0.20610861644116288,35.943165565747734,False,[],0,0,0,0.27812840097568525,16.234702693159043,0
2917,M93,7,2250842.63,3.3e-05,2.7276,1359513.65,1755.53,200.0,denoising,low,,2.146570806503367,0.3,2917,733,2.146570806503296,0.36076438638794495,0.009361675569714697,0.020093012249810128,0.36076438638794844,36.34026717805747,False,[],0,0,0,0.2904526357578871,17.776154024134314,0
1091,M93,1,1458607.12,1.1e-05,0.2977,2077541.36,2005.24,200.0,signal_enhancement,low,,1.3910361480713047,0.3,1091,734,1.3910361480712892,0.2252734183162203,0.003120558523238232,0.0021271561761371702,0.22527341831621683,36.33727898798077,False,[],0,0,0,0.27855236841424813,16.308904236580492,0
2870,M90,5,1591117.71,0.000178,2.3791,2035831.68,1630.33,200.0,denoising,low,0.0,1.5174080944063981,0.3,2870,735,1.517408094406128,0.2479358563062258,0.050496310648764114,0.017516321504645712,0.2479358563062675,35.96625378008553,False,[116],1,0,1,0.28841924131478797,17.388292154740014,0
100,M88,0,1530900.49,0.001137,0.8135,2460015.82,486.5,200.0,signal_enhancement,low,,1.4599804782884034,0.3,100,736,1.4599804782867432,0.23763729062796177,0.3225522764474427,0.005940806352194008,0.23763729062825295,36.272324971946034,False,[],0,0,0,0.33384487024630216,22.182313882333585,0
315,M90,5,2849622.03,4e-06,1.1840000000000002,3497112.34,4809.96,200.0,signal_enhancement,low,,2.717611341476451,0.3,315,737,2.7176113414764402,0.46316979430434413,0.0011347485539048117,0.008680157632203818,0.4631697943043344,37.09227444825126,False,[],0,0,0,0.2972464907985113,18.652123417013726,0
1023,M88,3,2620651.86,2.6000000000000002e-05,1.6111,2394717.58,2824.26,200.0,signal_enhancement,low,,2.4992483711243323,0.3,1023,738,2.4992483711242675,0.42401049179738204,0.0073758656003812765,0.011837990106406755,0.4240104917973829,36.84090226399733,False,[],0,0,0,0.29517473649585535,18.372870498780685,0
2746,M90,7,4118342.88,1.6e-05,1.7108,5508412.89,4627.55,200.0,signal_enhancement,low,,3.9275578308106094,0.3,2746,739,3.9275578308105468,0.6801510000310117,0.004538994215619247,0.012575138075683348,0.6801510000310066,37.843349857853546,False,[],0,0,0,0.31518370901913617,20.883211896191263,1
767,M90,7,2204183.53,1.6e-05,2.1871,925292.29,2033.25,200.0,denoising,low,,2.1020732212066986,0.3,767,740,2.102073221206665,0.35278457918597367,0.004538994215619247,0.01609673865508597,0.3527845791859706,36.42823615709131,False,[],0,0,0,0.28899439535153315,17.609547687740882,0
1344,M90,4,1591968.97,1.8e-05,2.0063,1954016.53,2517.74,200.0,denoising,low,,1.5182199192047392,0.3,1344,741,1.5182199192047119,0.24808144185499872,0.005106368492571653,0.014759964805083882,0.24808144185499686,36.04952682326748,False,[],0,0,0,0.28071459799213705,16.572729051416278,0
261,M94,1,1953152.65,2.6000000000000002e-05,2.1621,2222301.86,1315.29,200.0,denoising,low,0.0,1.862671518325854,0.3,261,742,1.8626715183258056,0.3098523746612144,0.0073758656003812765,0.015911897138216214,0.30985237466121496,36.26205258449838,False,[116],1,0,1,0.286042087124962,17.231289327419006,0
1451,M88,1,1595725.74,3e-06,1.5718,2468097.97,1516.32,200.0,denoising,low,,1.521802654266362,0.3,1451,743,1.5218026542663574,0.24872393818052044,0.0008510614154286088,0.011547419241887496,0.24872393818051447,36.148473175465455,False,[],0,0,0,0.2800425954950645,16.50255848728292,0
2834,M93,5,1661915.23,6e-06,0.4655,2389930.68,1691.72,200.0,denoising,low,,1.5849258708953953,0.3,2834,744,1.5849258708953857,0.26004390296759966,0.0017021228308572176,0.0033678124373669833,0.26004390296759433,36.439141238749386,False,[],0,0,0,0.2810928731186537,16.631077240631427,0
195,M93,5,1262197.01,2.1e-05,2.0584,2302941.5,1989.96,200.0,denoising,low,,1.203724870681788,0.3,195,745,1.2037248706817627,0.19168265444983673,0.005957429908000261,0.015145174526240457,0.19168265444983576,35.812375382012135,False,[],0,0,0,0.27634737544034693,16.024060282842374,0
1775,M90,5,1691418.55,3.7e-05,2.1402,1376579.5,1534.4,200.0,denoising,low,,1.6130624294281604,0.3,1775,746,1.6130624294281006,0.26508966693257247,0.010496424123619508,0.015749975969438307,0.2650896669325761,36.08785938864714,False,[],0,0,0,0.2829915654556211,16.839832303550875,0
2841,M88,3,1670723.76,3.6e-05,9.4156,2307161.22,1395.25,200.0,signal_enhancement,low,,1.593326339721737,0.3,2841,747,1.5933263397216797,0.26155036946894195,0.010212736985143306,0.06954181484280768,0.26155036946894517,34.45994703259154,False,[],0,0,0,0.2826601948449897,16.799332960422,0
1735,M90,5,1656218.5,2.7000000000000002e-05,0.8869,3087835.97,1871.83,200.0,signal_enhancement,low,,1.5794930458069276,0.3,1735,748,1.5794930458068848,0.2590696277012168,0.0076595527388574796,0.006483501045723617,0.25906962770121744,36.341773479433165,False,[],0,0,0,0.2820276941817031,16.7285682263116,0
179,M94,9,1953419.81,5.2000000000000004e-05,1.0195,2542242.41,1809.07,200.0,signal_enhancement,low,6.0,1.8629263019562736,0.3,179,749,1.8629263019561768,0.3098980653258882,0.014751731200762553,0.007463900451200812,0.3098980653258974,36.515675247767525,False,[1837],1,0,1,0.28729963953020066,17.364511814872607,0
2922,M88,3,2109049.27,2e-06,2.2438,2432925.78,1714.06,200.0,denoising,low,,2.0113461208343546,0.3,2922,750,2.0113461208343506,0.33651437566506975,0.0005673742769524058,0.01651595921534658,0.3365143756650617,36.350578726199885,False,[],0,0,0,0.2870176036802875,17.37535649363584,0
340,M88,0,3502542.81,2e-05,0.7931,2226659.54,2133.27,200.0,denoising,low,,3.3402851200104426,0.3,340,751,3.340285120010376,0.5748346558760573,0.005673742769524059,0.005789975674428287,0.5748346558760552,37.62563935327138,False,[],0,0,0,0.30695130874090365,19.850473928612004,0
1099,M93,9,2521617.56,1.7e-05,0.2827,1980480.41,1464.81,200.0,signal_enhancement,low,,2.4048019027710374,0.3,1099,752,2.404801902770996,0.40707328939994647,0.00482268135409545,0.002016251266015316,0.4070732893999435,37.06780561961932,False,[],0,0,0,0.29338571898219196,18.157541158373185,0
1543,M90,3,782434.94,3e-06,2.1418,961890.89,1837.46,200.0,signal_enhancement,low,,0.7461881065368675,0.3,1543,753,0.7461881065368652,0.10963201863777301,0.0008510614154286088,0.01576180582651797,0.10963201863776975,35.46567389975555,False,[],0,0,0,0.2689152419316447,15.111639291855445,0
748,M88,8,1134467.05,4.7e-05,1.919,2300586.27,1547.17,200.0,signal_enhancement,low,,1.081912088394216,0.3,748,754,1.081912088394165,0.16983781700729056,0.013333295508381537,0.014114498228174689,0.16983781700729467,35.755916321183925,False,[],0,0,0,0.2758536855970081,15.938377489223774,0
2755,M90,7,5566452.65,3e-06,0.7332,5591973.4,3943.53,200.0,signal_enhancement,low,,5.308582925796526,0.3,2755,755,5.308582925796509,0.9278119444532362,0.0008510614154286088,0.005347095400008347,0.9278119444532175,39.05083491581269,False,[],0,0,0,0.33436963599688174,23.293438550010077,1
662,M93,2,2200754.98,4.6e-05,0.8190000000000001,1621564.2,1436.4,200.0,signal_enhancement,low,0.0,2.0988035011292467,0.3,662,756,2.0988035011291504,0.35219821622607267,0.013049608369905335,0.005981471485905355,0.35219821622608083,36.72934872032713,False,[116],1,0,1,0.2903942907209697,17.756875112919023,0
480,M88,0,1785247.07,6.4e-05,1.5593,2197796.84,1896.71,200.0,denoising,low,,1.7025442790986196,0.3,480,757,1.7025442790985108,0.28113655809948973,0.018155976862476986,0.011454998483452616,0.2811365580995018,36.280896277894385,False,[],0,0,0,0.28557744071458024,17.138173164519483,0
2138,M90,8,1256185.69,0.000145,2.0992,2005288.4,2272.32,200.0,denoising,low,,1.197992029190237,0.3,2138,758,1.1979920291900634,0.19065457686948575,0.04113463507904942,0.015446835881771905,0.1906545768695114,35.79921323102479,False,[],0,0,0,0.2822452541129973,16.64696920011775,0
871,M88,1,1873918.42,2.4e-05,2.3893,1635119.86,10.0,200.0,denoising,low,,1.7871078681946229,0.3,871,759,1.78710786819458,0.2963014514930296,0.00680849132342887,0.01759173684352857,0.2963014514930295,36.15745370066626,False,[],0,0,0,0.2848615596444253,17.085567358752016,0
1453,M88,3,1414007.59,7.000000000000001e-06,1.0782,964065.69,1369.96,200.0,signal_enhancement,low,,1.3485027217865087,0.3,1453,760,1.348502721786499,0.21764584618777086,0.0019858099693334207,0.007897908332811001,0.21764584618776647,36.13364613476676,False,[],0,0,0,0.2777492553898083,16.21220304132571,0
2952,M90,6,1945399.72,3e-06,1.1091,3488071.27,1564.44,200.0,denoising,low,,1.855277748107916,0.3,2952,761,1.8552777481079101,0.30852644067083784,0.0008510614154286088,0.008126372447662022,0.3085264406708308,36.490314589253494,False,[],0,0,0,0.28482679569428987,17.100583512186095,0
549,M88,9,994540.16,7.099999999999999e-05,1.7334,2662912.14,1448.86,200.0,denoising,low,,0.9484674072266299,0.3,549,762,0.9484674072265625,0.1459070167009956,0.020141786831810404,0.012742234806933608,0.1459070167010032,35.701361022595975,False,[],0,0,0,0.27509666509748737,15.821622329982544,0
2020,M90,0,1322695.7,3.7e-05,1.6766,1803132.32,1088.44,200.0,signal_enhancement,low,,1.2614209175110331,0.3,2020,763,1.2614209175109863,0.20202935814047435,0.010496424123619508,0.01232227488060552,0.202029358140477,35.938449186143735,False,[],0,0,0,0.27794674075225323,16.209229215629897,0
2708,M90,5,1809897.25,3e-06,0.8999,2211145.78,1452.4,200.0,signal_enhancement,low,,1.726052522659307,0.3,2708,764,1.7260525226593018,0.28535232059584925,0.0008510614154286088,0.006579618634495891,0.28535232059584265,36.44402072334852,False,[],0,0,0,0.2829728660882908,16.868842311436207,0
742,M88,2,2529921.4,3.5e-05,1.8235,982323.0,3016.61,200.0,signal_enhancement,low,,2.4127210617066277,0.3,742,765,2.412721061706543,0.40849344200117577,0.009929049846667102,0.013408403633732214,0.4084934420011806,36.73172165899273,False,[],0,0,0,0.2943674138340275,18.263657317251763,0
2415,M88,5,1375651.58,2.3e-05,2.2478,2043559.57,1336.27,200.0,signal_enhancement,low,,1.311923580169708,0.3,2415,766,1.3119235801696778,0.2110860633193297,0.006524804184952667,0.01654553385804574,0.21108606331932916,35.84797823753595,False,[],0,0,0,0.2779961017769883,16.228307108522444,0
2637,M94,6,1278503.58,0.00059,1.8028,1528785.59,570.64,200.0,denoising,low,,1.2192760276801629,0.3,2637,767,1.2192760276794434,0.19447146273644,0.16737541170095974,0.013255354857764055,0.19447146273656343,35.88022520521283,False,[],0,0,0,0.30401153700807837,18.957472037981677,0
2566,M94,7,1427426.44,1.1e-05,3.4015,926370.92,1610.52,200.0,signal_enhancement,low,,1.361299934387222,0.3,2566,768,1.361299934387207,0.21994078620744914,0.003120558523238232,0.025075600178551316,0.21994078620744573,35.627495139473254,False,[],0,0,0,0.27812575784554644,16.25557791549278,0
2292,M88,2,1997340.26,0.0005690000000000001,2.2887,814529.34,981.8,200.0,denoising,low,,1.9048121070872657,0.3,2292,769,1.9048121070861816,0.3174094987488179,0.16141798179295946,0.016847934579644664,0.317409498749004,36.26419995760593,False,[],0,0,0,0.3128338168047085,20.079618659761447,0
1909,M93,9,1443124.62,0.000278,2.8869,758305.03,1131.09,200.0,signal_enhancement,low,,1.376270885467912,0.3,1909,770,1.3762708854675294,0.22262554544673674,0.07886502449638441,0.021270822395304225,0.22262554544679913,35.752377509927825,False,[],0,0,0,0.2912170978001243,17.645825895402286,0
790,M94,0,1474015.07,8.4e-05,0.4533,859945.26,1787.96,200.0,denoising,low,,1.4057303142548787,0.3,790,771,1.4057303142547608,0.2279085413764082,0.023829719632001044,0.003277609777134541,0.22790854137642302,36.31330587219159,False,[],0,0,0,0.2822837356475528,16.7080203671401,0
2120,M90,0,1613237.34,4.2e-05,1.6832,2196145.21,1879.4,200.0,signal_enhancement,low,,1.5385030174256018,0.3,2120,772,1.5385030174255372,0.25171883503446835,0.011914859816000522,0.012371073041059135,0.25171883503447307,36.1357431489061,False,[],0,0,0,0.28216303297147755,16.731655827032693,0
1446,M90,6,1547781.59,6.9e-05,1.6812,2517251.02,2458.78,200.0,signal_enhancement,low,,1.4760795497895307,0.3,1446,773,1.4760795497894288,0.240524357102823,0.019574412554858,0.012356285719709556,0.24052435710283468,36.09140885682,False,[],0,0,0,0.2825695987025517,16.757582997015675,0
247,M88,7,850625.66,6.9e-05,2.0822,1652256.34,2646.8,200.0,denoising,low,,0.8112198448181713,0.3,247,774,0.8112198448181153,0.12129424098161612,0.019574412554858,0.015321143650300467,0.12129424098162223,35.52554265441745,False,[],0,0,0,0.27303118941285515,15.565281835803605,0
829,M93,9,1644560.68,0.000109,1.5009,1775565.92,631.43,200.0,denoising,low,,1.5683752822877686,0.3,829,775,1.5683752822875976,0.25707586536985405,0.03092189809390612,0.011023208700044862,0.25707586536987775,36.197607200478075,False,[],0,0,0,0.2858227919055524,17.12735281938885,0
1124,M88,4,1839526.94,0.00013000000000000002,1.6326,2568175.08,1773.0,200.0,signal_enhancement,low,,1.7543095970156086,0.3,1124,776,1.7543095970153808,0.2904196968130111,0.03687932800190638,0.011996953810914746,0.29041969681304425,36.301770172924606,False,[],0,0,0,0.289503061505365,17.568024872164425,0
2720,M93,8,1437037.38,3.1e-05,2.1229,3816742.56,2187.55,200.0,signal_enhancement,low,,1.370465641021771,0.3,2720,777,1.3704656410217284,0.22158448375475961,0.008794301292762291,0.015622065639764433,0.22158448375476109,35.9176759658261,False,[],0,0,0,0.27922178992015034,16.374142260817315,0
626,M88,6,2856148.67,4.5e-05,0.5985,1433471.67,2075.59,200.0,signal_enhancement,low,,2.7238356304169926,0.3,626,778,2.72383563041687,0.46428600376566403,0.012765921231429132,0.004351169307114094,0.46428600376567447,37.226608935849235,False,[],0,0,0,0.29931308691059605,18.872646619822365,0
347,M88,7,2745981.02,1.6e-05,0.7149,3319760.65,2869.59,200.0,signal_enhancement,low,,2.618771572113079,0.3,347,779,2.618771572113037,0.4454447357837645,0.004538994215619247,0.005211791409659684,0.44544473578376076,37.12542520084527,False,[],0,0,0,0.29640720787935637,18.53614925371879,0
278,M94,8,1876106.0,8e-06,2.9542,2911148.27,818.11,200.0,denoising,low,,1.7891941070556783,0.3,278,780,1.789194107055664,0.2966755792974427,0.0022694971078096233,0.021768415758717612,0.2966755792974374,36.03364984442824,False,[],0,0,0,0.28411986085212304,17.007606740915,0
1783,M88,3,1660489.46,2.9999999999999997e-05,0.3833,2176494.21,1938.54,200.0,signal_enhancement,low,,1.5835661506653307,0.3,1783,781,1.5835661506652832,0.2598000626510407,0.008510614154286087,0.0027600535298992197,0.2598000626510422,36.456398644707185,False,[],0,0,0,0.28223080941831186,16.75119168128756,0
2280,M88,0,1764395.27,0.000188,0.1732,1827221.34,1848.82,200.0,signal_enhancement,medium,,1.6826584529879873,0.65,2280,782,1.682658452987671,0.2775704082206008,0.05333318203352615,0.0012066454221257774,0.27757040822065016,31.324082270218632,False,[],0,0,0,0.2912722736033475,17.73570135880948,0
655,M94,5,2432627.76,0.000181,0.0832,870635.32,1842.34,200.0,signal_enhancement,high,,2.3199346160892866,1.0,655,783,2.319934616088867,0.39185393354134673,0.05134737206419273,0.0005412159613946503,0.39185393354141207,26.551179255323547,True,[],0,0,0,0.3000773679342205,18.842792032568937,1
1213,M90,3,1919218.38,9e-06,2.2603,1436398.12,97.94,200.0,denoising,low,0.0,1.830309276580827,0.3,1213,784,1.8303092765808104,0.30404881368083464,0.0025531842462858264,0.01663795461648062,0.3040488136808296,36.21705661622892,False,[116],1,0,1,0.28475794641633534,17.086445453241492,0
838,M88,8,2248838.5,0.000125,0.7398,510897.41,1397.4,200.0,signal_enhancement,low,,2.144659519195825,0.3,838,785,2.1446595191955566,0.36042163286274437,0.035460892309525364,0.005395893560461963,0.3604216328627832,36.77980972463711,False,[],0,0,0,0.29486208232163885,18.2425123901989,0
2624,M94,2,2999423.95,7.4e-05,0.3246,2050109.72,2363.46,200.0,signal_enhancement,low,,2.8604735851289957,0.3,2624,786,2.8604735851287844,0.48878945778017474,0.020992848247239015,0.0023260456482890293,0.48878945778020055,37.38537646167203,False,[],0,0,0,0.3026719408244446,19.26576584625205,0
2588,M93,2,1244479.87,6.6e-05,0.3636,1329582.68,1953.68,200.0,denoising,low,1.0,1.1868284893036671,0.3,2588,787,1.186828489303589,0.1886526054053774,0.018723351139429394,0.002614398414605851,0.18865260540538598,36.17617846918333,False,[],0,0,0,0.27827517812613317,16.223546374563504,0
2350,M94,0,1732235.09,1.1e-05,0.8274,2387222.59,1847.78,200.0,denoising,low,,1.6519881153106875,0.3,2350,788,1.651988115310669,0.2720702584967379,0.003120558523238232,0.006043578235573594,0.2720702584967339,36.40697368691975,False,[],0,0,0,0.28229611562868956,16.77687263838567,0
1709,M93,9,1662686.74,1.2e-05,2.044,1158226.73,1008.79,200.0,signal_enhancement,low,,1.5856616401672554,0.3,1709,789,1.5856616401672363,0.2601758493843628,0.003404245661714435,0.015038705812523478,0.26017584938435917,36.08954222316175,False,[],0,0,0,0.28139278971324044,16.663034915754487,0
2023,M90,3,1509011.59,4.9e-05,2.1386,1881793.47,956.2,200.0,denoising,low,,1.439105596542429,0.3,2023,790,1.4391055965423585,0.2338937721746862,0.013900669785333943,0.01573814611235864,0.23389377217469243,35.96343070532799,False,[],0,0,0,0.28107461563748165,16.589149777882874,0
976,M90,6,1130970.28,4.2e-05,2.0225,2122224.01,2192.08,200.0,signal_enhancement,low,,1.0785773086548305,0.3,976,791,1.0785773086547852,0.1692397868174747,0.011914859816000522,0.014879742108015487,0.1692397868174778,35.73056688402943,False,[],0,0,0,0.27556470911411807,15.906865344862755,0
445,M94,5,1680543.02,4.9e-05,0.1968,1439843.75,1193.36,200.0,signal_enhancement,medium,0.0,1.6026907157898735,0.65,445,792,1.602690715789795,0.26322969465236873,0.013900669785333943,0.0013811358140508286,0.2632296946523757,31.261484704187943,False,[116],1,0,1,0.2834214894356963,16.8825090026597,0
617,M90,7,1886366.02,1.8e-05,0.8011,2775627.13,2188.19,200.0,denoising,low,,1.798978824615511,0.3,617,793,1.7989788246154785,0.2984302848423068,0.005106368492571653,0.005849124959826609,0.2984302848423047,36.51824739057443,False,[],0,0,0,0.28474250543112173,17.07621748128936,0
1474,M88,4,1523664.98,3.7e-05,1.7388,1316208.34,1015.35,200.0,denoising,low,,1.4530801582336965,0.3,1474,794,1.4530801582336426,0.23639984766811178,0.010496424123619508,0.012782160574577475,0.23639984766811495,36.062134573435124,False,[],0,0,0,0.2806963799144643,16.552934110906268,0
1778,M90,8,2287067.03,6.8e-05,2.3448,1239993.29,1736.42,200.0,denoising,low,,2.1811170864106706,0.3,1778,795,2.1811170864105223,0.36695961364280183,0.0192907254163818,0.017262718943500403,0.366959613642819,36.44995688626619,False,[],0,0,0,0.29263619241220906,18.01682919392289,0
2517,M93,3,1911040.06,3.2e-05,4.186,1448756.99,1589.25,200.0,signal_enhancement,low,2.0,1.8225098228455172,0.3,2517,796,1.822509822845459,0.30265012796173535,0.009077988431238493,0.03087592697792431,0.3026501279617378,35.78432270250921,False,[1545],1,0,1,0.28575526827024933,17.18990507137965,0
1244,M88,4,1510366.54,5e-06,4.0111,2288134.12,1349.27,200.0,denoising,low,,1.4403977775573804,0.3,1244,797,1.440397777557373,0.23412550059997325,0.0014184356923810147,0.029582775725903482,0.23412550059996812,35.549018730622784,False,[],0,0,0,0.2789711741157026,16.36678684846259,0
2995,M94,4,2511189.99,1.4000000000000001e-05,1.4741,2601886.78,2825.71,200.0,signal_enhancement,low,,2.3948573970795013,0.3,2995,798,2.394857397079468,0.4052899288510919,0.003971619938666841,0.010825058593960483,0.4052899288510876,36.79640795758555,False,[],0,0,0,0.29309836969766073,18.124388447406922,0
2552,M94,2,1014169.2,2.9999999999999997e-05,2.2758,2673767.55,735.46,200.0,denoising,low,,0.9671871185303024,0.3,2552,799,0.9671871185302734,0.14926404576413188,0.008510614154286087,0.01675255635693987,0.14926404576413252,35.594479492348334,False,[],0,0,0,0.2733879280673591,15.645831512418468,0
547,M88,7,1690828.2,4.2e-05,2.4963,2003899.1,1862.15,200.0,signal_enhancement,low,4.0,1.6124994277954778,0.3,547,800,1.6124994277954101,0.2649887031509804,0.011914859816000522,0.018382858535731135,0.2649887031509854,36.00846905653198,False,[],0,0,0,0.28322462242079854,16.864354508197813,0
2210,M94,0,1176962.03,4.4e-05,2.4926,3019773.47,1140.43,200.0,signal_enhancement,low,,1.1224384593964116,0.3,2210,801,1.1224384593963623,0.17710546142074102,0.012482234092952928,0.018355501991234407,0.17710546142074468,35.657756785945935,False,[],0,0,0,0.27629041670946125,15.995734827880563,0
1623,M90,3,1592602.65,5.9e-05,1.665,2726701.36,1696.0,200.0,signal_enhancement,low,,1.5188242435456218,0.3,1623,802,1.5188242435455321,0.2481898160891298,0.01673754117009597,0.012236508416777953,0.2481898160891391,36.12566401185319,False,[],0,0,0,0.2827005672860467,16.783173901953027,0
263,M94,3,1688506.08,1.7e-05,1.9616,2287138.53,1191.06,200.0,signal_enhancement,low,,1.6102848815918245,0.3,263,803,1.610284881591797,0.26459156583157556,0.00482268135409545,0.014429468172920755,0.2645915658315734,36.12548221813868,False,[],0,0,0,0.2819871810967222,16.732723922689473,0
1397,M90,7,2238046.74,4e-06,0.1972,1356628.22,2433.04,200.0,signal_enhancement,medium,,2.134367694854745,0.65,1397,804,2.1343676948547365,0.3585759872294179,0.0011347485539048117,0.0013840932783207446,0.3585759872294102,31.642781150568048,False,[],0,0,0,0.28887898623251723,17.606185346264464,0
2353,M94,3,1829020.39,9e-06,0.8262,1895806.57,1096.64,200.0,denoising,low,,1.7442897701263587,0.3,2353,805,1.7442897701263427,0.2886228288203179,0.0025531842462858264,0.006034705842763846,0.2886228288203131,36.473450139998356,False,[],0,0,0,0.28352386762749404,16.932185604636324,0
1815,M88,5,1406445.74,4.6e-05,0.9856,1075134.01,1470.21,200.0,signal_enhancement,low,,1.3412911796570441,0.3,1815,806,1.3412911796569824,0.2163525913866661,0.013049608369905335,0.00721325535432542,0.2163525913866711,36.149012704916906,False,[],0,0,0,0.27952664073381717,16.398418864524956,0
353,M94,3,3038754.89,4e-05,0.9486,4399417.84,3063.78,200.0,signal_enhancement,low,,2.8979824924470154,0.3,353,807,2.8979824924468995,0.495515976685861,0.011347485539048118,0.006939689909358179,0.49551597668586944,37.2738732094627,False,[],0,0,0,0.30157035067650706,19.159414506561475,0
1075,M90,5,2073164.92,1.4999999999999999e-05,0.7601,1802987.47,1868.09,200.0,signal_enhancement,low,,1.9771241378784477,0.3,1075,808,1.977124137878418,0.33037730498500817,0.0042553070771430435,0.005545984872160206,0.3303773049850049,36.65512967377523,False,[],0,0,0,0.287153586601915,17.380368577238656,0
208,M94,8,792346.65,2.7000000000000002e-05,2.405,313338.81,1208.98,200.0,denoising,low,,0.7556406497955527,0.3,208,809,0.7556406497955322,0.11132715495291522,0.0076595527388574796,0.017707817316122778,0.11132715495291516,35.41407410032797,False,[],0,0,0,0.27020829636183896,15.251143498828586,0
613,M90,3,1358628.09,1e-05,0.3385,1457254.13,2005.99,200.0,denoising,low,,1.295688714981092,0.3,613,810,1.2956887149810792,0.20817464479422554,0.0028368713847620295,0.0024288175316686147,0.20817464479422199,36.25983405322685,False,[],0,0,0,0.2771362397189476,16.132810132867974,0
2090,M94,0,1061854.37,3.1e-05,0.9712,2341119.75,1378.26,200.0,denoising,low,,1.012663240432771,0.3,2090,811,1.0126632404327394,0.15741933515019435,0.008794301292762291,0.007106786640608439,0.15741933515019527,35.916473741382525,False,[],0,0,0,0.2740885780317851,15.732490774771664,0
2099,M94,9,1234838.47,3.6e-05,0.7062,1798947.76,1418.94,200.0,denoising,low,,1.177633733749432,0.3,2099,812,1.1776337337493896,0.18700369847924536,0.010212736985143306,0.005147466561789009,0.18700369847924755,36.093590797063314,False,[],0,0,0,0.276696461165814,16.053866250525033,0
1498,M93,8,1323246.57,2.4e-05,0.6673,1345939.39,1829.1,200.0,denoising,low,,1.2619462680816953,0.3,1498,813,1.261946268081665,0.20212356991038313,0.00680849132342887,0.004859853161539666,0.2021235699103828,36.16269868479534,False,[],0,0,0,0.27732732911781355,16.14378854292555,0
1135,M94,5,1199295.95,7.2e-05,2.3115,2666040.5,986.74,200.0,denoising,low,,1.1437377452851165,0.3,1135,814,1.1437377452850341,0.1809250887959851,0.02042547397028661,0.017016510043029884,0.1809250887959946,35.71320505389305,False,[],0,0,0,0.27794633767862753,16.17690941942501,0
2880,M94,6,1706770.39,3.6e-05,79.1224,2231868.25,1451.39,200.0,signal_enhancement,low,,1.6277030849457372,0.3,2880,815,1.6277030849456786,0.26771519385862785,0.010212736985143306,0.5849302407682804,0.2677151938586312,19.0229535523861,False,[],0,0,0,0.2831533807961646,16.860981204318858,0
2078,M88,8,1388396.32,9.300000000000001e-05,0.9002,1748650.38,1603.03,200.0,denoising,low,,1.3240779113770764,0.3,2078,816,1.3240779113769532,0.21326571462077468,0.026382903878286873,0.006581836732698328,0.21326571462079078,36.15560775650215,False,[],0,0,0,0.2815463508289707,16.607549416016912,0
57,M94,7,619857.49,6.8e-05,1.6324,1297314.91,1415.49,200.0,denoising,low,,0.5911421680450841,0.3,57,817,0.5911421680450439,0.08182743804388823,0.0192907254163818,0.011995475078779788,0.08182743804389238,35.46744549981216,False,[],0,0,0,0.26982561836429597,15.165507437933755,0
2483,M90,5,1641252.87,0.000134,0.2214,2254853.97,1787.3,200.0,signal_enhancement,medium,,1.5652207088472556,0.65,2483,818,1.565220708847046,0.25651015179928044,0.03801407655581119,0.0015630198666506702,0.2565101517993111,31.229150011197607,False,[],0,0,0,0.2869832051584303,17.249354895997406,0
811,M94,1,2799959.8,0.00024900000000000004,3.0061,1809975.28,1153.27,200.0,denoising,low,,2.670249748230645,0.3,811,819,2.6702497482299803,0.4546763810019024,0.07063809748057454,0.02215214674773923,0.4546763810020103,36.654141121575435,False,[],0,0,0,0.30838258705184984,19.818249564669365,0
2195,M88,5,432619.87,0.000153,2.6564,1154012.05,1061.61,200.0,signal_enhancement,low,,0.41257845878607385,0.3,2195,820,0.41257845878601074,0.04980538642789121,0.04340413218685905,0.01956658360976506,0.04980538642790018,35.11222403741861,False,[],0,0,0,0.2713631333859973,15.279328243642375,0
561,M94,1,762554.76,1.7e-05,1.8071,1382705.26,1428.44,200.0,signal_enhancement,low,,0.7272288894653445,0.3,561,821,0.727228889465332,0.10623203870801687,0.00482268135409545,0.013287147598665653,0.1062320387080155,35.5263137268721,False,[],0,0,0,0.26931841892683756,15.149128651453887,0
2943,M94,6,2369576.28,2.1e-05,0.7586,1834842.15,1422.01,200.0,denoising,low,,2.259804039001512,0.3,2943,822,2.2598040390014646,0.38107064251775336,0.005957429908000261,0.005534894381148021,0.3810706425177521,36.85823573863657,False,[],0,0,0,0.2914984144857803,17.91794016352154,0
229,M90,9,2068927.92,3.4e-05,2.0023,3080504.43,2214.55,200.0,denoising,low,,1.9730834197998717,0.3,229,823,1.9730834197998046,0.3296526779966018,0.0096453627081909,0.014730390162384721,0.32965267799660525,36.376699007114865,False,[],0,0,0,0.2880119259001206,17.470143308713453,0
2509,M93,4,1481713.8,4e-06,1.9684,1687068.51,1487.4,200.0,signal_enhancement,low,,1.4130723953247126,0.3,2509,824,1.413072395324707,0.2292252058877261,0.0011347485539048117,0.01447974506550933,0.22922520588772075,35.982508471585625,False,[],0,0,0,0.2785309237251819,16.312677532847548,0
1721,M88,1,1162706.86,1.3000000000000001e-05,2.6965,2456612.96,1455.58,200.0,signal_enhancement,low,,1.108843669891372,0.3,1721,825,1.1088436698913575,0.1746674909448569,0.0036879328001906382,0.01986306940282415,0.17466749094485437,35.602777881694706,False,[],0,0,0,0.27460034785162096,15.813057699852,0
2179,M90,9,902143.64,2.2e-05,0.4482,1627035.49,1039.89,200.0,signal_enhancement,low,,0.860351219177265,0.3,2179,826,0.8603512191772461,0.13010503132765822,0.006241117046476464,0.0032399021076931107,0.13010503132765747,35.92322306207984,False,[],0,0,0,0.2714693924041136,15.413390420113158,0
1450,M88,0,849819.01,6e-06,0.6888,1965097.54,1161.74,200.0,signal_enhancement,low,,0.810450563430791,0.3,1450,827,0.8104505634307861,0.12115628479558874,0.0017021228308572176,0.005018816866047658,0.12115628479558567,35.83406063320093,False,[],0,0,0,0.26998186366489285,15.242201058911318,0
1234,M88,4,816151.76,2.9999999999999997e-05,0.6595,2272778.87,2541.99,200.0,denoising,low,,0.7783429718017811,0.3,1234,828,0.7783429718017578,0.11539839053657884,0.008510614154286087,0.004802182608276302,0.11539839053657922,35.817528083898026,False,[],0,0,0,0.27067867564915493,15.307174960142937,0
1071,M90,1,1165641.83,2.8000000000000003e-05,0.5883,1522200.23,1360.54,200.0,denoising,low,,1.1116426753998114,0.3,1071,829,1.1116426753997803,0.17516944007682836,0.007943239877333683,0.004275753968231232,0.1751694400768288,36.072405141260376,False,[],0,0,0,0.275363905985293,15.894672718560289,0
2849,M90,2,2142937.21,6.7e-05,0.4168,1545350.2,1926.65,200.0,denoising,low,,2.043664178848404,0.3,2849,830,2.0436641788482666,0.34231001312211395,0.019007038277905595,0.0030077411625046954,0.34231001312212966,36.77900781761331,False,[],0,0,0,0.29061599755701306,17.76522682022344,0
1037,M94,7,1248002.59,4e-05,0.7927,2544360.28,1707.54,200.0,signal_enhancement,low,,1.190188016891527,0.3,1037,831,1.1901880168914796,0.1892550736575839,0.011347485539048118,0.0057870182101583695,0.18925507365758695,36.083409748325586,False,[],0,0,0,0.2770694784342449,16.096805476278707,0
889,M88,9,2788351.46,1.7e-05,1.5494,2006462.02,1827.22,200.0,signal_enhancement,low,3.0,2.6591791725159144,0.3,889,832,2.659179172515869,0.45269108091821175,0.00482268135409545,0.011381801242772193,0.4526910809182086,36.96931028638968,False,[],0,0,0,0.29703514230365313,18.613719073555835,0
1053,M93,3,1973288.54,3.9e-05,0.8835,2837872.7,1979.62,200.0,signal_enhancement,low,,1.8818745994568606,0.3,1053,833,1.8818745994567871,0.3132960870354373,0.011063798400571914,0.00645836259942933,0.31329608703544226,36.55943347015887,False,[],0,0,0,0.2869445326909322,17.332109241564666,0
707,M90,7,2291507.14,3.8e-05,1.611,3445481.38,1465.36,200.0,denoising,low,,2.185351505279624,0.3,707,834,2.185351505279541,0.36771897723437447,0.010780111262095712,0.011837250740339275,0.3677189772343799,36.61575838672732,False,[],0,0,0,0.2912501370933062,17.871231775061467,0
424,M93,4,1935212.79,1.8e-05,0.2365,1816287.43,1589.83,200.0,denoising,medium,,1.845562734603915,0.65,424,835,1.8455627346038819,0.30678423524081505,0.005106368492571653,0.0016746641428400035,0.30678423524081294,31.42689701667806,False,[],0,0,0,0.2854108214630024,17.15975698527444,0
69,M94,9,1391989.11,3.8e-05,1.256,1757426.47,1037.19,200.0,signal_enhancement,low,,1.3275042629242448,0.3,69,836,1.3275042629241944,0.2138801664965539,0.010780111262095712,0.009212501200788717,0.21388016649655694,36.07914562996255,False,[],0,0,0,0.2789430322342806,16.33284366768326,0
2249,M90,9,680598.16,6.2e-05,1.5715,1573732.2,1108.5,200.0,denoising,low,,0.6490689849853918,0.3,2249,837,0.6490689849853516,0.09221552602498008,0.017588602585524582,0.011545201143685058,0.092215526024984,35.522506069789365,False,[],0,0,0,0.27036730452153757,15.238750106789244,0
2535,M88,3,1025938.54,4.5e-05,0.1992,1855797.78,2967.91,200.0,denoising,medium,,0.9784112358093703,0.65,2535,838,0.9784112358093262,0.15127688064724043,0.012765921231429132,0.0013988805996703252,0.15127688064724373,30.813141104598852,False,[],0,0,0,0.2742723570611222,15.742555388638129,0
2839,M88,1,610144.41,2.3e-05,18.3418,2617086.55,1385.37,200.0,denoising,low,,0.5818790531158582,0.3,2839,839,0.5818790531158448,0.08016627214618932,0.006524804184952667,0.13553910875812086,0.08016627214618871,31.754491825841132,False,[],0,0,0,0.2675225184831371,14.919109196791041,0
2406,M93,6,1785307.28,1.4999999999999999e-05,1.6033,2325443.75,1763.87,200.0,denoising,low,,1.7026016998291273,0.3,2406,840,1.7026016998291016,0.2811468554303776,0.0042553070771430435,0.01178031955314339,0.2811468554303747,36.271177835127205,False,[],0,0,0,0.28321515063754454,16.88806408169235,0
2963,M90,8,3808915.14,1.1e-05,1.5173,2762776.25,1921.01,200.0,denoising,low,0.0,3.6324645423889566,0.3,2963,841,3.632464542388916,0.627231554346425,0.003120558523238232,0.011144464735111425,0.627231554346417,37.67459227533235,False,[116],1,0,1,0.3107090192966645,20.328485596882537,0
2581,M93,4,1575991.46,8.8e-05,2.5278,2031875.91,936.18,200.0,denoising,low,,1.50298257827772,0.3,2581,842,1.5029825782775879,0.2453489105938392,0.024964468185905857,0.01861575884698703,0.2453489105938562,35.92292287696574,False,[],0,0,0,0.2838718724391111,16.902849533284698,0
2092,M94,2,1553119.71,2.8000000000000003e-05,1.6367,1670359.55,1712.89,200.0,denoising,low,,1.4811703777313647,0.3,2092,843,1.4811703777313232,0.2414373015964156,0.007943239877333683,0.012027267819681386,0.24143730159641644,36.10493117179522,False,[],0,0,0,0.28066533490685996,16.557351333756163,0
940,M93,0,983463.24,5.4000000000000005e-05,2.1752,1977430.98,1134.61,200.0,signal_enhancement,low,,0.9379036331177264,0.3,940,844,0.9379036331176758,0.1440126019782157,0.015319105477714959,0.016008754093055966,0.14401260197822033,35.595787785121175,False,[],0,0,0,0.2741252560894688,15.715869918381026,0
620,M88,0,4146079.02,3.2e-05,1.0552,2288211.29,2481.46,200.0,denoising,low,,3.9540090751649215,0.3,620,845,3.954009075164795,0.684894534512536,0.009077988431238493,0.007727854137290824,0.6848945345125421,38.00774251393142,False,[],0,0,0,0.3163348207943134,21.012349136887654,1
2519,M93,5,2308883.98,4.9e-05,2.6875,2025289.2,1553.64,200.0,signal_enhancement,low,,2.2019233512879497,0.3,2519,846,2.201923351287842,0.3706908269481388,0.013900669785333943,0.019796526456751038,0.37069082694814864,36.38886751409002,False,[],0,0,0,0.29201838001935787,17.9571203256174,0
1196,M93,6,564426.37,8.7e-05,1.3952,2346142.24,1570.34,200.0,signal_enhancement,low,,0.538278932571458,0.3,1196,847,0.5382789325714111,0.07234740841216933,0.024680781047429653,0.010241698766719529,0.07234740841217488,35.48213867064709,False,[],0,0,0,0.2699835254510366,15.167728142975427,0
2067,M88,7,1285368.77,0.000213,1.3676,1700789.74,1624.61,200.0,signal_enhancement,low,,1.2258231830599535,0.3,2067,848,1.2258231830596924,0.19564557223715692,0.06042536049543122,0.010037633732095316,0.19564557223719814,35.98145327698577,False,[],0,0,0,0.28592395706319584,17.04411221128933,0
1032,M94,2,751402.7,7.099999999999999e-05,1.2264,3326062.83,2129.49,200.0,signal_enhancement,low,,0.7165934562683615,0.3,1032,849,0.7165934562683105,0.10432477327201796,0.020141786831810404,0.008993648844814925,0.10432477327202354,35.64748962774362,False,[],0,0,0,0.2717700856231692,15.405799895692766,0
1505,M93,5,1066124.11,2.3e-05,1.2108,2336927.43,1901.8,200.0,signal_enhancement,low,,1.0167351818084953,0.3,1505,850,1.0167351818084718,0.15814956145122772,0.006524804184952667,0.008878307738288196,0.15814956145122716,35.866249013656265,False,[],0,0,0,0.27376118162754015,15.698942089841426,0
1576,M88,6,1170623.64,0.00020800000000000001,1.9756,3345367.56,1706.09,200.0,signal_enhancement,low,,1.1163936996462283,0.3,1576,851,1.116393699645996,0.17602144715190807,0.05900692480305021,0.01453297942236782,0.17602144715194457,35.768096405936596,False,[],0,0,0,0.28411289298867115,16.822339117973986,0
2130,M90,0,2295538.27,0.00017900000000000001,2.4649,1773940.8,2020.57,200.0,signal_enhancement,low,,2.1891958904270274,0.3,2130,852,2.1891958904266358,0.36840839559448174,0.05077999778724033,0.01815069759054272,0.3684083955945425,36.429112654661644,False,[],0,0,0,0.29810527127138936,18.598123916115142,0
2044,M90,4,919887.11,4e-05,43.8906,1033896.09,1744.14,200.0,denoising,low,,0.877272710800206,0.3,2044,853,0.8772727108001709,0.1331395834234758,0.011347485539048118,0.3244382666062034,0.1331395834234779,26.2994103355078,False,[],0,0,0,0.2725802392155162,15.535650573937625,0
1395,M90,5,1655272.67,6e-06,0.1062,1945987.1,1545.04,200.0,signal_enhancement,high,,1.5785910320282077,1.0,1395,854,1.5785910320281982,0.2589078684506988,0.0017021228308572176,0.0007112701569148272,0.2589078684506935,26.01429336909535,True,[],0,0,0,0.2810019903573016,16.619716895462417,1
279,M94,9,1738677.38,1.6e-05,2.0566,1301100.2,1096.67,200.0,signal_enhancement,low,,1.658131961822536,0.3,279,855,1.6581319618225097,0.27317204211749324,0.004538994215619247,0.015131865937025837,0.2731720421174907,36.13873219035919,False,[],0,0,0,0.2826253923860547,16.81342231705608,0
1465,M88,5,2828711.67,5.5e-05,3.3515,1132953.96,1690.34,200.0,denoising,low,,2.6976696681977805,0.3,1465,856,2.6976696681976318,0.4595936292835054,0.015602792616191161,0.024705917144811802,0.45959362928352065,36.59719700278966,False,[],0,0,0,0.2994199650874329,18.876786559926494,0
1503,M93,3,927950.19,2.5e-05,2.2958,1143894.91,1268.92,200.0,signal_enhancement,low,,0.884962263107322,0.3,1503,857,0.8849622631072998,0.13451856038304147,0.007092178461905073,0.016900429570435676,0.13451856038304122,35.531061354419094,False,[],0,0,0,0.27196715516916714,15.472844816144706,0
2282,M88,2,1058912.44,0.000133,0.2892,1342574.96,2356.56,200.0,signal_enhancement,low,,1.0098575973512085,0.3,2282,858,1.0098575973510742,0.15691619569397475,0.03773038941733499,0.0020643100604014527,0.1569161956939941,36.06573548096386,False,[],0,0,0,0.2789674618564649,16.248308966451777,0
2838,M88,0,1583453.49,1.4999999999999999e-05,22.2852,477407.94,2082.1,200.0,denoising,low,,1.5100989246368637,0.3,2838,859,1.5100989246368408,0.2466250938193049,0.0042553070771430435,0.16469527026308894,0.24662509381930225,31.545642267384554,False,[],0,0,0,0.28045340970865873,16.542846465581626,0
2723,M94,2,2352311.29,2.3e-05,1.0978,1895751.49,1588.94,200.0,signal_enhancement,low,,2.243338861465506,0.3,2723,860,2.243338861465454,0.3781179217935224,0.006524804184952667,0.008042824082036893,0.3781179217935221,36.77118696471298,False,[],0,0,0,0.29135865045492376,17.89862569326437,0
553,M93,3,1110818.52,2.5e-05,0.2022,2114415.86,1676.23,200.0,denoising,medium,,1.059359092712429,0.65,553,861,1.0593590927124024,0.16579336029873779,0.007092178461905073,0.001421061581694696,0.16579336029873762,30.870541593744107,False,[],0,0,0,0.2744691391624229,15.78559281530167,0
834,M88,4,629949.31,0.000148,1.0177,1677264.82,2146.13,200.0,signal_enhancement,low,,0.6007664775849278,0.3,834,862,0.6007664775848389,0.08355337741942266,0.04198569649447803,0.0074505918619861885,0.08355337741943551,35.6106957538181,False,[],0,0,0,0.27382183859761505,15.591276311094832,0
962,M88,2,1262087.63,2e-06,0.807,911459.62,1799.5,200.0,signal_enhancement,low,,1.2036205577850365,0.3,962,863,1.203620557785034,0.19166394788859248,0.0005673742769524058,0.005892747557807872,0.1916639478885874,36.089873364820136,False,[],0,0,0,0.2754295694581693,15.926852215871069,0
596,M90,6,1476900.87,0.000132,1.6255,1484205.54,1501.94,200.0,signal_enhancement,low,,1.4084824275972319,0.3,596,864,1.408482427597046,0.2284020812780233,0.03744670227885879,0.011944458820123734,0.2284020812780503,36.05527456050838,False,[],0,0,0,0.2846381058896479,16.95806145379969,0
2451,M90,1,1860795.33,3.2e-05,0.0984,2304339.74,2440.72,200.0,denoising,high,,1.7745927143097493,1.0,2451,865,1.7745927143096925,0.2940570934129527,0.009077988431238493,0.0006535996036514628,0.2940570934129551,26.15662038554227,True,[],0,0,0,0.28506782550634674,17.10397472589182,1
802,M94,2,2473163.67,0.000195,0.731,1465875.32,1125.79,200.0,signal_enhancement,low,,2.358592672348482,0.3,802,866,2.3585926723480224,0.39878653075296167,0.055318992002859564,0.005330829346523808,0.398786530753034,36.93522124261613,False,[],0,0,0,0.3013071511007231,18.983607163581087,0
2136,M90,6,2419907.68,0.00016,1.4402,1807511.5,1495.23,200.0,denoising,low,,2.307803802490604,0.3,2136,867,2.3078038024902345,0.38967849968185,0.04538994215619247,0.010574413497085091,0.38967849968190627,36.74148159381485,False,[],0,0,0,0.2988905701411007,18.713803955629963,0
2985,M88,3,1390176.11,2e-05,0.9297,3533872.11,2509.92,200.0,denoising,low,,1.3257752513885763,0.3,2985,868,1.32577525138855,0.21357010071180507,0.005673742769524059,0.0067999497226046415,0.21357010071180382,36.15028191116909,False,[],0,0,0,0.2780501443277635,16.237828376969482,0
2719,M93,7,1925189.98,1.1e-05,0.851,1924085.33,1777.49,200.0,denoising,low,,1.8360042381286825,0.3,2719,869,1.836004238128662,0.30507009820383857,0.003120558523238232,0.006218068627498644,0.3050700982038342,36.5337383339904,False,[],0,0,0,0.2849361028052576,17.106871035456674,0
440,M94,0,1186685.74,0.000105,0.1862,1231243.0,2004.8,200.0,denoising,medium,,1.1317117118836637,0.65,440,870,1.131711711883545,0.1787684452992959,0.029787149540001306,0.0013027630108980513,0.178768445299312,30.925990890870246,False,[],0,0,0,0.27936529104574387,16.32385314471298,0
508,M90,8,1079011.95,3.8e-05,1.2964,2082677.13,1700.23,200.0,denoising,low,,1.0290259838104638,0.3,508,871,1.0290259838104248,0.16035368622967078,0.010780111262095712,0.009511205092050246,0.16035368622967297,35.856078592157175,False,[],0,0,0,0.27466091381292995,15.79757886501443,0
76,M90,6,1893699.44,6.1e-05,0.1465,1636338.01,941.03,200.0,signal_enhancement,high,,1.8059725189210087,1.0,76,872,1.8059725189208984,0.299684472722722,0.017304915447048378,0.0010092346821088762,0.29968447272273385,26.16846085042762,True,[],0,0,0,0.2869165934438159,17.30833320527409,1
2481,M90,3,1366660.94,0.000118,0.1786,2057096.19,1220.25,200.0,signal_enhancement,medium,,1.3033494377137766,0.65,2481,873,1.303349437713623,0.2095484517103974,0.03347508234019194,0.001246571189769645,0.20954845171041905,31.0507966711485,False,[],0,0,0,0.2824546401346644,16.69803599922743,0
649,M94,9,2407266.02,7.7e-05,2.1916,1606034.41,1823.46,200.0,denoising,low,,2.295747776031671,0.3,649,874,2.295747776031494,0.38751647749297635,0.021843909662667624,0.01613001012812253,0.38751647749299817,36.56616560612823,False,[],0,0,0,0.29471478284209157,18.268355148857783,0
522,M93,2,1448429.78,0.000173,2.585,1419659.93,903.06,200.0,signal_enhancement,low,,1.381330280304194,0.3,522,875,1.381330280303955,0.22353285300251063,0.049077874956383105,0.019038676237585032,0.22353285300254724,35.822971124882486,False,[],0,0,0,0.28622586698278596,17.11873027924,0
1487,M94,7,2274386.97,1.7e-05,1.5943,1842380.6,1662.65,200.0,signal_enhancement,low,,2.1690244388580697,0.3,1487,876,2.1690244388580324,0.36479102414773174,0.00482268135409545,0.011713776607070278,0.364791024147729,36.60775079837882,False,[],0,0,0,0.29000313776201475,17.734718505851035,0
2208,M88,8,2735062.97,0.000117,2.0912,2504643.84,2792.46,200.0,signal_enhancement,low,,2.608359308243103,0.3,2208,877,2.608359308242798,0.4435774915801368,0.03319139520171574,0.015387686596373582,0.4435774915801804,36.812679368429336,False,[],0,0,0,0.3011287365107026,19.03322002943225,0
1494,M93,4,963218.45,1.4999999999999999e-05,1.8027,1201602.47,1444.69,200.0,signal_enhancement,low,,0.9185966968536515,0.3,1494,878,0.9185966968536377,0.14055026513407604,0.0042553070771430435,0.013254615491696577,0.14055026513407415,35.664562595785405,False,[],0,0,0,0.2719674234138404,15.482098178729334,0
654,M94,4,1837383.73,0.000106,1.8074,1955877.77,2637.91,200.0,signal_enhancement,low,,1.7522656726839014,0.3,654,879,1.7522656726837158,0.2900531573256799,0.03007083667847751,0.01328936569686809,0.29005315732570547,36.26153165839668,False,[],0,0,0,0.28831629482139554,17.441806633469394,0
2816,M88,5,1477335.67,6.6e-05,1.2675,2078267.17,1273.46,200.0,signal_enhancement,low,,1.408897085189912,0.3,2816,880,1.4088970851898193,0.22847644233881137,0.018723351139429394,0.009297528298548807,0.22847644233882167,36.134979920398784,False,[],0,0,0,0.2814610850808079,16.621784743897845,0
1538,M90,8,1006365.53,7.000000000000001e-06,2.3651,1316415.84,991.94,200.0,denoising,low,,0.9597449588775703,0.3,1538,881,0.9597449588775635,0.14792943403634873,0.0019858099693334207,0.017412810255198644,0.14792943403634543,35.569333428489436,False,[],0,0,0,0.27217194241769455,15.51503891981149,0
1423,M94,3,1701546.7,7.000000000000001e-06,0.8878,1072217.18,472.37,200.0,signal_enhancement,low,,1.622721385955822,0.3,1423,882,1.6227213859558105,0.2668218195954538,0.0019858099693334207,0.006490155340330928,0.26682181959544865,36.37258261817188,False,[],0,0,0,0.28168333326242295,16.70396277540254,0
1651,M88,1,1452096.5,4.5e-05,1.4796,3327626.56,1358.14,200.0,denoising,low,,1.3848271369934706,0.3,1651,883,1.3848271369934082,0.22415994865295422,0.012765921231429132,0.01086572372767183,0.22415994865295916,36.070668082781665,False,[],0,0,0,0.28010300250157927,16.471386068695267,0
630,M94,0,2308715.61,2.1e-05,0.7963,2423300.13,2112.97,200.0,denoising,low,,2.201762781143235,0.3,630,884,2.2017627811431884,0.3706620317047973,0.005957429908000261,0.005813635388587615,0.3706620317047961,36.80823906516156,False,[],0,0,0,0.2906657256207438,17.813854055391978,0
2541,M94,0,1865431.38,3.6e-05,0.0417,1581834.59,1328.32,200.0,denoising,high,,1.7790139961243314,1.0,2541,885,1.7790139961242675,0.2948499673684876,0.010212736985143306,0.0002343790433908526,0.2948499673684913,26.17236849817223,True,[],0,0,0,0.2853241626769534,17.132328939417455,1
1507,M93,7,1778547.85,1.1e-05,0.8797,2552385.98,1945.83,200.0,signal_enhancement,low,,1.6961554050445746,0.3,1507,886,1.6961554050445558,0.27999083338547703,0.003120558523238232,0.006430266688865127,0.2799908333854729,36.42705533287596,False,[],0,0,0,0.28292976161978867,16.856078387273058,0
2941,M94,4,1702786.57,2.9999999999999997e-05,1.765,1713752.94,1788.46,200.0,signal_enhancement,low,,1.6239038181305419,0.3,2941,887,1.6239038181304932,0.2670338666249831,0.008510614154286087,0.012975874484256982,0.2670338666249846,36.17885923197222,False,[],0,0,0,0.28280951373622726,16.82352972102698,0
482,M88,2,1575512.59,0.000113,0.9495,1906223.1,1696.41,200.0,signal_enhancement,low,1.0,1.5025258922578604,0.3,482,888,1.5025258922576905,0.245267012523049,0.03205664664781093,0.00694634420396549,0.24526701252307276,36.27267772397324,False,[],0,0,0,0.28507099093197175,17.029689764891085,0
1927,M88,7,1155336.21,4.8e-05,2.0475,2053133.71,1663.59,200.0,denoising,low,,1.1018144702911905,0.3,1927,889,1.1018144702911377,0.17340693585585581,0.01361698264685774,0.015064583624885244,0.17340693585586017,35.74169023467687,False,[],0,0,0,0.27618744191843425,15.979175046201998,0
1113,M88,3,496746.9,3.9e-05,1.6201,1395437.46,1021.93,200.0,denoising,low,,0.4737347602844424,0.3,1113,890,0.47373476028442385,0.060772621883247835,0.011063798400571914,0.011904533052479868,0.06077262188324857,35.38595449595859,False,[],0,0,0,0.26674265547875703,14.806874590042773,0
2563,M94,4,1926088.18,1.3000000000000001e-05,1.0964,2486843.48,898.06,200.0,signal_enhancement,low,3.0,1.8368608283996821,0.3,2563,891,1.8368608283996581,0.30522371160034234,0.0036879328001906382,0.008032472957092186,0.3052237116003386,36.4799206576886,False,[],0,0,0,0.2850448455040598,17.118619906406856,0
1088,M90,8,339747.06,4e-06,1.5906,1928002.02,2342.25,200.0,signal_enhancement,low,,0.3240080451965345,0.3,1088,892,0.3240080451965332,0.0339219442246487,0.0011347485539048117,0.011686420062573553,0.033921944224646935,35.28509517502138,False,[],0,0,0,0.2629066627921357,14.359644916216773,0
438,M90,8,1233081.43,3.4e-05,0.1455,1818248.76,1628.61,200.0,signal_enhancement,high,,1.1759580898285311,1.0,438,893,1.1759580898284911,0.1867032031750892,0.0096453627081909,0.001001841021434086,0.18670320317509098,25.716757582057333,True,[],0,0,0,0.27657596791439953,16.04064856049833,1
1717,M93,7,2671037.9,4.5e-05,1.328,1248825.26,344.52,200.0,signal_enhancement,low,2.0,2.5473002433778005,0.3,1717,894,2.5473002433776855,0.4326276936909208,0.012765921231429132,0.00974484476937362,0.4326276936909305,36.93816543168248,False,[1545],1,0,1,0.2967804221046166,18.556063519074932,0
2443,M94,3,1966176.17,4e-05,0.1373,2057913.35,1497.45,200.0,denoising,high,,1.8750917148590838,1.0,2443,895,1.8750917148590087,0.312079703921552,0.011347485539048118,0.0009412130039008056,0.31207970392155726,26.220082425569185,True,[],0,0,0,0.28689544885536233,17.325051778918386,1
856,M90,6,1486153.35,0.001183,1.6725,2692498.69,2089.84,200.0,denoising,low,,1.4173062801377851,0.3,856,896,1.4173062801361085,0.22998447370608333,0.33560188481734804,0.01229196087183888,0.22998447370637765,36.051179068669164,False,[],0,0,0,0.3354510783154358,22.340678663773097,0
1983,M94,3,1189398.08,4.3e-05,0.2206,552043.48,1580.09,200.0,denoising,medium,,1.1342984008789552,0.65,1983,897,1.1342984008789063,0.17923231944745127,0.012198546954476726,0.0015571049381108376,0.1792323194474548,30.92021612964648,False,[],0,0,0,0.27641233853805713,16.011897039655093,0
166,M88,6,1127889.61,4e-06,1.2478,1890445.11,1382.34,200.0,signal_enhancement,low,,1.0756393527984662,0.3,166,898,1.075639352798462,0.1687129195471481,0.0011347485539048117,0.009151873183255438,0.16871291954714385,35.90029548269093,False,[],0,0,0,0.27368994081793563,15.707554669441768,0
59,M94,9,827504.79,5.6999999999999996e-05,1.1679,1830467.04,1309.76,200.0,denoising,low,,0.7891700649261926,0.3,59,899,0.7891700649261475,0.11734002658524237,0.016170166893143566,0.008561119695339691,0.1173400265852466,35.71252651548078,False,[],0,0,0,0.27213613049865376,15.464463269929007,0
611,M90,1,1835297.84,1.6e-05,0.6534,2435247.98,3180.22,200.0,signal_enhancement,low,,1.7502764129638952,0.3,611,900,1.7502764129638673,0.2896964209110358,0.004538994215619247,0.004757081278160081,0.28969642091103315,36.51607324529934,False,[],0,0,0,0.28394734268953814,16.978666104991504,0
530,M94,0,1326182.31,1.7e-05,1.5665,2116325.23,2300.96,200.0,denoising,low,,1.2647460079193331,0.3,530,901,1.2647460079193116,0.2026256507305257,0.00482268135409545,0.011508232840311107,0.20262565073052383,35.96525561771277,False,[],0,0,0,0.27702990788863824,16.113064771678975,0
2787,M90,3,318821.67,4.4e-05,0.9175,2428580.8,2423.83,200.0,denoising,low,,0.3040520381927624,0.3,2787,902,0.304052038192749,0.030343208719119046,0.012482234092952928,0.0067097470623722,0.030343208719119535,35.42008042300531,False,[],0,0,0,0.2645494364933315,14.528112300864343,0
49,M88,9,958149.7,0.00020299999999999997,1.5429,1183297.96,1193.53,200.0,signal_enhancement,low,,0.9137627601625389,0.3,49,903,0.9137627601623535,0.13968338926731066,0.05758848911066918,0.011333742448386055,0.13968338926733956,35.71872128361767,False,[],0,0,0,0.2809647142901986,16.43342669666515,0
1883,M94,3,1530153.19,4.1e-05,0.1303,2139306.98,1157.52,200.0,signal_enhancement,high,,1.4592677974701527,1.0,1883,904,1.4592677974700927,0.23750948469252722,0.01163117267752432,0.0008894573791772735,0.23750948469253144,25.923354217394788,True,[],0,0,0,0.2809780581305813,16.58445595512071,1
1011,M94,1,539923.44,1.3000000000000001e-05,0.5955,2227332.76,1238.55,200.0,denoising,low,,0.5149111175537177,0.3,1011,905,0.5149111175537109,0.06815682914074318,0.0036879328001906382,0.004328988325089722,0.06815682914074164,35.64275766681028,False,[],0,0,0,0.2660794949072919,14.747951081810863,0
858,M90,8,2409557.97,0.00032900000000000003,1.7795,2405612.63,2413.78,200.0,denoising,low,0.0,2.297933549881738,0.3,858,906,2.2979335498809816,0.38790845503040333,0.09333306855867077,0.013083082564041441,0.38790845503052906,36.65914134320037,False,[116],1,0,1,0.3068992980574063,19.559079784360108,0
1017,M94,7,1632213.43,1.7e-05,2.7187,2498354.07,1408.95,200.0,signal_enhancement,low,,1.5566000270843772,0.3,1017,907,1.5566000270843505,0.25496419423872335,0.00482268135409545,0.020027208669804498,0.2549641942387212,35.91904051686076,False,[],0,0,0,0.28121699136929407,16.63645020676095,0
48,M88,8,1053939.3,0.000352,2.3306,1823350.17,1411.39,200.0,signal_enhancement,low,7.0,1.0051148414615354,0.3,48,908,1.0051148414611817,0.15606567139349722,0.09985787274362343,0.01715772896191838,0.15606567139355593,35.609530816716436,False,[571],1,0,1,0.2894610920778957,17.358098423320193,0
719,M90,9,803682.2,5.6000000000000006e-05,1.7005,2906470.42,1974.6,200.0,denoising,low,0.0,0.7664510726929139,0.3,719,909,0.766451072692871,0.11326580150907051,0.015886479754667365,0.012498983370733007,0.11326580150907443,35.578093704914295,False,[116],1,0,1,0.2717619656790191,15.418614650674717,0
2390,M93,0,1931960.58,3.8e-05,3.0635,3050383.29,1870.42,200.0,denoising,low,,1.8424611854553923,0.3,2390,910,1.8424611854553223,0.3062280305823385,0.010780111262095712,0.022576542870472192,0.306228030582343,36.04761583621519,False,[],0,0,0,0.2863308613611434,17.256322308541108,0
2652,M88,3,2000823.18,3.3e-05,0.9228,2166691.52,1735.7,200.0,denoising,low,,1.9081336784363423,0.3,2652,911,1.9081336784362792,0.31800516026178943,0.009361675569714697,0.006748933463948588,0.31800516026179243,36.5695526371287,False,[],0,0,0,0.2870318976677947,17.34856176287276,0
2246,M90,6,1764088.07,4.1e-05,2.073,1543950.97,2039.59,200.0,signal_enhancement,low,1.0,1.68236548423774,0.3,2246,912,1.682365484237671,0.2775178697710284,0.01163117267752432,0.015253121972092398,0.2775178697710334,36.152477819921344,False,[],0,0,0,0.2841787289368614,16.984539805905722,0
1159,M94,9,1763923.34,0.00011100000000000001,0.3771,2224524.1,1435.07,200.0,denoising,low,,1.6822083854677161,0.3,1159,913,1.6822083854675294,0.2774896970535868,0.03148927237085853,0.0027142128337155204,0.2774896970536128,36.52853240320288,False,[],0,0,0,0.2875523520673329,17.341703873211323,0
632,M94,2,3264847.54,2.8999999999999997e-05,0.87,3039080.23,1818.19,200.0,denoising,low,,3.1136012458802176,0.3,632,914,3.113601245880127,0.5341831553666065,0.008226927015809883,0.006358548180319661,0.5341831553666097,37.44597617605684,False,[],0,0,0,0.3041332300220162,19.489916239950645,0
1338,M88,8,2048051.3,4.4e-05,0.5069,1615676.84,1576.68,200.0,signal_enhancement,low,,1.9531739234925176,0.3,1338,915,1.9531739234924317,0.32608228331198896,0.012482234092952928,0.0036739099893033015,0.3260822833119959,36.694111833568854,False,[],0,0,0,0.2882085624607611,17.485503046793042,0
2127,M90,7,1757495.0,3.8e-05,1.0956,1546974.52,991.31,200.0,signal_enhancement,low,,1.676077842712466,0.3,2127,916,1.6760778427124023,0.27639029921203556,0.010780111262095712,0.008026558028552353,0.2763902992120396,36.364764455991576,False,[],0,0,0,0.2839438428515191,16.95794499483808,0
2602,M94,7,2111713.75,4e-06,2.2107,1759111.78,2063.95,200.0,signal_enhancement,low,,2.0138871669769367,0.3,2602,917,2.0138871669769287,0.3369700646237832,0.0011347485539048117,0.01627122904701102,0.3369700646237759,36.3597433870848,False,[],0,0,0,0.2871505124240665,17.39012612020812,0
1436,M94,6,938072.64,4e-06,2.2492,1959519.35,2389.9,200.0,signal_enhancement,low,,0.8946157836914098,0.3,1436,918,0.8946157836914063,0.13624973821140923,0.0011347485539048117,0.01655588498299045,0.1362497382114056,35.548322403355925,False,[],0,0,0,0.27109288631107653,15.38292285608438,0
25,M93,5,1813407.65,8.8e-05,3.6973,1400918.15,1458.03,200.0,denoising,low,1.0,1.7294003009797663,0.3,25,919,1.7294003009796142,0.2859526818373177,0.024964468185905857,0.027262645006154284,0.28595268183733735,35.82593137716464,False,[],0,0,0,0.28712017413858937,17.308887245719482,0
2965,M90,1,3253633.79,4e-06,1.0066,1704028.6,1841.3,200.0,denoising,low,,3.102906980514539,0.3,2965,920,3.1029069805145264,0.5322653394847934,0.0011347485539048117,0.007368522228496015,0.5322653394847826,37.40800569108429,False,[],0,0,0,0.30277413441294726,19.34307886881822,0
219,M90,9,1926943.04,2.1e-05,1.6433,1777574.25,2184.45,200.0,denoising,low,,1.8376760864258201,0.3,219,921,1.8376760864257813,0.3053699128340712,0.005957429908000261,0.012076065980135001,0.3053699128340701,36.359197671932236,False,[],0,0,0,0.2854423561110857,17.160932866684718,0
2818,M88,7,1741518.41,4.4e-05,0.7843,2313830.4,2059.06,200.0,denoising,low,,1.6608413791657224,0.3,2818,922,1.6608413791656493,0.273657925292587,0.012482234092952928,0.005724911460490131,0.27365792529259275,36.42288435735565,False,[],0,0,0,0.28401461381920895,16.961259466599024,0
276,M94,6,718076.94,1.3000000000000001e-05,1.7768,1698445.43,1996.55,200.0,denoising,low,,0.6848115348816007,0.3,276,923,0.6848115348815917,0.09862528186178571,0.0036879328001906382,0.013063119680219507,0.09862528186178389,35.50260753704056,False,[],0,0,0,0.26851697112497525,15.052635609021287,0
2157,M94,7,2043042.74,1e-05,0.4185,1783362.36,1128.23,200.0,denoising,low,,1.9483973884582715,0.3,2157,924,1.948397388458252,0.3252257013556395,0.0028368713847620295,0.0030203103856518386,0.32522570135563456,36.71029349385301,False,[],0,0,0,0.2865003242438607,17.30332069848211,0
1480,M94,0,1207436.07,1.7e-05,1.3294,1878243.08,1202.32,200.0,denoising,low,,1.1515007686615188,0.3,1480,925,1.151500768661499,0.1823172414136076,0.00482268135409545,0.009755195894318325,0.18231724141360586,35.936613088824885,False,[],0,0,0,0.2754052351432848,15.909980678509795,0
1235,M88,5,1515278.7,3.9e-05,0.364,2209600.02,1799.96,200.0,denoising,low,,1.4450823783875075,0.3,1235,926,1.4450823783874511,0.23496559588139176,0.011063798400571914,0.0026173558788757673,0.2349655958813954,36.36134170715929,False,[],0,0,0,0.28067809339860855,16.54880433002421,0
1593,M88,3,1587960.84,0.000518,2.4479,1473549.46,2543.88,200.0,denoising,low,,1.514397468567679,0.3,1593,927,1.5143974685668946,0.24739595703766543,0.1469499377306731,0.018025005359071283,0.24739595703779935,35.94883366737853,False,[],0,0,0,0.30477316597722764,19.11905844952877,0
999,M90,9,1860879.67,6.6e-05,1.9175,1525559.56,2093.79,200.0,denoising,low,,1.774673147201655,0.3,999,928,1.774673147201538,0.29407151754328126,0.018723351139429394,0.014103407737162503,0.29407151754329447,36.253183838058256,False,[],0,0,0,0.28670869109716546,17.277735495942544,0
2140,M90,0,1262942.68,0.000166,1.6229,2869348.11,1037.62,200.0,signal_enhancement,low,,1.2044359970094773,0.3,2140,929,1.2044359970092773,0.1918101816168051,0.04709206498704968,0.01192523530236928,0.19181018161683547,35.909483667396145,False,[],0,0,0,0.28335046557714283,16.765758985934944,0
361,M93,1,1156804.8,2.1e-05,0.2227,2656936.35,816.85,200.0,signal_enhancement,medium,,1.103215026855492,0.65,361,930,1.1032150268554688,0.1736580994029183,0.005957429908000261,0.0015726316255278974,0.17365809940291738,30.89745344884584,False,[],0,0,0,0.2749054110365935,15.843814732373188,0
1457,M88,7,1531280.83,9e-06,0.8742,2202134.97,1353.94,200.0,signal_enhancement,low,,1.4603431987762585,0.3,1457,931,1.4603431987762452,0.23770233774355545,0.0025531842462858264,0.00638960155515378,0.23770233774355132,36.25912130431961,False,[],0,0,0,0.279450228341353,16.4229806938687,0
1993,M88,3,1064247.96,1.1e-05,1.7495,963869.26,1718.55,200.0,signal_enhancement,low,,1.0149459457397574,0.3,1993,932,1.014945945739746,0.1578286955262103,0.003120558523238232,0.012861272743797733,0.15782869552620757,35.74547659979091,False,[],0,0,0,0.27315679059104736,15.634457008680391,0
1671,M94,1,1523056.14,4.3e-05,0.2625,90978.9,1830.26,200.0,denoising,low,,1.4524995231629043,0.3,1671,933,1.4524995231628417,0.2362957216601766,0.012198546954476726,0.0018668993203845516,0.2362957216601813,36.38917590702917,False,[],0,0,0,0.28097741071507515,16.582531061782348,0
2334,M94,4,1213068.93,0.000332,1.1014,2319373.3,1491.3,200.0,signal_enhancement,low,,1.1568726825717952,0.3,2334,934,1.156872682571411,0.18328059340273076,0.09418412997409936,0.008069441260466137,0.18328059340279432,35.99103913579694,False,[],0,0,0,0.29067374956781533,17.528120273561093,0
1650,M88,0,1951158.03,4.7e-05,0.9747,1419186.32,2009.79,200.0,signal_enhancement,low,,1.860769300460903,0.3,1650,935,1.8607693004608155,0.3095112475704391,0.013333295508381537,0.007132664452970205,0.3095112475704466,36.52406505669265,False,[],0,0,0,0.28702756004206,17.33511179485526,0
1835,M90,5,2086796.32,9.8e-05,0.1579,2447515.83,1360.01,200.0,signal_enhancement,medium,,1.9901240539552731,0.65,1835,936,1.9901240539550782,0.33270859607062603,0.027801339570667886,0.001093522413801486,0.33270859607065234,31.54802871186846,False,[],0,0,0,0.2913429154126636,17.82751007297828,0
1114,M88,4,1774895.08,5e-05,0.6867,1262889.22,1910.48,200.0,denoising,low,,1.692671852111901,0.3,1114,937,1.6926718521118165,0.2793661235142377,0.014184356923810147,0.005003290178630598,0.2793661235142454,36.46736578869804,False,[],0,0,0,0.28476063055818673,17.048979659770957,0
1846,M94,6,2281469.32,5.1e-05,0.9812,1245929.11,2034.18,200.0,denoising,low,,2.175778694152943,0.3,1846,938,2.175778694152832,0.3660022731331789,0.014468044062286349,0.007180723247356342,0.3660022731331894,36.748587395112025,False,[],0,0,0,0.291739749341243,17.920447524452943,0
1317,M94,7,2489968.6,2.1e-05,1.8596,1238133.81,2684.61,200.0,denoising,low,,2.3746191024780776,0.3,1317,939,2.3746191024780274,0.4016605703602972,0.005957429908000261,0.013675314784092145,0.40166057036029595,36.69638283791843,False,[],0,0,0,0.2931456087131838,18.123839441946977,0
2629,M94,7,1006484.52,6.9e-05,0.7033,2434657.09,2322.15,200.0,signal_enhancement,low,,0.959858436584539,0.3,2629,940,0.9598584365844727,0.14794978413437812,0.019574412554858,0.005126024945832117,0.14794978413438548,35.93801838816255,False,[],0,0,0,0.2751636328650761,15.831837267331224,0
297,M93,7,2023278.41,1.3000000000000001e-05,1.396,1827735.07,2133.54,200.0,signal_enhancement,low,,1.9295486545562996,0.3,297,941,1.9295486545562743,0.32184553450981224,0.0036879328001906382,0.01024761369525936,0.3218455345098084,36.47995372718147,False,[],0,0,0,0.28637459133681736,17.284838135501552,0
1313,M94,3,1643016.93,1.1e-05,0.951,2629145.05,1614.8,200.0,denoising,low,,1.5669030475616628,0.3,1313,942,1.5669030475616454,0.2568118476891006,0.003120558523238232,0.0069574346949776746,0.25681184768909676,36.31852434990707,False,[],0,0,0,0.28107544276407853,16.624288530309293,0
937,M93,7,1768623.96,7.2e-05,2.2041,3759891.5,2077.39,200.0,denoising,low,,1.686691246032836,0.3,937,943,1.6866912460327148,0.2782936140029006,0.02042547397028661,0.016222430886557407,0.2782936140029149,36.126501529414874,False,[],0,0,0,0.2857358196951808,17.150594671494165,0
240,M88,0,1947479.71,3.8e-05,2.6042,2402524.9,1964.9,200.0,denoising,low,,1.8572613811493626,0.3,240,944,1.857261381149292,0.30888216804624863,0.010780111262095712,0.019180634522541005,0.3088821680462532,36.160109636508764,False,[],0,0,0,0.28654319235825615,17.28286368318021,0
1432,M94,2,1740802.49,7.000000000000001e-06,2.3321,2351851.18,2409.54,200.0,signal_enhancement,low,,1.6601586246490596,0.3,1432,945,1.6601586246490478,0.27353548607768496,0.0019858099693334207,0.017168819452930566,0.27353548607767975,36.07907736072283,False,[],0,0,0,0.28222042658100144,16.77109944022485,0
582,M90,2,990229.24,1.8e-05,1.0358,1958157.35,813.92,200.0,denoising,low,,0.9443561935424974,0.3,582,946,0.9443561935424805,0.14516974764816085,0.005106368492571653,0.007584417120199893,0.14516974764815943,35.85314647698665,False,[],0,0,0,0.27248166245559,15.5436121093479,0
2906,M93,5,1000550.4,0.00022200000000000003,2.5256,2130957.13,1203.66,200.0,denoising,low,,0.9541992187502119,0.3,2906,947,0.95419921875,0.1469349095758598,0.06297854474171706,0.018599492793502488,0.14693490957589328,35.529754854498364,False,[],0,0,0,0.2824611453721607,16.602962901109503,0
1954,M90,4,2884727.14,3.3e-05,0.3982,2641046.42,904.19,200.0,denoising,low,,2.751090183258148,0.3,1954,948,2.7510901832580568,0.46917359655522334,0.009361675569714697,0.0028702190739535957,0.4691735965552279,37.29058781400228,False,[],0,0,0,0.29912537257126937,18.860246125807098,0
1334,M88,4,1162992.57,1.8e-05,0.2692,1276476.48,1384.33,200.0,denoising,low,,1.109116144180318,0.3,1334,949,1.109116144180298,0.17471635409728964,0.005106368492571653,0.0019164368469056464,0.1747163540972881,36.141372310981986,False,[],0,0,0,0.27484539097152033,15.839078173839187,0
1729,M88,9,2302340.12,1.6e-05,2.7762,2263979.74,2207.12,200.0,signal_enhancement,low,,2.195682640075719,0.3,1729,950,2.1956826400756837,0.3695716724604463,0.004538994215619247,0.020452344158604936,0.36957167246044315,36.36471636508364,False,[],0,0,0,0.29033736281349093,17.77741862048561,0
1672,M94,2,1946795.67,3.5e-05,0.2368,3294078.28,671.04,200.0,signal_enhancement,medium,,1.8566090297699624,0.65,1672,951,1.8566090297698974,0.3087651810636785,0.009929049846667102,0.0016768822410424408,0.30876518106368206,31.434754257023442,False,[],0,0,0,0.28638915295902767,17.266374707876793,0
350,M94,0,3638802.98,2.8999999999999997e-05,1.2705,4180998.37,3425.02,200.0,denoising,low,,3.470232944488626,0.3,350,952,3.4702329444885254,0.5981383605319087,0.008226927015809883,0.009319709280573176,0.5981383605319122,37.61296216371044,False,[],0,0,0,0.3092496464352404,20.129468291603665,0
2745,M90,6,5725563.52,1.2e-05,1.7941,4394789.91,4782.53,200.0,signal_enhancement,low,,5.460322875976628,0.3,2745,953,5.460322875976562,0.9550236580597549,0.003404245661714435,0.01319103000989338,0.9550236580597441,38.92436373194222,False,[],0,0,0,0.3369806144072718,23.61151300250841,1
1220,M94,0,1293806.26,3.2e-05,1.1293,2488546.2,1014.73,200.0,denoising,low,,1.2338698005676665,0.3,1220,954,1.233869800567627,0.19708858214237499,0.009077988431238493,0.008275724393292785,0.19708858214237646,36.040082596770716,False,[],0,0,0,0.2773103446047005,16.134289613186045,0
349,M88,9,4120274.03,1.4999999999999999e-05,0.9540000000000001,3224314.03,3110.78,200.0,denoising,low,,3.929399518966734,0.3,349,955,3.9293995189666746,0.6804812722539669,0.0042553070771430435,0.006979615677002047,0.6804812722539612,38.01253661870581,False,[],0,0,0,0.31516190398343163,20.881408249928242,1
1518,M88,8,1658287.3,8e-06,1.8182,1790145.54,1847.4,200.0,signal_enhancement,low,,1.5814660072326787,0.3,1518,956,1.581466007232666,0.2594234413225562,0.0022694971078096233,0.013369217232155827,0.2594234413225514,36.13661724832555,False,[],0,0,0,0.2811396898141321,16.635085361166134,0
2547,M94,6,1779526.79,3.8e-05,0.0413,2917347.54,2058.62,200.0,signal_enhancement,high,5.0,1.6970889949799228,1.0,2547,957,1.6970889949798584,0.2801582552273535,0.010780111262095712,0.0002314215791209365,0.28015825522735754,26.113690373535785,True,[],0,0,0,0.28424527933274457,16.99562455499126,1
643,M94,3,1921403.97,9.499999999999999e-05,1.5376,2475469.19,2476.74,200.0,denoising,low,,1.832393617630179,0.3,643,958,1.8323936176300049,0.30442260114828595,0.026950278155239274,0.011294556046809668,0.3044226011483091,36.378853723188854,False,[],0,0,0,0.28893535537825354,17.529331018277166,0
2835,M93,6,1367697.05,1.4999999999999999e-05,1.1524,2755824.35,1525.32,200.0,signal_enhancement,low,,1.3043375492096145,0.3,2835,959,1.3043375492095948,0.2097256509714212,0.0042553070771430435,0.008446517954880443,0.20972565097141882,36.08550706523927,False,[],0,0,0,0.277501454280828,16.173852037102787,0
944,M93,4,2052490.82,2.8000000000000003e-05,2.4661,2900045.74,1959.8,200.0,signal_enhancement,low,,1.9574077796936584,0.3,944,960,1.9574077796936036,0.32684154599963827,0.007943239877333683,0.018159569983352466,0.32684154599963955,36.26257908449798,False,[],0,0,0,0.2874976744591178,17.411393777788387,0
1462,M88,2,1426731.65,2.8000000000000003e-05,2.1805,2371429.13,2074.04,200.0,signal_enhancement,low,,1.360637331008949,0.3,1462,961,1.360637331008911,0.2198219607211912,0.007943239877333683,0.016047940494632353,0.2198219607211919,35.89784962804579,False,[],0,0,0,0.278936107636842,16.341197925003918,0
657,M94,7,2168631.07,0.000145,0.9639,2568885.41,1286.14,200.0,signal_enhancement,low,,2.068167753219904,0.3,657,962,2.0681677532196043,0.34670426952814065,0.04113463507904942,0.00705281291768247,0.34670426952818545,36.67523269058209,False,[],0,0,0,0.2947292295256897,18.207466126704297,0
2702,M88,8,1850848.4,0.00011100000000000001,0.5214,2340553.11,1968.69,200.0,signal_enhancement,low,,1.7651065826417975,0.3,2702,963,1.7651065826416015,0.29235593364665835,0.03148927237085853,0.0037811180690877607,0.2923559336466858,36.555990192514,False,[],0,0,0,0.2887416509947786,17.490366239142038,0
2893,M93,1,1932474.13,3.9e-05,2.5889,2218405.68,2065.29,200.0,signal_enhancement,low,,1.8429509449005845,0.3,2893,964,1.8429509449005126,0.30631585975153747,0.011063798400571914,0.019067511514216717,0.3063158597515423,36.15323809357965,False,[],0,0,0,0.2863861145082202,17.262306968725667,0
1236,M88,6,1298697.24,4.2e-05,0.2346,1637057.7,2219.72,200.0,signal_enhancement,medium,,1.2385342025757355,0.65,1236,965,1.2385342025756836,0.1979250551439695,0.011914859816000522,0.0016606161875579021,0.19792505514397316,30.99188173494914,False,[],0,0,0,0.27785953058023766,16.193718028127705,0
2467,M88,7,1038749.34,4e-06,0.7894,1923877.82,1261.22,200.0,denoising,low,,0.9906285667419473,0.3,2467,966,0.9906285667419433,0.15346782976762666,0.0011347485539048117,0.005762619129931562,0.15346782976762272,35.94099274517256,False,[],0,0,0,0.27247033363557394,15.555103771646554,0
647,M94,7,1370159.23,0.000103,2.551,1821384.3,1599.87,200.0,denoising,low,,1.3066856670380984,0.3,647,967,1.3066856670379638,0.21014674185608354,0.0292197752630489,0.018787291774642164,0.21014674185610177,35.77696821418507,False,[],0,0,0,0.281779101143205,16.627423373295713,0
1125,M88,5,1619639.11,0.00011599999999999999,2.6691,897658.03,1408.67,200.0,denoising,low,2.0,1.5446082210542562,0.3,1125,968,1.5446082210540772,0.25281368877899757,0.03290770806323953,0.019660483100334896,0.2528136887790228,35.921440262105946,False,[1545],1,0,1,0.2858194054730705,17.120475632928287,0
1110,M88,0,1824866.59,5.1e-05,1.4494,1962707.24,1822.96,200.0,denoising,low,,1.7403283977509434,0.3,1110,969,1.7403283977508546,0.2879124309953374,0.014468044062286349,0.010642435175293162,0.2879124309953457,36.33237666872256,False,[],0,0,0,0.28549256197021566,17.13954910307453,0
2650,M88,1,1306352.98,2.3e-05,1.3388,1850973.12,2050.93,200.0,signal_enhancement,low,,1.2458352851867964,0.3,2650,970,1.2458352851867676,0.19923436735077202,0.006524804184952667,0.009824696304661354,0.19923436735077152,36.00219658026325,False,[],0,0,0,0.2770479660995037,16.10979014883687,0
1940,M88,0,1687324.54,5e-06,1.3092,2381055.83,2657.28,200.0,denoising,low,,1.6091580772399985,0.3,1940,971,1.6091580772399903,0.2643894946085683,0.0014184356923810147,0.009605843948687562,0.26438949460856265,36.269382659973644,False,[],0,0,0,0.28139229363639023,16.66942678854854,0
538,M94,8,1073560.33,1.7e-05,0.7244,1595349.38,1449.27,200.0,denoising,low,,1.0238269138336358,0.3,538,972,1.0238269138336182,0.15942133055760657,0.00482268135409545,0.005282031186070193,0.15942133055760493,35.97922438664832,False,[],0,0,0,0.2735735622748047,15.681021569949785,0
1048,M93,8,956138.91,1e-05,1.2706,2038379.48,2305.06,200.0,denoising,low,0.0,0.9118451213836761,0.3,1048,973,0.911845121383667,0.1393394967249416,0.0028368713847620295,0.009320448646640656,0.13933949672493892,35.77774452750055,False,[116],1,0,1,0.2716294278734049,15.444458652175133,0
2983,M88,1,2623942.96,3.7e-05,0.8086,2479589.36,1672.41,200.0,signal_enhancement,low,,2.502387008667085,0.3,2983,974,2.502387008666992,0.42457334756361853,0.010496424123619508,0.005904577414887536,0.4245733475636245,37.02115606780785,False,[],0,0,0,0.2957502599061048,18.434669109861336,0
2375,M93,5,1460557.63,7.5e-05,0.0967,1632107.44,2649.73,200.0,denoising,high,,1.392896299362287,1.0,2375,975,1.3928962993621825,0.2256070015560495,0.021276535385715216,0.0006410303805043192,0.225607001556062,25.88319709480907,True,[],0,0,0,0.2816655711400555,16.63904765250337,1
2209,M88,9,1028047.77,0.00022799999999999999,1.8325,1670410.69,2382.42,200.0,signal_enhancement,low,,0.9804227542879433,0.3,2209,976,0.9804227542877197,0.15163760875268212,0.06468066757257426,0.013474946579805327,0.1516376087527176,35.702302037616576,False,[],0,0,0,0.28312672218755214,16.680628103833158,0
2338,M94,8,1688082.42,0.000205,0.5492,2140481.52,1130.2,200.0,signal_enhancement,low,,1.609880847931238,0.3,2338,977,1.6098808479309081,0.2645191099736789,0.0581558633876216,0.0039866618358469314,0.2645191099737309,36.438476584819306,False,[],0,0,0,0.29104802557378995,17.691996640713977,0
2162,M93,2,2433796.74,2.8999999999999997e-05,1.2379,1341666.26,2135.78,200.0,denoising,low,,2.3210494422913275,0.3,2162,978,2.32104944229126,0.3920538567079523,0.008226927015809883,0.009078675942575012,0.39205385670795445,36.79585514855456,False,[],0,0,0,0.2927628861293239,18.068623253364102,0
801,M94,1,1350535.29,0.00016999999999999999,0.5997,1115452.85,1233.76,200.0,denoising,low,,1.2879708194734858,0.3,801,979,1.2879708194732666,0.2067905850133015,0.04822681354095449,0.004360041699923842,0.20679058501333494,36.196361089055486,False,[],0,0,0,0.2847418051030264,16.935988493870195,0
786,M90,6,1445937.19,1.4999999999999999e-05,2.4266,1487380.67,1420.58,200.0,denoising,low,,1.3789531612396448,0.3,786,980,1.378953161239624,0.22310656129020665,0.0042553070771430435,0.017867520386698248,0.22310656129020418,35.85640063355988,False,[],0,0,0,0.2785719271063309,16.30766114029064,0
2694,M88,0,1262945.92,7.900000000000001e-05,0.9238,2191317.66,1788.29,200.0,signal_enhancement,low,,1.2044390869141577,0.3,2694,981,1.2044390869140624,0.19181073573326543,0.02241128393962003,0.006756327124623379,0.191810735733277,36.06455312919436,False,[],0,0,0,0.2791547771283966,16.321510468245815,0
2040,M90,0,1483169.18,2.2e-05,86.4735,1901250.6,1146.33,200.0,signal_enhancement,low,,1.4144603538513494,0.3,2040,982,1.4144603538513183,0.2294741102130475,0.006241117046476464,0.6392817797547313,0.22947411021304673,17.239443048210248,False,[],0,0,0,0.2794189187149448,16.40708120896705,0
788,M90,8,1648509.06,5e-06,1.9975,1837444.02,1133.75,200.0,denoising,low,,1.5721407508850178,0.3,788,983,1.5721407508850098,0.257751131527155,0.0014184356923810147,0.014694900591145728,0.25775113152714946,36.09015750837425,False,[],0,0,0,0.28086122458987717,16.603043157734408,0
2183,M88,3,1616426.66,1.1e-05,0.3375,1810516.95,2173.76,200.0,signal_enhancement,low,1.0,1.541544589996355,0.3,2183,984,1.5415445899963378,0.252264284018812,0.003120558523238232,0.0024214238709938246,0.25226428401880824,36.43641441994543,False,[],0,0,0,0.2807116376704555,16.578812893606408,0
2468,M88,8,1620171.29,8e-06,3.1266,2655818.43,1897.65,200.0,denoising,low,,1.5451157474517947,0.3,2468,985,1.5451157474517823,0.2529047041178435,0.0022694971078096233,0.023043082859051458,0.25290470411783883,35.820326330699835,False,[],0,0,0,0.2806181908377551,16.569897989119006,0
2013,M90,3,1236335.88,0.000215,2.1586,1246861.28,1394.1,200.0,denoising,low,,1.1790617752077728,0.3,2013,986,1.1790617752075194,0.18725979092642722,0.06099273477238362,0.015886019325854445,0.18725979092646725,35.77245858393008,False,[],0,0,0,0.28534954818541935,16.970467135167176,0
714,M90,4,809067.87,5.6999999999999996e-05,3.0543,2582083.73,1895.78,200.0,signal_enhancement,low,,0.7715872478485548,0.3,714,987,0.7715872478485107,0.11418687817478933,0.016170166893143566,0.02250852119226412,0.11418687817479346,35.281491876931234,False,[],0,0,0,0.27188387862581753,15.432931785824477,0
803,M94,3,789541.46,0.000231,1.2127,1881235.36,678.47,200.0,denoising,low,,0.7529654121400664,0.3,803,988,0.7529654121398925,0.11084740126360491,0.06553172898800287,0.008892355693570296,0.11084740126363239,35.676618934247315,False,[],0,0,0,0.28000818602904887,16.288045134420102,0
2008,M90,8,1335378.23,1e-05,0.5147,1677944.9,1316.19,200.0,denoising,low,,1.2735159206390507,0.3,2008,989,1.273515920639038,0.2041983700638337,0.0028368713847620295,0.0037315805425666665,0.2041983700638302,36.20484606397834,False,[],0,0,0,0.2768181377405162,16.093047385564056,0
2761,M90,4,3590586.64,3.1e-05,1.1915,6782613.47,4222.77,200.0,denoising,low,,3.4242502593995208,0.3,2761,990,3.424250259399414,0.5898922285408352,0.008794301292762291,0.008735610087264744,0.5898922285408399,37.59750061154539,False,[],0,0,0,0.3086864095030364,20.057219708678073,0
123,M90,3,1868745.41,7.6e-05,1.3119,1882332.37,1943.7,200.0,denoising,low,,1.7821745014192028,0.3,123,991,1.7821745014190673,0.2954167447058462,0.021560222524191423,0.009625806832509496,0.2954167447058627,36.392892773848104,False,[],0,0,0,0.28729857740558024,17.342251452493908,0
1808,M88,8,1230956.6,2.8000000000000003e-05,0.2906,2867163.94,1375.99,200.0,denoising,low,,1.1739316940307947,0.3,1808,992,1.1739316940307618,0.18633980710150522,0.007943239877333683,0.002074661185346159,0.18633980710150572,36.18311939284564,False,[],0,0,0,0.27625753534726716,16.00637638880706,0
2286,M88,6,1613519.19,0.000169,0.3317,2119534.1,1399.02,200.0,denoising,low,,1.5387718105318762,0.3,2286,993,1.5387718105316162,0.25176703803580947,0.04794312640247829,0.0023785406390800404,0.2517670380358492,36.43571193297084,False,[],0,0,0,0.28829169453128606,17.380646655602703,0
2147,M90,7,854553.47,0.000212,0.8071,2731670.88,1684.57,200.0,denoising,low,,0.8149656963350117,0.3,2147,994,0.8149656963348388,0.1219659891834883,0.06014167335695502,0.005893486923875351,0.12196598918351534,35.81105934901769,False,[],0,0,0,0.2799813636053614,16.302210012260073,0
618,M90,8,1370757.56,9e-06,1.6179,2698787.79,2135.61,200.0,denoising,low,,1.3072562789917113,0.3,618,995,1.3072562789916993,0.21024907040599464,0.0025531842462858264,0.011888266998995327,0.21024907040599086,35.98434827165412,False,[],0,0,0,0.2772539669543481,16.148448020493092,0
406,M94,6,1531678.42,3.9e-05,0.2293,2172779.79,1342.04,200.0,signal_enhancement,medium,0.0,1.460722370147762,0.65,406,996,1.460722370147705,0.23777033501622963,0.011063798400571914,0.0016214297859815133,0.23777033501623332,31.15243844648547,False,[116],1,0,1,0.2809024725293956,16.57685172137259,0
1157,M94,7,1834576.77,9.2e-05,0.1949,2188191.88,1925.04,200.0,denoising,medium,,1.749588747024697,0.65,1157,997,1.7495887470245362,0.2895731009245996,0.02609921673981067,0.0013670878587687268,0.28957310092462074,31.367279767935337,False,[],0,0,0,0.28760271491973577,17.36551691056259,0
1068,M93,8,1747155.64,1.3000000000000001e-05,2.4243,2045723.07,1785.64,200.0,signal_enhancement,low,,1.6662174606323459,0.3,1068,998,1.6662174606323241,0.2746220246548372,0.0036879328001906382,0.017850514967146233,0.27462202465483376,36.062972649604966,False,[],0,0,0,0.2825967105484194,16.812603036951803,0
1133,M94,3,2502001.69,6.3e-05,2.9185,2129106.13,1273.1,200.0,signal_enhancement,low,,2.3860947513581827,0.3,1133,999,2.386094751358032,0.4037185127176073,0.017872289724000782,0.021504462072627597,0.403718512717624,36.4697401886916,False,[],0,0,0,0.29533577027048874,18.358886342208088,0
2905,M93,4,1916190.24,0.000182,2.9424,1108474.77,1496.32,200.0,denoising,low,,1.8274214172366607,0.3,2905,1000,1.8274214172363281,0.3035309302801566,0.05163105920266893,0.02168117056275509,0.3035309302802082,36.063688604237974,False,[],0,0,0,0.2930597544868662,17.96466836844961,0
497,M90,7,1540264.87,5.1e-05,0.1392,1616902.84,1679.31,200.0,signal_enhancement,high,,1.4689110469818867,1.0,497,1001,1.4689110469818116,0.2392388205967352,0.014468044062286349,0.000955260959182907,0.2392388205967421,25.928297453611453,True,[],0,0,0,0.2815986731383275,16.652812999088507,1
1061,M93,1,1442016.08,4.5e-05,2.0872,1386884.65,1514.52,200.0,denoising,low,,1.3752136993408823,0.3,1061,1002,1.3752136993408204,0.2224359589464469,0.012765921231429132,0.015358111953674421,0.22243595894645182,35.929000477175556,False,[],0,0,0,0.2799650833250587,16.454146171630192,0
325,M90,5,2914564.98,1e-05,1.1587,2697363.91,2658.89,200.0,denoising,low,,2.7795457649231237,0.3,325,1003,2.7795457649230957,0.47427657133448964,0.0028368713847620295,0.008493098017131622,0.4742765713344828,37.142313344824004,False,[],0,0,0,0.29842439384216873,18.793829398270613,0
342,M88,2,3861206.46,2.2e-05,0.7477,3051052.78,2290.89,200.0,denoising,low,,3.6823334312439773,0.3,342,1004,3.6823334312438964,0.6361746040824161,0.006241117046476464,0.005454303479792807,0.6361746040824152,37.88106931193588,False,[],0,0,0,0.31195495822449426,20.47408614766074,0
2356,M94,6,1698433.56,9e-06,0.7438,1927904.66,2664.29,200.0,signal_enhancement,low,0.0,1.6197524642944483,0.3,2356,1005,1.6197524642944336,0.2662893991888719,0.0025531842462858264,0.005425468203161124,0.26628939918886735,36.402393550660655,False,[116],1,0,1,0.2817371932569783,16.70885130832186,0
2266,M94,6,1570288.57,0.000109,2.2823,1390029.67,1650.27,200.0,denoising,low,,1.4975438785554611,0.3,2266,1006,1.497543878555298,0.2443735818220873,0.03092189809390612,0.01680061515132601,0.24437358182210986,35.973475872748566,False,[],0,0,0,0.284806609221731,17.000329983911183,0
782,M90,2,1527004.96,5e-06,1.9785,1893524.36,1634.27,200.0,signal_enhancement,low,0.0,1.4562654113769604,0.3,782,1007,1.456265411376953,0.23697106306786103,0.0014184356923810147,0.014554421038324711,0.23697106306785584,36.0112516211217,False,[116],1,0,1,0.27919881911313366,16.39524247314147,0
2367,M90,7,2258249.03,0.00029,0.0741,1778538.96,1089.51,200.0,denoising,high,,2.1536340999609513,1.0,2367,1008,2.153634099960327,0.3620310555706056,0.08226927015809885,0.00047393364925405845,0.36203105557070825,26.4339062128048,True,[],0,0,0,0.30294826037252526,19.101157418551836,1
299,M93,9,1639230.8,9e-06,1.6963,2127942.61,2425.72,200.0,denoising,low,,1.5632923126220846,0.3,299,1009,1.5632923126220704,0.25616433011071615,0.0025531842462858264,0.012467929995898887,0.2561643301107117,36.150619420565896,False,[],0,0,0,0.2809271877307259,16.607600617540307,0
1461,M88,1,1075471.84,9.499999999999999e-05,0.6639,1827421.35,1533.84,200.0,denoising,low,,1.0256498718262694,0.3,1461,1010,1.025649871826172,0.15974824387707995,0.026950278155239274,0.00483471471524538,0.15974824387709263,35.993951534050964,False,[],0,0,0,0.2773614067965571,16.082587445565107,0
2373,M93,3,1422486.54,5.5e-05,0.1223,1998490.94,1880.39,200.0,denoising,high,2.0,1.3565888786316664,1.0,2373,1011,1.3565888786315918,0.219095946731398,0.015602792616191161,0.0008303080937789512,0.21909594673140528,25.85147454411223,True,[1545],1,0,1,0.28018015048326433,16.471809734405422,1
303,M90,3,4260552.14,4e-06,0.38,3182723.64,2493.14,200.0,signal_enhancement,low,,4.063179149627701,0.3,303,1012,4.063179149627685,0.7044721394686564,0.0011347485539048117,0.0027356544496724123,0.7044721394686424,38.23581892438445,False,[],0,0,0,0.3165506784116563,21.06514686865685,1
1237,M88,7,1374936.75,2.7000000000000002e-05,0.3816,2603068.4,1658.33,200.0,denoising,low,,1.3112418651581166,0.3,1237,1013,1.311241865158081,0.2109638105201504,0.0076595527388574796,0.0027474843067520766,0.21096381052015084,36.26143071287804,False,[],0,0,0,0.2781792288072178,16.24751005450094,0
2571,M93,3,1707355.24,6.3e-05,3.5363,1516090.13,1063.92,200.0,signal_enhancement,low,,1.6282608413697315,0.3,2571,1014,1.628260841369629,0.2678152170104262,0.017872289724000782,0.02607226563751305,0.26781521701043737,35.78909289891631,False,[],0,0,0,0.28446350661391423,16.999853385136277,0
1656,M88,6,1842834.4,3.5e-05,1.541,1588385.01,2782.81,200.0,denoising,low,,1.7574638366699835,0.3,1656,1015,1.7574638366699218,0.29098535052532515,0.009929049846667102,0.011319694493103953,0.2909853505253285,36.32435056730818,False,[],0,0,0,0.28496676651595937,17.08857640249326,0
664,M93,4,1094379.67,6.4e-05,0.55,2681291.45,1336.68,200.0,denoising,low,,1.0436817836762142,0.3,664,1016,1.0436817836761474,0.16298192901047617,0.018155976862476986,0.003992576764386764,0.1629819290104833,36.0321504131103,False,[],0,0,0,0.27612507038745915,15.956626873629347,0
1690,M93,0,2305647.87,2e-06,2.0249,1359432.77,1782.38,200.0,signal_enhancement,low,,2.198837156295781,0.3,1690,1017,2.1988371562957765,0.370137375769604,0.0005673742769524058,0.014897486893634985,0.3701373757695953,36.533624896269366,False,[],0,0,0,0.2897074436886502,17.711586494681185,0
220,M90,0,1252141.99,2.1e-05,1.1998,2145821.55,1532.64,200.0,signal_enhancement,low,,1.1941356563568366,0.3,220,1018,1.1941356563568115,0.1899630087427407,0.005957429908000261,0.008796977470865502,0.18996300874273972,35.995942710845,False,[],0,0,0,0.27620980378377924,16.00686382577141,0
1626,M90,6,1762883.27,9.6e-05,0.9853,2548414.45,2990.92,200.0,denoising,low,,1.6812164974214259,0.3,1626,1019,1.6812164974212647,0.27731182053911146,0.02723396529371548,0.007211037256122982,0.27731182053913295,36.39291616447276,False,[],0,0,0,0.28681471974306055,17.263329580677993,0
1188,M93,8,1175594.83,0.000132,1.4880000000000002,1440649.28,1140.45,200.0,signal_enhancement,low,,1.1211345958711196,0.3,1188,1020,1.1211345958709718,0.17687163795636784,0.03744670227885879,0.01092783047734007,0.1768716379563892,35.87965163750527,False,[],0,0,0,0.2805156704239154,16.442757020583137,0
1455,M88,5,2192522.34,6e-06,1.5315,1274109.58,1033.55,200.0,signal_enhancement,low,,2.090952243804944,0.3,1455,1021,2.0909522438049315,0.3507902405050828,0.0017021228308572176,0.011249454716693447,0.35079024050507596,36.56567732051953,False,[],0,0,0,0.2883525801216524,17.53854061600626,0
449,M94,9,1220589.54,4.1e-05,0.1982,2289898.82,1448.23,200.0,denoising,medium,,1.164044895172167,0.65,449,1022,1.1640448951721192,0.18456679519061817,0.01163117267752432,0.001391486938995535,0.18456679519062139,30.94652257259261,False,[],0,0,0,0.2767426429704286,16.05502906010162,0
2002,M90,2,1718367.17,3.7e-05,0.3638,2914833.64,728.08,200.0,signal_enhancement,low,,1.6387626361847532,0.3,2002,1023,1.6387626361846923,0.26969851690951563,0.010496424123619508,0.002615877146740809,0.2696985169095193,36.50031775323584,False,[],0,0,0,0.28336027345377657,16.885920803320307,0
2616,M90,3,1183947.35,5.6999999999999996e-05,2.2716,1220156.48,1015.68,200.0,signal_enhancement,low,,1.1291001796723057,0.3,2616,1024,1.1291001796722413,0.17830011598639006,0.016170166893143566,0.01672150298210575,0.1783001159863964,35.711555374482394,False,[],0,0,0,0.2770129376507456,16.074064163940484,0
84,M90,4,1307657.01,1.9e-05,3.5945,2091189.48,1434.01,200.0,signal_enhancement,low,,1.2470789051056146,0.3,84,1025,1.2470789051055908,0.19945738725440468,0.005390055631047856,0.026502576688785844,0.19945738725440326,35.50275224835404,False,[],0,0,0,0.2768729004376305,16.091594873902906,0
941,M93,1,2474977.74,5.6000000000000006e-05,0.9475,2105990.79,1998.51,200.0,signal_enhancement,low,,2.3603227043153177,0.3,941,1026,2.3603227043151858,0.3990967795329613,0.015886479754667365,0.006931556882615909,0.3990967795329749,36.88844041165336,False,[],0,0,0,0.29462844392093035,18.276924430913624,0
961,M88,1,1777268.0,2e-06,0.7503,2392941.51,2184.71,200.0,denoising,low,,1.6949348449707065,0.3,961,1027,1.6949348449707031,0.27977194883246503,0.0005673742769524058,0.005473526997547261,0.27977194883245815,36.454881985403446,False,[],0,0,0,0.28247820953367914,16.807932225309795,0
841,M93,1,2013822.15,2.9999999999999997e-05,2.1819,922505.09,1830.63,200.0,signal_enhancement,low,,1.920530462265072,0.3,841,1028,1.9205304622650146,0.32022829089277477,0.008510614154286087,0.016058291619577062,0.3202282908927767,36.29916441498379,False,[],0,0,0,0.2870650676776506,17.355473963704895,0
1326,M94,6,782326.98,7.000000000000001e-06,0.1594,3552610.58,2330.65,200.0,signal_enhancement,medium,,0.7460851478576713,0.65,1326,1029,0.746085147857666,0.10961355493003916,0.0019858099693334207,0.001104612904813671,0.10961355493003644,30.655315832575745,False,[],0,0,0,0.2691066720891898,15.131880128748394,0
2378,M93,8,1786378.79,7e-05,0.1369,2630933.85,1767.29,200.0,denoising,high,,1.7036235713959933,1.0,2378,1030,1.703623571395874,0.2813301089268013,0.019858099693334203,0.0009382555396308894,0.2813301089268152,26.097172769518277,True,[],0,0,0,0.2858822856620109,17.17074688374803,1
2430,M88,0,1609753.57,2e-06,1.9714,1248201.01,1129.15,200.0,denoising,low,,1.5351806354522737,0.3,2430,1031,1.5351806354522706,0.2511230281514378,0.0005673742769524058,0.014501926047533701,0.2511230281514315,36.06943433117974,False,[],0,0,0,0.28018629587919697,16.52144301849952,0
1373,M93,3,508555.69,1.4999999999999999e-05,1.2337,1703245.94,1674.47,200.0,signal_enhancement,low,,0.4849965000152661,0.3,1373,1032,0.4849965000152588,0.06279220364733172,0.0042553070771430435,0.009047622567740894,0.0627922036473304,35.479740137557094,False,[],0,0,0,0.26574677849490086,14.704517563861891,0
290,M93,0,1962912.38,1.3000000000000001e-05,2.4647,1999771.19,1547.34,200.0,signal_enhancement,low,,1.8719791221618896,0.3,290,1033,1.8719791221618651,0.31152151880980056,0.0036879328001906382,0.01814921885840776,0.3115215188097968,36.20160950948697,False,[],0,0,0,0.2855486700808164,17.181597978501436,0
1867,M90,7,2273541.17,9.1e-05,2.0132,1362093.07,1017.68,200.0,denoising,low,,2.168217821121413,0.3,1867,1034,2.1682178211212157,0.3646463723878085,0.025815529601334465,0.014810981063739936,0.36464637238783454,36.51425605763904,False,[],0,0,0,0.2935603498232515,18.111143256702107,0
1554,M94,4,1832323.76,0.003214,2.6229,1740254.43,1685.78,200.0,denoising,low,,1.747440109258546,0.3,1554,1035,1.7474401092529297,0.2891877830461126,0.9117704630625161,0.019318895977159585,0.2891877830471121,36.077184252869664,False,[],0,0,0,0.4381360013643168,33.30374616558642,1
604,M93,4,2828213.98,2e-06,0.5433,1615801.95,3763.61,200.0,denoising,low,,2.697195034027105,0.3,604,1036,2.6971950340270996,0.45950851254858455,0.0005673742769524058,0.003943039237865669,0.459508512548574,37.219742873058365,False,[],0,0,0,0.2968571346309687,18.60529786247099,0
2032,M93,2,863889.58,1.1e-05,2.0567,1811956.16,1482.7,200.0,signal_enhancement,low,,0.8238693046569915,0.3,2032,1037,0.8238693046569824,0.1235626843151217,0.003120558523238232,0.015132605303093316,0.12356268431511935,35.54027257816769,False,[],0,0,0,0.2704155096941602,15.291796896569505,0
916,M94,6,3113737.87,2.4e-05,3.0292,1671109.81,2662.84,200.0,signal_enhancement,low,,2.969491834640574,0.3,916,1038,2.969491834640503,0.5083398357793554,0.00680849132342887,0.022322940309326883,0.5083398357793556,36.86367113383761,False,[],0,0,0,0.3018246303873313,19.20595120161527,0
2632,M94,1,1472859.97,0.000285,2.7305,2852592.43,1879.86,200.0,denoising,low,,1.4046287250522804,0.3,2632,1039,1.4046287250518799,0.22771099201735504,0.08085083446571782,0.02011445386576702,0.22771099201742057,35.80741035209641,False,[],0,0,0,0.2919615212205604,17.73242494055647,0
2337,M94,7,988439.86,0.00022999999999999998,1.4593,2043713.9,970.2,200.0,denoising,low,,0.9426497077944063,0.3,2337,1040,0.9426497077941894,0.1448637214408173,0.06524804184952666,0.010715632415973586,0.14486372144085172,35.75798591328406,False,[],0,0,0,0.2826812648296849,16.623101967699654,0
2098,M94,8,1335694.6,3.4e-05,0.7594,1920853.4,1677.86,200.0,signal_enhancement,low,,1.273817634582563,0.3,2098,1041,1.2738176345825196,0.20425247679980782,0.0096453627081909,0.005540809309687853,0.2042524767998098,36.1507856279086,False,[],0,0,0,0.27797990980437703,16.216141296745516,0
2437,M88,7,2177545.04,3e-06,1.1545,2922333.14,1227.15,200.0,denoising,low,,2.076668777465827,0.3,2437,1042,2.0766687774658203,0.34822876875774766,0.0008510614154286088,0.008462044642297502,0.3482287687577399,36.63905373576207,False,[],0,0,0,0.2880029819412427,17.49760679305519,0
821,M93,1,1580295.24,9e-05,1.1734,2353350.95,893.83,200.0,signal_enhancement,low,,1.5070869827271862,0.3,821,1043,1.5070869827270508,0.24608495853817802,0.025531842462858265,0.008601784829051039,0.2460849585381956,36.226286289281184,False,[],0,0,0,0.28402720990174013,16.92042274971323,0
2469,M94,0,1575520.27,1e-06,2.6081,1201287.22,1556.02,200.0,signal_enhancement,low,,1.5025332164764422,0.3,2469,1044,1.5025332164764404,0.2452683259842883,0.0002836871384762029,0.019209469799172686,0.24526832598428192,35.90478920996197,False,[],0,0,0,0.27966969289228405,16.457789628335455,0
1000,M93,0,946333.05,1.4000000000000001e-05,1.5213,1826416.51,1861.51,200.0,denoising,low,,0.9024935245514043,0.3,1000,1045,0.9024935245513916,0.13766246325773968,0.003971619938666841,0.011174039377810585,0.13766246325773765,35.71542867169664,False,[],0,0,0,0.2716881724501925,15.4481137914734,0
1703,M93,3,1785443.39,1.2e-05,1.6702,1110072.79,2274.43,200.0,denoising,low,2.0,1.702731504440328,0.3,1703,1046,1.7027315044403075,0.2811701334524196,0.003404245661714435,0.012274955452286861,0.28117013345241576,36.25643187024107,False,[1545],1,0,1,0.283072332438685,16.872977756435056,0
18,M93,8,1054165.92,0.00024700000000000004,2.5598,1501808.21,940.22,200.0,denoising,low,,1.0053309631350138,0.3,18,1047,1.0053309631347656,0.15610442876147282,0.07007072320362213,0.018852355988580316,0.15610442876151262,35.55884703538848,False,[],0,0,0,0.2844003772455336,16.822317305279928,0
1777,M90,7,2497323.39,4.4e-05,3.1062,2046380.89,887.4,200.0,denoising,low,,2.381633176803694,0.3,1777,1048,2.381633176803589,0.4029184130150202,0.012482234092952928,0.022892252181285738,0.40291841301502873,36.42490608662151,False,[],0,0,0,0.2943554528370036,18.253864343823356,0
1208,M93,8,1821936.43,8e-06,1.1665,1330386.58,1717.74,200.0,signal_enhancement,low,,1.7375339794159075,0.3,1208,1049,1.7375339794158935,0.28741130448687646,0.0022694971078096233,0.008550768570394987,0.28741130448687136,36.39312216083566,False,[],0,0,0,0.2833787188672777,16.914963992809337,0
2560,M94,1,783631.73,7.000000000000001e-06,3.6543,2567159.58,2405.49,200.0,denoising,low,,0.7473294544220024,0.3,2560,1050,0.747329454421997,0.109836697970663,0.0019858099693334207,0.026944717597138304,0.10983669797066029,35.1310052639685,False,[],0,0,0,0.2691245235324397,15.134111559154633,0
1936,M88,6,2574544.7,7.4e-05,1.7511,1441263.7,2473.9,200.0,signal_enhancement,low,,2.455277156830016,0.3,1936,1051,2.455277156829834,0.41612507936057025,0.020992848247239015,0.012873102600877397,0.4161250793605924,36.77830723941596,False,[],0,0,0,0.2968587905508763,18.539122062056006,0
1718,M93,8,2493689.39,4.6e-05,1.3976,1482579.15,1512.02,200.0,denoising,low,5.0,2.378167524337878,0.3,1718,1052,2.3781675243377687,0.4022969132567316,0.013049608369905335,0.010259443552339024,0.40229691325674094,36.801404346456756,False,[],0,0,0,0.2944021864834224,18.25786208322561,0
1427,M94,7,1971032.49,1e-05,2.7757,1850699.6,1721.14,200.0,signal_enhancement,low,,1.8797230625152777,0.3,1427,1053,1.8797230625152588,0.3129102492452097,0.0028368713847620295,0.020448647328267542,0.3129102492452049,36.13818157713281,False,[],0,0,0,0.2855150880750263,17.180166177377814,0
2241,M90,1,1138664.08,4.9e-05,1.9689,1414680.75,1309.39,200.0,denoising,low,0.0,1.085914688110405,0.3,2241,1054,1.0859146881103516,0.17055560818245016,0.013900669785333943,0.014483441895846726,0.1705556081824547,35.7477191758544,False,[116],1,0,1,0.27600756251810277,15.955768137960513,0
2310,M90,0,858466.01,4e-05,0.9412,2418699.83,1077.99,200.0,denoising,low,,0.8186969852447837,0.3,2310,1055,0.818696985244751,0.12263512585500577,0.011347485539048118,0.00688497682036473,0.12263512585500769,35.783991198809076,False,[],0,0,0,0.2717398826100386,15.430605998252924,0
1357,M90,7,1930485.69,2.9999999999999997e-05,1.3173,983473.54,1775.18,200.0,signal_enhancement,low,,1.841054620742853,0.3,1357,1056,1.8410546207427978,0.30597578958660315,0.008510614154286087,0.009665732600153363,0.305975789586605,36.43393118034181,False,[],0,0,0,0.2859248675731569,17.21294895064318,0
2057,M88,7,1597285.24,1.2e-05,0.6793,1475790.78,1560.98,200.0,signal_enhancement,low,,1.5232899093628112,0.3,2057,1057,1.523289909362793,0.24899064948295604,0.003404245661714435,0.00494857708963715,0.24899064948295255,36.347505285242704,False,[],0,0,0,0.28049797372112795,16.55118291674042,0
360,M93,0,1999995.7,2.5e-05,0.1769,1442215.38,702.17,200.0,denoising,medium,,1.9073445320129874,0.65,360,1058,1.9073445320129394,0.3178636416541976,0.007092178461905073,0.0012340019666225016,0.3178636416541979,31.48443450761811,False,[],0,0,0,0.28663476167085966,17.30629562885627,0
2270,M94,0,1507036.52,0.00043799999999999997,2.146,1950463.7,1388.41,200.0,signal_enhancement,low,,1.4372220230108836,0.3,2270,1059,1.437222023010254,0.23355598859526874,0.12425496665257686,0.015792859201352087,0.2335559885953752,35.96043817834051,False,[],0,0,0,0.2998078234185596,18.57214928569907,0
2084,M93,4,1714505.63,3.7e-05,1.2501,1847633.31,982.91,200.0,signal_enhancement,low,,1.6350799846649775,0.3,2084,1060,1.6350799846649169,0.2690381024415404,0.010496424123619508,0.009168878602807455,0.2690381024415441,36.301086051681935,False,[],0,0,0,0.2833074402963386,16.879316658640555,0
1564,M90,4,2025273.0,1e-05,2.2705,2655593.63,1280.09,200.0,signal_enhancement,low,,1.9314508438110545,0.3,1564,1061,1.9314508438110352,0.32218665646987965,0.0028368713847620295,0.016713369955363485,0.3221866564698747,36.28734552721861,False,[],0,0,0,0.2862572006529999,17.272930249624515,0
344,M88,4,4327543.62,1.9e-05,0.8475,1471676.21,2444.8,200.0,denoising,low,,4.127067203521808,0.3,344,1062,4.127067203521729,0.7159292634717923,0.005390055631047856,0.006192190815136879,0.7159292634717893,38.177951329433064,False,[],0,0,0,0.31819065053502155,21.256313636076783,1
986,M90,6,2573930.22,1.4999999999999999e-05,1.4959,2290427.8,1767.37,200.0,signal_enhancement,low,,2.4546911430359257,0.3,986,1063,2.454691143035889,0.41601998877953755,0.0042553070771430435,0.010986240396670911,0.4160199887795336,36.834492743218014,False,[],0,0,0,0.2940050013054773,18.23679541518395,0
1260,M88,0,3786919.1,1.6e-05,0.96,1956460.34,2440.42,200.0,signal_enhancement,low,,3.6114874839783293,0.3,1260,1064,3.6114874839782716,0.6234697124247667,0.004538994215619247,0.007023977641050788,0.6234697124247618,37.78315952046754,False,[],0,0,0,0.3106492060106366,20.316399020128813,0
1713,M93,3,1242574.81,4.4e-05,2.1112,2599954.9,2346.28,200.0,signal_enhancement,low,,1.1850116825104282,0.3,1713,1065,1.185011682510376,0.1883267951881167,0.012482234092952928,0.015535559809869388,0.18832679518812065,35.78724038645638,False,[],0,0,0,0.2771881234108513,16.10794816555432,0
1720,M88,0,1736523.36,2e-05,3.0597,1160847.6,2288.84,200.0,denoising,low,,1.6560777282715176,0.3,1720,1066,1.6560777282714845,0.2728036538650583,0.005673742769524059,0.02254844695990799,0.2728036538650569,35.91476120666299,False,[],0,0,0,0.28278882858002374,16.830163908502016,0
2646,M94,6,2678051.3,0.000151,0.9366,3276098.05,1046.71,200.0,signal_enhancement,low,,2.5539887428287544,0.3,2646,1067,2.553988742828369,0.433827150599226,0.042836757909906646,0.006850965981260695,0.43382715059928423,37.02977962295909,False,[],0,0,0,0.30198842089262223,19.10933314837058,0
2886,M93,3,2620877.61,9.7e-05,0.7452,2411043.62,2132.26,200.0,denoising,low,,2.4994636631014386,0.3,2886,1068,2.499463663101196,0.4240491003748266,0.027517652432191682,0.00543581932810583,0.4240491003748594,37.03312182165613,False,[],0,0,0,0.2986019289434587,18.735808747527717,0
1575,M88,5,1187097.02,0.000254,1.278,2811057.42,1758.84,200.0,signal_enhancement,low,,1.132103939056684,0.3,1575,1069,1.1321039390563965,0.1788387838850386,0.07205653317295554,0.009375161735634104,0.17883878388508495,35.93410028347113,False,[],0,0,0,0.28655671335020555,17.085405435963587,0
85,M90,5,1013269.33,2.7000000000000002e-05,3.3742,2325677.14,1553.3,200.0,denoising,low,,0.9663289356231951,0.3,85,1070,0.9663289356231689,0.149110146758218,0.0076595527388574796,0.02487375324212954,0.14911014675821813,35.35022798976898,False,[],0,0,0,0.2732309357062632,15.628973416881614,0
2063,M88,3,1479151.86,0.000246,1.9995,2192404.45,1379.73,200.0,denoising,low,,1.4106291389468804,0.3,2063,1071,1.4106291389465333,0.2287870536888406,0.06978703606514593,0.01470968791249531,0.2287870536888965,35.9738575773805,False,[],0,0,0,0.290166760426182,17.544037186061033,0
668,M93,8,429049.3,4.7e-05,0.3994,3066610.81,2066.64,200.0,denoising,low,,0.40917329788209933,0.3,668,1072,0.40917329788208007,0.049194734696478844,0.013333295508381537,0.002879091466763344,0.04919473469647997,35.61040619478302,False,[],0,0,0,0.2662022390121432,14.731946666115658,0
1014,M94,4,1458248.55,2.2e-05,0.7542,2062826.5,793.99,200.0,signal_enhancement,low,,1.390694189071686,0.3,1014,1073,1.3906941890716553,0.22521209438437398,0.006241117046476464,0.005502362274178944,0.2252120943843732,36.23577750931212,False,[],0,0,0,0.2790779574486509,16.364461050680315,0
128,M90,8,2473126.82,7.4e-05,1.1843,2789055.12,1899.1,200.0,signal_enhancement,low,,2.3585575294496373,0.3,128,1074,2.3585575294494627,0.39878022853334344,0.020992848247239015,0.008682375730406252,0.39878022853336453,36.83464964222119,False,[],0,0,0,0.2954712024846981,18.365673553783736,0
1873,M88,3,1548316.45,2.2e-05,1.5894,1554003.98,1345.44,200.0,signal_enhancement,low,,1.4765896320343341,0.3,1873,1075,1.4765896320343017,0.24061583078491386,0.006241117046476464,0.011677547669763805,0.24061583078491308,36.112136893046745,False,[],0,0,0,0.2803102563606941,16.518498414685716,0
1146,M88,6,1010616.06,2.5e-05,2.9012,3221046.05,1892.85,200.0,denoising,low,5.0,0.963798580169702,0.3,1146,1076,0.9637985801696778,0.14865637497404782,0.007092178461905073,0.021376551742953723,0.1486563749740476,35.45332894760758,False,[],0,0,0,0.27309818033644767,15.61422296205477,0
891,M94,1,1370512.75,1.9e-05,1.4663,1772166.17,1589.09,200.0,denoising,low,,1.3070228099823247,0.3,891,1077,1.3070228099822998,0.2102072021187556,0.005390055631047856,0.010767388040697119,0.21020720211875413,36.01780716725411,False,[],0,0,0,0.2777328856267786,16.199093022546418,0
2471,M94,2,1755389.14,1e-06,0.8882,1038486.04,2271.09,200.0,signal_enhancement,low,,1.6740695381164568,0.3,2471,1078,1.674069538116455,0.2760301474561221,0.0002836871384762029,0.006493112804600844,0.276030147456115,36.409327205686466,False,[],0,0,0,0.28213063861003074,16.765407843053794,0
307,M90,7,2499452.92,6e-06,0.545,4586946.33,2706.17,200.0,signal_enhancement,low,,2.3836640548706196,0.3,307,1079,2.3836640548706054,0.4032826128995188,0.0017021228308572176,0.003955608461012812,0.4032826128995112,36.99446219776769,False,[],0,0,0,0.29255196991320725,18.06346433995062,0
383,M90,3,1797770.5,0.000306,2.3775,2254937.22,2906.24,200.0,denoising,low,,1.714487552643347,0.3,383,1080,1.7144875526428223,0.2832783601682691,0.0868082643737181,0.017504491647566043,0.28327836016835567,36.107978691246096,False,[],0,0,0,0.2974196737569936,18.39533236040962,0
1833,M90,3,1655092.33,6.8e-05,0.1129,2513499.79,1142.86,200.0,signal_enhancement,high,,1.5784190464020849,1.0,1833,1081,1.5784190464019776,0.2588770260548789,0.0192907254163818,0.0007608076834359223,0.2588770260548911,26.01268387371644,True,[],0,0,0,0.2839895854051752,16.93600331804366,1
1127,M88,7,2327730.32,0.00024300000000000002,2.3795,1769506.79,1036.52,200.0,denoising,low,,2.2198966217046405,0.3,1127,1082,2.2198966217041014,0.3739139958404406,0.06893597464971732,0.017519278968915628,0.3739139958405277,36.4700776142943,False,[],0,0,0,0.3016322353576872,18.97998750209932,0
426,M93,6,2210678.15,1.3000000000000001e-05,0.1189,2204431.38,1770.29,200.0,signal_enhancement,high,,2.108266973495511,1.0,426,1083,2.1082669734954833,0.35389531247165784,0.0036879328001906382,0.0008051696474846641,0.3538953124716537,26.391426160462093,True,[],0,0,0,0.288938573573765,17.60533591512001,1
494,M90,4,1743963.28,3.2e-05,0.0155,1233269.83,980.45,200.0,denoising,high,2.0,1.6631729888916547,1.0,494,1084,1.6631729888916016,0.274076055758753,0.009077988431238493,4.0665133711346667e-05,0.27407605575875515,26.095084269023673,True,[1545],1,0,1,0.2834693424940108,16.904164349349823,1
1565,M90,5,1121261.17,1.6e-05,1.798,2117652.6,941.02,200.0,signal_enhancement,low,,1.069317979812639,0.3,1565,1085,1.069317979812622,0.16757929988346326,0.004538994215619247,0.013219865286525063,0.16757929988346137,35.7737212409381,False,[],0,0,0,0.2741779730073323,15.757494894715778,0
2791,M90,7,2225751.1,5.9999999999999995e-05,0.5697,851257.46,1057.01,200.0,denoising,low,,2.1226416587830865,0.3,2791,1086,2.122641658782959,0.3564731426262248,0.017021228308572174,0.004138231879680133,0.35647314262623847,36.801745614114495,False,[],0,0,0,0.29141146022255526,17.871113535816548,0
2611,M88,7,1739583.1,3.4e-05,0.0621,1372962.19,639.82,200.0,denoising,high,,1.6589957237244217,1.0,2611,1087,1.6589957237243653,0.2733269416114606,0.0096453627081909,0.0003852097211565748,0.27332694161146337,26.081751474811146,True,[],0,0,0,0.2835058669893093,16.90688594486204,1
1251,M88,1,1586920.03,1e-05,2.5963,1240303.05,1554.15,200.0,signal_enhancement,low,,1.5134048748016509,0.3,1251,1088,1.5134048748016358,0.24721795396572696,0.0028368713847620295,0.019122224603210163,0.2472179539657229,35.9152050777666,False,[],0,0,0,0.2802597044526677,16.523243224582988,0
1295,M94,5,887741.89,1.1e-05,0.5612,3745853.24,1208.72,200.0,denoising,low,0.0,0.8466166400909518,0.3,1295,1089,0.8466166400909424,0.12764199221265193,0.003120558523238232,0.0040753857639444155,0.12764199221264955,35.888306395932275,False,[116],1,0,1,0.27074185432596265,15.332589975544808,0
275,M94,5,781225.89,1.9e-05,2.1021,950307.45,1967.7,200.0,signal_enhancement,low,,0.7450350666046285,0.3,275,1090,0.7450350666046143,0.10942524255556091,0.005390055631047856,0.015468277497728795,0.10942524255555978,35.47365264529038,False,[],0,0,0,0.269670328861723,15.19127342691447,0
489,M88,9,776943.74,8e-05,1.5488,2606552.46,1816.5,200.0,denoising,low,,0.7409512901306744,0.3,489,1091,0.7409512901306152,0.1086928938516656,0.022694971078096236,0.011377365046367318,0.10869289385167255,35.593450624015645,False,[],0,0,0,0.27255357659140955,15.495438417922388,0
1957,M90,7,1317352.41,1.9e-05,0.7545,2046241.9,1940.3,200.0,denoising,low,,1.2563251590728999,0.3,1957,1092,1.256325159072876,0.20111552945487557,0.005390055631047856,0.00550458037238138,0.20111552945487415,36.13932470664806,False,[],0,0,0,0.2770055518136682,16.10817629590762,0
690,M90,0,1827773.58,1.8e-05,1.7459,1550429.88,963.89,200.0,signal_enhancement,low,,1.7431007194519357,0.3,690,1093,1.7431007194519044,0.28840959488701257,0.005106368492571653,0.012834655565368487,0.2884095948870105,36.268598712587,False,[],0,0,0,0.28394085023469817,16.976010581736418,0
2051,M88,1,937404.6,1.4999999999999999e-05,1.2143,2156702.43,1303.76,200.0,denoising,low,0.0,0.8939786911010877,0.3,2051,1094,0.8939786911010742,0.13613548760642105,0.0042553070771430435,0.008904185550649962,0.1361354876064192,35.777416383906186,False,[116],1,0,1,0.27161424121162797,15.437950403452785,0
2238,M88,8,1279555.9,0.0,1.1813,1074417.0,2373.24,200.0,denoising,low,7.0,1.220279598236084,0.3,2238,1095,1.220279598236084,0.1946514342900014,0.0,0.008660194748381882,0.19465143428999582,36.01879989470855,False,[571],1,0,1,0.2755721147432001,15.946514342900015,0
1242,M88,2,1459413.69,4e-06,3.6265,2039677.8,2403.29,200.0,denoising,low,,1.3918053531646783,0.3,1242,1096,1.3918053531646728,0.22541136082035976,0.0011347485539048117,0.026739173830379135,0.22541136082035448,35.599470228370066,False,[],0,0,0,0.2782258161197926,16.274539082173884,0
2673,M93,6,1796711.63,1.6e-05,3.3789,1594316.32,1402.07,200.0,signal_enhancement,low,,1.7134777355194364,0.3,2673,1097,1.713477735519409,0.28309726841013505,0.004538994215619247,0.024908503447301052,0.2830972684101324,35.88513397022151,False,[],0,0,0,0.28341941048946606,16.912674579982497,0
2079,M88,9,2049115.56,5.5e-05,0.8553,1735911.24,1717.02,200.0,denoising,low,,1.954188880920518,0.3,2079,1098,1.9541888809204102,0.3262642968873209,0.015602792616191161,0.006249861368400243,0.3262642968873317,36.617561346497276,False,[],0,0,0,0.28875361849573816,17.54349323596465,0
1058,M93,8,1085441.27,1e-05,1.5597,2804757.29,2722.3,200.0,signal_enhancement,low,,1.0351574611663923,0.3,1058,1099,1.0351574611663819,0.16145325167434885,0.0028368713847620295,0.011457955947722533,0.16145325167434588,35.80207432826572,False,[],0,0,0,0.27339852826935745,15.665596201669207,0
118,M93,8,1489446.39,4.4e-05,0.6779,291870.4,1381.5,200.0,signal_enhancement,low,,1.4204467678070691,0.3,118,1100,1.4204467678070067,0.23054766125810164,0.012482234092952928,0.004938225964692443,0.23054766125810647,36.27404386609164,False,[],0,0,0,0.2805657926964501,16.53015682625417,0
1995,M88,5,1494286.22,1.4999999999999999e-05,2.3208,1818207.46,2035.33,200.0,denoising,low,,1.4250623893738008,0.3,1995,1101,1.4250623893737793,0.23137538640261401,0.0042553070771430435,0.017085271087305436,0.2313753864026115,35.9129434129913,False,[],0,0,0,0.27923343311532345,16.390349391414716,0
2285,M88,5,1768240.34,0.000162,0.2832,1895739.14,1639.58,200.0,signal_enhancement,low,,1.6863253974917285,0.3,2285,1102,1.6863253974914552,0.27822800592990266,0.04595731643314487,0.0020199480963527107,0.27822800592994423,36.55231358082903,False,[],0,0,0,0.2900709842680268,17.609511755095635,0
281,M90,1,770280.48,1.4999999999999999e-05,2.1605,2096427.4,509.4,200.0,denoising,low,,0.7345967102050892,0.3,281,1103,0.7345967102050781,0.10755331914626821,0.0042553070771430435,0.01590006728113655,0.10755331914626656,35.45321125815098,False,[],0,0,0,0.26932766773481576,15.152128718851257,0
2807,M90,5,1815734.18,5.2000000000000004e-05,1.3673,1760184.12,1614.21,200.0,denoising,low,,1.7316190528870528,0.3,2807,1104,1.7316190528869628,0.2863505733707935,0.014751731200762553,0.010035415633892878,0.28635057337080205,36.34433982446639,False,[],0,0,0,0.28541584017379307,17.12903689532166,0
2335,M94,5,1895691.06,0.00045999999999999996,0.6788,2151053.48,1849.29,200.0,signal_enhancement,low,,1.8078718757637713,0.3,2335,1105,1.8078718757629395,0.30002508674270073,0.13049608369905333,0.004944880259299754,0.300025086742842,36.55175393919181,False,[],0,0,0,0.30618634116825516,19.349180374009965,0
2762,M90,5,4018008.7,2.2e-05,0.8463,5486858.89,2187.24,200.0,signal_enhancement,low,,3.83187170028695,0.3,2762,1106,3.8318717002868654,0.6629914874778788,0.006241117046476464,0.006183318422327131,0.662991487477878,37.9664663972417,False,[],0,0,0,0.31410030889613133,20.742254981615364,0
2945,M94,8,1560761.8,2.3e-05,1.6907,1538924.8,1276.13,200.0,denoising,low,,1.4884584426880227,0.3,2945,1107,1.4884584426879883,0.24274427933109358,0.006524804184952667,0.012426525496120062,0.2427442793310931,36.09818135244077,False,[],0,0,0,0.2805287590579294,16.544889268640084,0
1179,M93,9,1955148.27,3.1e-05,2.8048,1227166.65,1374.02,200.0,denoising,low,0.0,1.8645746898651703,0.3,1179,1108,1.8645746898651123,0.3101936727755887,0.008794301292762291,0.020663802853903943,0.3101936727755909,36.120860605485234,False,[116],1,0,1,0.28631052504181664,17.260234151025607,0
1602,M93,2,819309.19,3.6e-05,0.3743,1827387.14,2326.51,200.0,signal_enhancement,low,,0.7813541316986364,0.3,1602,1109,0.7813541316986083,0.1159383855783546,0.010212736985143306,0.0026935105838261073,0.11593838557835583,35.88294822479864,False,[],0,0,0,0.27101123613374273,15.343213121516126,0
2116,M93,6,1598320.17,1.9e-05,0.7240000000000001,882664.56,1851.62,200.0,denoising,low,,1.5242768955231003,0.3,2116,1110,1.5242768955230712,0.24916764693613316,0.005390055631047856,0.005279073721800277,0.24916764693613158,36.33829837609052,False,[],0,0,0,0.2808497212121688,16.58869747072019,0
304,M90,4,3527037.99,4e-06,0.3452,3887327.32,1485.26,200.0,signal_enhancement,low,2.0,3.3636455440521376,0.3,304,1111,3.3636455440521242,0.5790239097145922,0.0011347485539048117,0.00247835505818971,0.5790239097145805,37.74174498711268,False,[1545],1,0,1,0.3065148200313312,19.810664571116206,0
1844,M94,4,1691045.62,2.9999999999999997e-05,0.7311,1863833.42,2512.62,200.0,denoising,low,,1.6127067756653317,0.3,1844,1112,1.6127067756652833,0.26502588710184644,0.008510614154286087,0.005331568712591287,0.26502588710184793,36.40015648702965,False,[],0,0,0,0.28264887537437633,16.803449925795615,0
1356,M90,6,1504560.64,1.7e-05,1.6478,1944784.42,2614.91,200.0,denoising,low,,1.4348608398437743,0.3,1356,1113,1.43486083984375,0.23313255468730185,0.00482268135409545,0.012109337453171559,0.2331325546872998,36.06925009515406,False,[],0,0,0,0.27947046020518035,16.418133811246737,0
2436,M88,6,2506986.57,3e-06,2.3496,1933426.56,1320.94,200.0,denoising,low,,2.390848703384407,0.3,2436,1114,2.3908487033843993,0.4045710448351355,0.0008510614154286088,0.017298208514739396,0.40457104483512657,36.59933792389836,False,[],0,0,0,0.2925103640274337,18.06102955382907,0
575,M90,5,1066103.93,1.9e-05,2.3403,2175598.98,1383.0,200.0,signal_enhancement,low,,1.0167159366607859,0.3,575,1115,1.0167159366607665,0.1581461101950025,0.005390055631047856,0.017229447470463847,0.15814611019500122,35.615701016666094,False,[],0,0,0,0.2735679982728783,15.678482103308886,0
1871,M88,1,1347160.91,3.1e-05,1.8804,1113414.48,1542.67,200.0,signal_enhancement,low,0.0,1.2847527599335116,0.3,1871,1116,1.2847527599334716,0.20621348640175113,0.008794301292762291,0.013829102926127783,0.20621348640175247,35.90998085782317,False,[116],1,0,1,0.27799211013190966,16.22043228728723,0
2845,M88,7,1491732.38,2.1e-05,15.1061,2479087.91,1817.8,200.0,denoising,low,,1.4226268577575982,0.3,2845,1117,1.4226268577575683,0.23093861949487934,0.005957429908000261,0.1116154409127019,0.23093861949487834,33.075291250598454,False,[],0,0,0,0.2794878526439504,16.4166199332928,0
2623,M94,1,1048540.42,1.9e-05,0.9223,1333184.65,1334.22,200.0,denoising,low,0.0,0.9999660682678414,0.3,2623,1118,0.9999660682678223,0.15514233550603734,0.005390055631047856,0.006745236633611194,0.15514233550603607,35.91821224301581,False,[116],1,0,1,0.2733276962977611,15.648444356419235,0
1417,M94,7,2019635.56,4e-06,0.4668,1410327.15,968.79,200.0,signal_enhancement,low,,1.9260745620727617,0.3,1417,1119,1.926074562072754,0.3212225211926737,0.0011347485539048117,0.0033774241962442105,0.3212225211926667,36.683567358883366,False,[],0,0,0,0.2858907089495777,17.232650685897024,0
1795,M94,5,1412052.69,7.4e-05,1.0998,1097635.83,1561.19,200.0,signal_enhancement,low,,1.3466383838654559,0.3,1795,1120,1.3466383838653564,0.21731151215434255,0.020992848247239015,0.008057611403386473,0.21731151215435432,36.127517706515775,False,[],0,0,0,0.280953705174378,16.550986389993728,0
843,M93,3,940355.57,5.2000000000000004e-05,1.9799,2064406.78,2493.07,200.0,signal_enhancement,low,,0.8967929553986062,0.3,843,1121,0.8967929553985595,0.1366401731159744,0.014751731200762553,0.014564772163269419,0.13664017311597848,35.60961752756582,False,[],0,0,0,0.2734390081534076,15.63193289277347,0
2812,M88,1,1526928.02,6.500000000000001e-05,0.6783,2646329.66,1729.27,200.0,denoising,low,,1.4561920356751437,0.3,2812,1122,1.4561920356750488,0.23695790451216409,0.01843966400095319,0.00494118342896236,0.23695790451217458,36.29959611517978,False,[],0,0,0,0.2820913752411352,16.701492997138796,0
269,M94,9,1549650.92,2.8999999999999997e-05,2.6323,1970212.27,1953.4,200.0,signal_enhancement,low,,1.4778622817993594,0.3,269,1123,1.4778622817993163,0.24084405664689607,0.008226927015809883,0.019388396387502612,0.2408440566468972,35.881724334962506,False,[],0,0,0,0.2806661021244394,16.556525252753538,0
629,M88,9,2366314.1,1.9e-05,1.5357,3472662.8,2674.87,200.0,denoising,low,,2.256692981720014,0.3,629,1124,2.256692981719971,0.38051273275399616,0.005390055631047856,0.011280508091527567,0.3805127327539941,36.68363568827016,False,[],0,0,0,0.29135732807759784,17.90214832889882,0
1033,M94,3,1370101.27,4.4e-05,0.4861,1942738.04,2302.77,200.0,denoising,low,,1.3066303920746425,0.3,1033,1125,1.306630392074585,0.21013682932829314,0.012482234092952928,0.0035201218472676633,0.21013682932829753,36.234943661895144,False,[],0,0,0,0.27893292614206544,16.326048506956084,0
286,M90,6,1719550.85,2.4e-05,1.5525,2965389.69,1403.21,200.0,denoising,low,,1.6398914813995755,0.3,286,1126,1.6398914813995362,0.26990095412302445,0.00680849132342887,0.011404721590864043,0.2699009541230243,36.23746216876617,False,[],0,0,0,0.2827495198548249,16.821562385051962,0
2211,M94,1,1537551.79,4.6e-05,1.4086,2016040.06,1965.14,200.0,signal_enhancement,low,,1.4663236522675236,0.3,2211,1127,1.466323652267456,0.23877481989111668,0.013049608369905335,0.010340773819761718,0.23877481989112223,36.14487606497161,False,[],0,0,0,0.2813204190141732,16.62264114956946,0
300,M90,0,4568776.29,2e-06,0.4221,5212052.56,4281.69,200.0,signal_enhancement,low,,4.357124605178842,0.3,300,1128,4.357124605178833,0.7571857428598809,0.0005673742769524058,0.0030469275640810835,0.7571857428598646,38.43733514451709,False,[],0,0,0,0.32067131305587243,21.582070165583954,1
1510,M88,0,850669.63,6e-06,0.4855,534270.07,1932.35,200.0,signal_enhancement,low,,0.8112617778778125,0.3,1510,1129,0.8112617778778076,0.12130176088925837,0.0017021228308572176,0.003515685650862789,0.1213017608892553,35.87973647403115,False,[],0,0,0,0.2699935017523864,15.243655819848014,0
1811,M88,1,1001000.51,3.5e-05,1.5857,2289551.33,1408.46,200.0,denoising,low,,0.9546284770965912,0.3,1811,1130,0.9546284770965576,0.14701188900794657,0.009929049846667102,0.011650191125267082,0.14701188900794807,35.738541822273774,False,[],0,0,0,0.2734488895945691,15.648841787319473,0
65,M94,5,887674.47,2.8000000000000003e-05,1.4881,1595924.09,1516.49,200.0,denoising,low,,0.8465523433685539,0.3,65,1131,0.8465523433685302,0.1276304618016162,0.007943239877333683,0.010928569843407548,0.12763046180161636,35.68266475190424,False,[],0,0,0,0.271560787723276,15.419282935808168,0
2397,M93,7,1558589.5,8e-06,2.1627,2039560.69,1414.22,200.0,denoising,low,,1.486386775970471,0.3,2397,1132,1.486386775970459,0.24237276476727124,0.0022694971078096233,0.01591633333462109,0.24237276476726677,35.99200105903046,False,[],0,0,0,0.2797756356897093,16.464578595613286,0
890,M94,0,1290598.42,1.6e-05,1.4315,2034087.37,651.3,200.0,denoising,low,,1.230810565948506,0.3,890,1133,1.2308105659484863,0.19653996580098024,0.004538994215619247,0.010510088649214416,0.19653996580097816,35.97085720372749,False,[],0,0,0,0.2764948262807337,16.047101553890947,0
1767,M90,7,1784659.23,2.6000000000000002e-05,3.0823,2072332.17,851.76,200.0,denoising,low,,1.7019836711883987,0.3,1767,1134,1.7019836711883545,0.2810360235871308,0.0073758656003812765,0.02271554369115825,0.2810360235871312,35.942677783613775,False,[],0,0,0,0.28373677903903527,16.943125816678172,0
1731,M90,1,1605673.59,4.1e-05,1.1172,2929901.56,2242.84,200.0,signal_enhancement,low,,1.5312896633148823,0.3,1731,1135,1.5312896633148194,0.25042525528852577,0.01163117267752432,0.008186261099127824,0.2504252552885302,36.25611318818027,False,[],0,0,0,0.2820113197782612,16.713613661080696,0
1376,M93,6,1656023.33,1.6e-05,1.7225,2060188.55,1627.96,200.0,signal_enhancement,low,,1.5793069171905771,0.3,1376,1136,1.5793069171905518,0.25903624902542555,0.004538994215619247,0.012661643905578394,0.2590362490254231,36.15629567893435,False,[],0,0,0,0.2814945289386893,16.672064386135403,0
230,M90,0,1810350.94,4e-05,1.1506,2219763.92,1461.88,200.0,signal_enhancement,low,,1.7264851951599811,0.3,230,1137,1.726485195159912,0.28542991229242,0.011347485539048118,0.008433209365665821,0.28542991229242476,36.388723368199706,False,[],0,0,0,0.28476346552503173,17.058553862627065,0
503,M90,3,1265153.84,1.2e-05,1.3827,2063235.07,1466.33,200.0,denoising,low,,1.2065447235107567,0.3,503,1138,1.2065447235107423,0.1921883421576795,0.003404245661714435,0.01014927800828465,0.19218834215767655,35.96427502838218,False,[],0,0,0,0.2759537891351058,15.983159843487655,0
2459,M90,9,918004.88,4.1e-05,0.2011,2248082.38,1239.63,200.0,denoising,medium,,0.8754776763916375,0.65,2459,1139,0.8754776763916016,0.1328176776749773,0.01163117267752432,0.0014129285549524268,0.13281767767497957,30.738882854051337,False,[],0,0,0,0.2726027135691773,15.53753788494521,0
1350,M90,0,1865125.46,1.6e-05,2.5449,1411344.05,1491.73,200.0,signal_enhancement,low,,1.778722248077421,0.3,1350,1140,1.7787222480773925,0.2947976478291217,0.004538994215619247,0.018742190444525943,0.29479764782911905,36.11692487798071,False,[],0,0,0,0.284355440842985,17.029678374172363,0
1444,M90,4,2176918.56,0.000155,1.7035,1950311.35,1710.71,200.0,signal_enhancement,low,,2.0760713195804,0.3,1444,1141,2.076071319580078,0.34812162589352846,0.043971506463811455,0.012521164352757378,0.3481216258935772,36.51685157299139,False,[],0,0,0,0.29532488617033026,18.27270337528389,0
2551,M94,1,1376196.32,5.6000000000000006e-05,2.9446,1521411.39,1835.25,200.0,denoising,low,,1.3124430847168704,0.3,2551,1142,1.312443084716797,0.2111792267145774,0.015886479754667365,0.021697436616239626,0.2111792267145846,35.693793808371126,False,[],0,0,0,0.2795950396954596,16.397748902729788,0
1004,M93,4,2260026.19,9e-06,1.4955,1379935.8,1090.92,200.0,signal_enhancement,low,,2.155328931808491,0.3,1004,1143,2.1553289318084716,0.362334991869571,0.0025531842462858264,0.010983282932400995,0.3623349918695652,36.61984147950625,False,[],0,0,0,0.28942084067143425,17.669307235128855,0
836,M88,6,1435201.3,0.000123,1.0579,1744629.16,1353.43,200.0,denoising,low,,1.3687146186830297,0.3,836,1144,1.3687146186828614,0.22127047074534892,0.034893518032572964,0.007747817021112759,0.22127047074537295,36.152647372348014,False,[],0,0,0,0.2836335357251653,16.840788032039804,0
1588,M88,8,2070246.45,0.0004969999999999999,1.3655,1638942.35,1478.33,200.0,denoising,low,,1.974340867997197,0.3,1588,1145,1.9743408679962158,0.32987817774241807,0.14099250782267284,0.010022107044678255,0.32987817774258543,36.518849499629326,False,[],0,0,0,0.3103589805492478,19.836646918232294,0
374,M90,4,3226133.41,5.5e-05,0.2289,1646318.65,1485.21,200.0,signal_enhancement,medium,,3.076680574417284,0.65,374,1146,3.0766805744171144,0.5275621255269385,0.015602792616191161,0.0016184723217115972,0.527562125526956,32.3116943324564,False,[],0,0,0,0.30485744478690757,19.556471522360827,0
1352,M90,2,1555361.08,2.8000000000000003e-05,1.1217,2585076.06,1705.06,200.0,denoising,low,,1.4833079147339283,0.3,1352,1147,1.4833079147338868,0.2418206287602118,0.007943239877333683,0.00821953257216438,0.24182062876021262,36.220696537875924,False,[],0,0,0,0.2806960010799637,16.561184605394125,0
2110,M93,0,1850506.63,1.8e-05,0.9207,1062960.4,1806.75,200.0,signal_enhancement,low,,1.764780645370515,0.3,2110,1148,1.7647806453704833,0.292297482911273,0.005106368492571653,0.006733406776531529,0.29229748291127094,36.467187728349145,False,[],0,0,0,0.28425188127663903,17.01488946197902,0
1786,M88,6,1981697.37,3.3e-05,0.4186,2580055.73,1076.31,200.0,denoising,low,,1.8898938846588762,0.3,1786,1149,1.8898938846588136,0.3147341954043118,0.009361675569714697,0.003021049751719318,0.3147341954043148,36.668305289065664,False,[],0,0,0,0.2867702204791964,17.315852114297982,0
1803,M88,3,2860344.92,3.2e-05,0.2509,2636090.55,2420.35,200.0,denoising,low,,2.727837486267177,0.3,1803,1150,2.7278374862670898,0.4650036615424165,0.009077988431238493,0.0017811328565569841,0.46500366154242057,37.30658066047295,False,[],0,0,0,0.29874355095670385,18.81344040718646,0
2071,M88,1,2098949.97,6.1e-05,2.1486,1979396.2,1135.5,200.0,signal_enhancement,low,,2.0017146778107913,0.3,2071,1151,2.001714677810669,0.3347871570330158,0.017304915447048378,0.015812082719106543,0.334787157033029,36.36478614655887,False,[],0,0,0,0.2897248081886395,17.659360048377028,0
751,M88,1,3013268.26,2.4e-05,1.9616,1543229.52,1942.64,200.0,denoising,low,,2.873676548004219,0.3,751,1152,2.87367654800415,0.49115716150022765,0.00680849132342887,0.014429468172920755,0.49115716150022787,37.03174460081329,False,[],0,0,0,0.30045001644500113,19.034124458823996,0
99,M90,9,1291364.98,2.2e-05,2.3949,1725625.83,1193.86,200.0,denoising,low,,1.2315416145324978,0.3,99,1153,1.2315416145324707,0.19667106565092898,0.006241117046476464,0.017633141343307394,0.1966710656509282,35.75769002230449,False,[],0,0,0,0.2767946751499753,16.079050763345865,0
1723,M88,3,1626351.58,2.4e-05,1.7513,2451115.02,1450.74,200.0,denoising,low,,1.551009731292762,0.3,1723,1154,1.5510097312927247,0.2539616795556953,0.00680849132342887,0.012874581333012355,0.2539616795556951,36.129609278232415,False,[],0,0,0,0.2814743778894385,16.66216963937867,0
866,M88,6,2327848.58,0.00011399999999999999,1.6365,2247415.24,2427.76,200.0,signal_enhancement,low,,2.2200094032290125,0.3,866,1155,2.22000940322876,0.3739342210912428,0.03234033378628713,0.012025789087546429,0.37393422109127855,36.63496321173858,False,[],0,0,0,0.29541259443096823,18.321468219065597,0
910,M94,0,2600799.12,2.3e-05,1.849,1974438.17,2123.16,200.0,denoising,low,,2.480315322876034,0.3,910,1156,2.4803153228759767,0.42061520475517883,0.006524804184952667,0.013596941980939367,0.4206152047551785,36.774552559592536,False,[],0,0,0,0.2947584330918563,18.323598522880935,0
2009,M90,9,839773.45,2.2e-05,0.5928,1364315.6,880.89,200.0,signal_enhancement,low,,0.8008703708648858,0.3,2009,1157,0.8008703708648681,0.11943825697173796,0.006241117046476464,0.004309025441267789,0.11943825697173722,35.84848226464892,False,[],0,0,0,0.27061605045564,15.306722676553957,0
529,M93,9,1322488.52,9e-05,1.3984,2976672.62,1675.74,200.0,signal_enhancement,low,,1.2612233352662268,0.3,529,1158,1.2612233352661133,0.20199392547126074,0.025531842462858265,0.010265358480878858,0.20199392547127537,36.00001494745868,False,[],0,0,0,0.2804999272563868,16.479512419044056,0
636,M94,6,2361491.65,1.7e-05,0.7804,2975295.79,2969.29,200.0,denoising,low,,2.252093935012856,0.3,636,1159,2.2520939350128173,0.37968797999963205,0.00482268135409545,0.00569607618385845,0.3796879799996293,36.84786963448277,False,[],0,0,0,0.29119489423016676,17.88368806437004,0
185,M88,5,1377484.2,0.000152,1.8281,1993201.86,1289.99,200.0,denoising,low,,1.31367130279561,0.3,185,1160,1.3136713027954101,0.2113994845870883,0.04312044504838285,0.01344241447283625,0.21139948458711819,35.94232550416327,False,[],0,0,0,0.28424243442519215,16.890162856741775,0
1187,M93,7,1626058.25,0.000296,1.6036,1780876.47,908.67,200.0,denoising,low,,1.5507299900059521,0.3,1187,1161,1.5507299900054932,0.25391151320343913,0.08397139298895606,0.011782537651345827,0.25391151320351457,36.16216992327338,False,[],0,0,0,0.2945880578643977,18.0506002058356,0
1971,M93,1,1410528.66,2.9999999999999997e-05,17.5067,1980913.08,1061.07,200.0,signal_enhancement,low,,1.3451849555969642,0.3,1971,1162,1.3451849555969237,0.2170508670589588,0.008510614154286087,0.12936466272860347,0.21705086705895996,32.48726358637773,False,[],0,0,0,0.2788108737709453,16.323699725366737,0
931,M93,1,2063399.67,5.9e-05,2.1571,2228497.41,2084.24,200.0,denoising,low,,1.967811269760248,0.3,931,1163,1.9678112697601318,0.3287072167861563,0.01673754117009597,0.01587492883484226,0.32870721678616854,36.33858100209936,False,[],0,0,0,0.2891419593418088,17.58834790892329,0
1381,M88,1,1198928.55,5.5e-05,2.7836,1195845.94,1943.05,200.0,signal_enhancement,low,,1.1433873653412496,0.3,1381,1164,1.1433873653411866,0.18086225472576076,0.015602792616191161,0.020507057247598385,0.1808622547257668,35.608237301475086,False,[],0,0,0,0.2771214551228134,16.089472814349048,0
2295,M88,5,1123814.54,0.000484,3.8143,1714191.22,1833.34,200.0,denoising,low,0.0,1.071753063202423,0.3,2295,1165,1.0717530632019043,0.16801598641010648,0.13730457502248222,0.02812770330510475,0.16801598641019452,35.32823284648728,False,[116],1,0,1,0.2967830566666305,18.151642214505745,0
2382,M93,2,1587066.52,0.0,2.3114,817548.76,1646.8,200.0,denoising,low,,1.5135445785522461,0.3,2382,1166,1.5135445785522461,0.2472430072127252,0.0,0.017015770676962406,0.24724300721271847,35.97849890854203,False,[],0,0,0,0.279779440577018,16.472430072127253,0
2401,M93,1,1757195.36,9e-06,2.2781,1539124.38,3104.14,200.0,signal_enhancement,low,,1.6757920837402498,0.3,2401,1167,1.6757920837402345,0.2763390537008706,0.0025531842462858264,0.016769561776491887,0.276339053700866,36.102269361508725,False,[],0,0,0,0.28254116561793824,16.80934785344185,0
1999,M88,9,1502403.32,1.4000000000000001e-05,1.0845,2415329.55,1622.76,200.0,signal_enhancement,low,,1.4328034591675005,0.3,1999,1168,1.4328034591674805,0.2327636020569906,0.003971619938666841,0.00794448839506218,0.23276360205698776,36.19271975637609,False,[],0,0,0,0.2792962635541326,16.39912517946591,0
607,M93,7,1579269.39,2e-06,0.3771,3703492.86,3111.92,200.0,signal_enhancement,low,,1.5061086559295684,0.3,607,1169,1.5061086559295653,0.24590951397927863,0.0005673742769524058,0.0027142128337155204,0.24590951397927246,36.40221167090564,False,[],0,0,0,0.2797692147454242,16.46930787677793,0
2896,M93,4,1500632.18,4e-05,2.1249,2015558.93,856.27,200.0,signal_enhancement,low,,1.431114368438778,0.3,2896,1170,1.4311143684387206,0.2324606953200904,0.011347485539048118,0.01563685296111401,0.23246069532009425,35.96073719244694,False,[],0,0,0,0.2805259281672454,16.52886169290377,0
151,M93,1,1996444.1,8.1e-05,2.3115,2136702.1,1125.61,200.0,denoising,low,,1.9039574623109454,0.3,151,1171,1.903957462310791,0.31725623424045585,0.022978658216572436,0.017016510043029884,0.31725623424047517,36.258529635670925,False,[],0,0,0,0.28928687063605374,17.586178190302864,0
1283,M93,3,1182092.03,8e-06,3.6341,3231059.55,2076.39,200.0,signal_enhancement,low,,1.1273308086395355,0.3,1283,1172,1.1273308086395264,0.1779828124829371,0.0022694971078096233,0.02679536565150754,0.17798281248293352,35.408070280386525,False,[],0,0,0,0.2746244395069626,15.820679072769945,0
2262,M94,2,1004782.16,0.000379,3.4181,2626636.91,999.1,200.0,denoising,low,,0.9582349395755585,0.3,2262,1173,0.9582349395751953,0.1476586404006081,0.1075174254824809,0.025198334945752833,0.1476586404006687,35.33468451322985,False,[],0,0,0,0.2900906535640704,17.411900062690737,0
731,M88,1,2046868.32,5.5e-05,1.2172,2253067.73,1358.17,200.0,signal_enhancement,low,,1.952045745849717,0.3,731,1174,1.9520457458496094,0.3258799658149994,0.015602792616191161,0.008925627166606855,0.32587996581501016,36.535751048261794,False,[],0,0,0,0.28872287200995245,17.539649925241434,0
1337,M88,7,2412902.88,3.7e-05,0.2617,2746968.46,2432.77,200.0,denoising,low,,2.301123504638757,0.3,1337,1175,2.3011235046386718,0.3884805135764949,0.010496424123619508,0.0018609843918447192,0.3884805135765003,36.99809252255064,False,[],0,0,0,0.2928628331871349,18.0737407699901,0
1598,M88,8,1911791.49,0.00023500000000000002,1.8193,571796.61,1165.44,200.0,denoising,low,2.0,1.8232264423374644,0.3,1598,1176,1.8232264423370361,0.3027786402246332,0.06666647754190769,0.013377350258898095,0.302778640224702,36.30979405313159,False,[1545],1,0,1,0.295555592400095,18.22778299800067,0
2840,M88,2,1457319.34,2.2e-05,18.3569,2952948.94,1751.43,200.0,denoising,low,,1.3898080253601381,0.3,2840,1177,1.3898080253601075,0.22505317754606927,0.006241117046476464,0.1356507530343102,0.2250531775460685,32.33069011915497,False,[],0,0,0,0.2790652441015865,16.36287188229727,0
23,M93,3,1098897.63,0.00016,2.6639,1368214.54,928.55,200.0,denoising,low,,1.047990446090866,0.3,23,1178,1.0479904460906981,0.16375460678922069,0.04538994215619247,0.019622036064825987,0.16375460678924592,35.566357345212104,False,[],0,0,0,0.2808166587096904,16.454565026703673,0
2857,M90,1,1657090.38,6.2e-05,1.2241,2251686.4,2417.2,200.0,denoising,low,,1.5803245353699709,0.3,2857,1179,1.580324535369873,0.2592187397565983,0.017588602585524582,0.008976643425262908,0.25921873975660886,36.267575656268505,False,[],0,0,0,0.283727561620067,16.908782244105428,0
158,M93,8,2028461.23,0.00014199999999999998,2.0615,2387562.07,1250.84,200.0,signal_enhancement,low,,1.934491376877106,0.3,158,1180,1.934491376876831,0.32273191903850057,0.04028357366362081,0.01516809487433231,0.3227319190385415,36.335884829924034,False,[],0,0,0,0.29266676104589556,17.95242351633018,0
861,M88,1,1556809.0,0.00018,1.5508,1792131.07,1617.14,200.0,signal_enhancement,low,0.0,1.484688758850365,0.3,861,1181,1.4846887588500977,0.24206825724948566,0.05106368492571653,0.0113921523677169,0.24206825724952696,36.12650845796644,False,[116],1,0,1,0.28804628701733065,17.339828901157755,0
902,M88,2,2026085.49,2e-05,1.8072,2297485.95,1585.13,200.0,denoising,low,,1.9322256946564107,0.3,902,1182,1.932225694656372,0.32232561143372446,0.005673742769524059,0.013287886964733132,0.32232561143372296,36.3906658367929,False,[],0,0,0,0.28675058518551705,17.325383484188677,0
2655,M88,6,476099.4,3.3e-05,1.0384,2298395.66,1887.75,200.0,denoising,low,,0.45404376983644085,0.3,2655,1183,0.4540437698364258,0.057241412125607787,0.009361675569714697,0.007603640637954347,0.057241412125607974,35.5008564293638,False,[],0,0,0,0.2661707978169001,14.740924281510942,0
2937,M94,0,1484313.68,1.8e-05,0.9649,1506231.87,676.7,200.0,denoising,low,,1.4155518341064708,0.3,2937,1184,1.4155518341064453,0.22966984672195265,0.005106368492571653,0.00706020657835726,0.22966984672195087,36.20687318953709,False,[],0,0,0,0.2792416703814934,16.388613100085816,0
444,M94,4,1884313.93,7.099999999999999e-05,0.1943,1977827.94,1679.8,200.0,signal_enhancement,medium,,1.797021799087652,0.65,444,1185,1.7970217990875244,0.2980793290253045,0.020141786831810404,0.0013626516623638529,0.2980793290253195,31.401437766230302,False,[],0,0,0,0.2872704500834321,17.34334545322563,0
2938,M94,1,1512583.43,2.8999999999999997e-05,1.7858,2275119.59,741.27,200.0,denoising,low,,1.4425119686127128,0.3,2938,1186,1.4425119686126708,0.2345046411060691,0.008226927015809883,0.01312966262629262,0.23450464110607017,36.04412868563549,False,[],0,0,0,0.2801589488811732,16.49313109734527,0
754,M88,4,1537449.1,2.2e-05,1.6605,1958914.67,1277.48,200.0,denoising,low,,1.4662257194519366,0.3,754,1187,1.4662257194519044,0.23875725747774887,0.006241117046476464,0.012203236943741397,0.2387572574777481,36.08893192159875,False,[],0,0,0,0.2801615704961209,16.499912681614067,0
923,M93,3,1202683.93,9.300000000000001e-05,1.8585,1524013.91,1872.66,200.0,denoising,low,,1.146968774795639,0.3,923,1188,1.1469687747955322,0.18150451332848003,0.026382903878286873,0.013667181757349876,0.1815045133284939,35.81600260059343,False,[],0,0,0,0.27900545472558713,16.289937403093965,0
2970,M90,6,3524767.77,3e-06,1.4022,2817152.54,2334.33,200.0,denoising,low,,3.361480493545543,0.3,2970,1189,3.3614804935455322,0.5786356485199687,0.0008510614154286088,0.010293454391443059,0.5786356485199564,37.505738962336586,False,[],0,0,0,0.3064355323222203,19.8016755906774,0
2102,M88,2,1115387.24,3.6e-05,0.2827,1857136.57,1705.59,200.0,denoising,low,,1.063716163635292,0.3,2102,1190,1.063716163635254,0.16657471923536088,0.010212736985143306,0.002016251266015316,0.16657471923536277,36.10581133896098,False,[],0,0,0,0.27506214282630326,15.849576458086188,0
311,M90,1,2300241.25,4e-06,0.8294,3390861.1,3930.42,200.0,signal_enhancement,low,,2.193681001663217,0.3,311,1191,2.193681001663208,0.36921271615948886,0.0011347485539048117,0.006058365556923175,0.36921271615948104,36.79509989793026,False,[],0,0,0,0.2897299245469229,17.712552635565174,0
548,M88,8,1463104.01,5.7999999999999994e-05,1.6873,2586283.12,1437.31,200.0,denoising,low,,1.395324716568074,0.3,548,1192,1.3953247165679932,0.22604249262773665,0.016453854031619766,0.012401387049825775,0.22604249262774487,36.03212835901618,False,[],0,0,0,0.28088055459559425,16.55659429884652,0
1945,M88,5,1438072.16,5e-06,2.0538,1871678.5,1596.17,200.0,signal_enhancement,low,,1.3714524841308664,0.3,1945,1193,1.3714524841308593,0.2217614555543969,0.0014184356923810147,0.015111163687136423,0.221761455554392,35.9337109116035,False,[],0,0,0,0.2779820505120565,16.24314639800683,0
1456,M88,6,1803755.31,3e-06,1.7532,1694274.49,2455.26,200.0,signal_enhancement,low,,1.720195112228399,0.3,1456,1194,1.7201951122283936,0.2843019039130141,0.0008510614154286088,0.012888629288294456,0.28430190391300747,36.25054873700323,False,[],0,0,0,0.28288883275366394,16.858338144607856,0
306,M90,6,2455726.6,5e-06,0.2792,4558540.99,3100.59,200.0,signal_enhancement,low,,2.3419633865356566,0.3,306,1195,2.3419633865356446,0.39580438028783754,0.0014184356923810147,0.0019903734536535498,0.3958043802878296,37.02350631754174,False,[],0,0,0,0.2919054844907318,17.983575645341233,0
287,M90,7,1826338.74,1.7e-05,1.704,1736638.21,1467.23,200.0,signal_enhancement,low,0.0,1.7417323493957817,0.3,287,1196,1.741732349395752,0.28816420338641185,0.00482268135409545,0.012524861183094774,0.2881642033864095,36.276910978052804,False,[116],1,0,1,0.28387299210110917,16.968450298237837,0
694,M90,4,1656258.48,2.5e-05,2.3407,907494.59,1767.52,200.0,denoising,low,,1.5795311737060942,0.3,694,1197,1.5795311737060547,0.2590764652246995,0.007092178461905073,0.017232404934733762,0.25907646522469957,36.019333712856785,False,[],0,0,0,0.2819317875564998,16.718423864561288,0
308,M90,8,2717822.77,5e-06,0.2404,1076234.18,3072.83,200.0,signal_enhancement,medium,,2.591917772293104,0.65,308,1198,2.591917772293091,0.44062901053092185,0.0014184356923810147,0.0017034994194716857,0.44062901053091313,31.961411059539536,False,[],0,0,0,0.2954914549101785,18.431821947772075,0
2320,M93,0,1593517.93,4.2e-05,1.1459,1981821.54,1376.05,200.0,signal_enhancement,low,,1.5196971225739162,0.3,2320,1199,1.5196971225738525,0.24834635056870227,0.011914859816000522,0.008398459160494304,0.24834635056870694,36.24143162745998,False,[],0,0,0,0.28189323421421625,16.69793098237503,0
749,M88,9,894264.81,2.3e-05,1.1728,2291292.48,790.71,200.0,denoising,low,,0.8528373813629347,0.3,749,1200,0.8528373813629151,0.1287575654661841,0.006524804184952667,0.008597348632646166,0.12875756546618353,35.75710980288535,False,[],0,0,0,0.27140982194873664,15.40502212999099,0
2815,M88,4,1890504.36,3.7e-05,1.2355,2275326.46,1915.47,200.0,signal_enhancement,low,,1.802925453186102,0.3,2815,1201,1.8029254531860353,0.2991380386424488,0.010496424123619508,0.009060931156955518,0.2991380386424529,36.424724219861126,False,[],0,0,0,0.2857154351924112,17.18031602064964,0
1239,M88,9,1921322.15,2.2e-05,0.3394,1543669.94,1799.14,200.0,denoising,low,,1.8323155879974766,0.3,1239,1202,1.8323155879974364,0.3044086079974265,0.006241117046476464,0.0024354718262759255,0.3044086079974257,36.64457027720143,False,[],0,0,0,0.2854136785376951,17.15642618681084,0
908,M88,8,1102466.37,8e-06,1.9311,2163076.37,2522.28,200.0,signal_enhancement,low,,1.0513938617706384,0.3,908,1203,1.05139386177063,0.16436494554744718,0.0022694971078096233,0.014203961522339652,0.1643649455474438,35.7313409365196,False,[],0,0,0,0.2735350101521234,15.684500403415045,0
1880,M94,0,1297373.17,3.9e-05,0.1295,2228994.8,1395.4,200.0,denoising,high,,1.237271471023608,1.0,1880,1204,1.2372714710235595,0.19769860792741548,0.011063798400571914,0.0008835424506374413,0.19769860792741853,25.76428815819054,True,[],0,0,0,0.2776967343622904,16.176134450484447,1
2380,M93,0,1582360.38,7.6e-05,0.9849,2776402.81,1750.07,200.0,denoising,low,,1.5090564537049485,0.3,2380,1205,1.5090564537048339,0.24643814621314558,0.021560222524191423,0.007208079791853067,0.2464381462131594,36.26951019109699,False,[],0,0,0,0.2833802895261642,16.8524654675669,0
1406,M93,6,1740664.62,1.3000000000000001e-05,1.4596,1600998.09,1873.71,200.0,signal_enhancement,low,,1.6600271415710668,0.3,1406,1206,1.660027141571045,0.273511907054109,0.0036879328001906382,0.010717850514176024,0.27351190705410555,36.272512112791155,False,[],0,0,0,0.2825079011403611,16.80150186094452,0
2494,M93,7,2142080.61,5e-06,0.1769,3054777.66,1009.19,200.0,denoising,medium,,2.042847261428843,0.65,2494,1207,2.042847261428833,0.34216351430732306,0.0014184356923810147,0.0012340019666225016,0.342163514307316,31.581633998230615,False,[],0,0,0,0.28761421521229064,17.44716698553609,0
970,M90,0,1436934.6,3.1e-05,1.6171,1941248.71,2580.38,200.0,signal_enhancement,low,,1.370367622375531,0.3,970,1208,1.3703676223754884,0.22156690594926792,0.008794301292762291,0.011882352070455496,0.2215669059492694,36.02979706168341,False,[],0,0,0,0.279220383695711,16.3739664827624,0
13,M93,3,1608973.11,0.000263,3.0827,1920035.75,1665.27,200.0,signal_enhancement,low,,1.5344363307956916,0.3,13,1209,1.5344363307952882,0.25098955107346477,0.07460971741924137,0.022718501155428165,0.25098955107353027,35.82240316963101,False,[],0,0,0,0.2927628160471482,17.852870424280994,0
873,M88,3,1050422.9,4e-05,2.3871,1688366.22,735.27,200.0,signal_enhancement,low,,1.0017613410950106,0.3,873,1210,1.0017613410949706,0.15546428401043555,0.011347485539048118,0.017575470790044033,0.15546428401043802,35.59459301234042,False,[],0,0,0,0.274366215262473,15.758897579807222,0
808,M94,8,1137262.15,0.000168,2.5147,2009020.34,1276.36,200.0,signal_enhancement,low,,1.0845777034761344,0.3,808,1211,1.084577703475952,0.17031584506848824,0.04765943926400209,0.018518901892147274,0.1703158450685159,35.62569632350954,False,[],0,0,0,0.2817273722803594,16.56102835743692,0
2578,M93,1,1156823.97,9e-05,1.5803,3130199.49,1834.22,200.0,signal_enhancement,low,,1.1032333087922135,0.3,2578,1212,1.1032333087921142,0.1736613779253086,0.025531842462858265,0.011610265357623214,0.1736613779253213,35.846337550972535,False,[],0,0,0,0.27823332345271057,16.196186943584536,0
514,M90,4,1212009.24,1.3000000000000001e-05,1.9435,2418561.71,1771.3,200.0,signal_enhancement,low,3.0,1.1558620834350737,0.3,514,1213,1.1558620834350586,0.18309936140524566,0.0036879328001906382,0.01429564291470705,0.18309936140524305,35.803528158179766,False,[],0,0,0,0.275274897488452,15.897376404455887,0
2413,M88,3,890898.92,2.6000000000000002e-05,2.8893,2279329.41,1602.72,200.0,signal_enhancement,low,,0.8496274185180885,0.3,2413,1214,0.8496274185180664,0.12818191884498817,0.0073758656003812765,0.021288567180923722,0.12818191884498803,35.37407065995224,False,[],0,0,0,0.27150845065966384,15.414584769256745,0
409,M94,9,1004879.54,7.2e-05,0.2371,3764735.72,1948.07,200.0,denoising,medium,,0.9583278083801959,0.65,409,1215,0.958327808380127,0.14767529467866594,0.02042547397028661,0.0016791003392448778,0.14767529467867377,30.790328168537318,False,[],0,0,0,0.27528635414924196,15.844411478251818,0
2833,M93,4,2042460.45,1.2e-05,1.0709,2826296.74,1964.76,200.0,signal_enhancement,low,,1.947842073440575,0.3,2833,1216,1.9478420734405517,0.3251261160242543,0.003404245661714435,0.007843934609885032,0.32512611602425,36.56518642580046,False,[],0,0,0,0.2865888110444318,17.312537582153404,0
2259,M94,9,2656541.9,2.5e-05,1.7188,2245453.72,1770.68,200.0,signal_enhancement,low,,2.533475780487124,0.3,2259,1217,2.5334757804870605,0.43014853560172117,0.007092178461905073,0.01263428736108167,0.43014853560172167,36.84156552157444,False,[],0,0,0,0.2956175531866615,18.429144568331502,0
2823,M94,3,1979554.46,1.6e-05,0.1257,1226794.66,1367.78,200.0,signal_enhancement,high,,1.8878502464294735,1.0,2823,1218,1.8878502464294433,0.3143677072240602,0.004538994215619247,0.0008554465400732381,0.3143677072240574,26.23180743269405,True,[],0,0,0,0.2859210455945801,17.22537896812175,1
1225,M94,5,1704016.68,4e-05,3.1263,1114855.84,1792.37,200.0,denoising,low,,1.6250769424439127,0.3,1225,1219,1.6250769424438476,0.2672442444641873,0.011347485539048118,0.023040864760849024,0.2672442444641918,35.87775103503128,False,[],0,0,0,0.28330861209877317,16.87669718434474,0
1655,M88,5,782830.49,5.9999999999999995e-05,1.8212,1808508.06,2421.41,200.0,signal_enhancement,low,,0.7465653324127645,0.3,1655,1220,0.7465653324127197,0.1096996670223055,0.017021228308572174,0.013391398214180197,0.10969966702230985,35.53705672166382,False,[],0,0,0,0.2716695821742417,15.403378779777354,0
1610,M94,0,1772904.99,3.6e-05,1.1142,2339103.05,1789.39,200.0,denoising,low,,1.6907739543915403,0.3,1610,1221,1.6907739543914795,0.2790257711603652,0.010212736985143306,0.008164080117103453,0.27902577116036864,36.37118068112836,False,[],0,0,0,0.2840582269803036,16.97408697733623,0
382,M90,2,1737262.83,0.00021400000000000002,2.3042,1493506.4,785.38,200.0,signal_enhancement,low,,1.656782941818592,0.3,382,1222,1.6567829418182374,0.27293012068571365,0.06070904763390743,0.016962536320103912,0.27293012068576994,36.08284439313974,False,[],0,0,0,0.29215494775262135,17.82206406426747,0
2106,M88,6,2096985.44,3.2e-05,0.4035,783881.33,1532.42,200.0,denoising,low,,1.9998411560059233,0.3,2106,1223,1.9998411560058593,0.3344511760423304,0.009077988431238493,0.0029094054755299846,0.33445117604233315,36.75052253990342,False,[],0,0,0,0.288299352116697,17.507915552185597,0
2187,M88,7,1713743.89,1.4999999999999999e-05,0.2542,1250467.85,2402.45,200.0,denoising,low,,1.6343535327911622,0.3,2187,1224,1.6343535327911376,0.26890782692533827,0.0042553070771430435,0.0018055319367837918,0.26890782692533544,36.52146534959784,False,[],0,0,0,0.28223602835714134,16.765673796641956,0
1621,M90,1,1775620.65,4.1e-05,0.3765,2595626.05,216.19,200.0,signal_enhancement,low,,1.6933638095856407,0.3,1621,1225,1.6933638095855712,0.2794902131068688,0.01163117267752432,0.002709776637310646,0.2794902131068738,36.53666755330815,False,[],0,0,0,0.28433651640372865,17.004263239264127,0
2831,M93,2,2020258.85,1.6e-05,0.9971,1330794.65,1898.5,200.0,denoising,low,,1.9266689777374577,0.3,2831,1226,1.9266689777374268,0.32132911849161255,0.004538994215619247,0.0072982824520855085,0.32132911849160967,36.56636800040389,False,[],0,0,0,0.28647795849598423,17.294993080797273,0
552,M93,2,1413451.91,2.8000000000000003e-05,0.1719,1762213.44,1341.79,200.0,denoising,medium,,1.347972784042396,0.65,552,1227,1.3479727840423583,0.2175508117943515,0.007943239877333683,0.00119703366324855,0.2175508117943522,31.084292237279953,False,[],0,0,0,0.2787544157226948,16.318486435735522,0
222,M90,2,1345662.91,2.3e-05,1.7282,2604129.83,1850.94,200.0,signal_enhancement,low,,1.2833241558075246,0.3,222,1228,1.283324155807495,0.20595729305064595,0.006524804184952667,0.012703787771424698,0.2059572930506454,35.94271553905985,False,[],0,0,0,0.2775858001554936,16.17701940583561,0
1096,M93,6,2199558.21,1.6e-05,0.2948,697599.12,1073.2,200.0,signal_enhancement,low,,2.0976621723175386,0.3,1096,1229,2.097662172317505,0.35199354031365465,0.004538994215619247,0.0021057145601802783,0.3519935403136516,36.84480272444922,False,[],0,0,0,0.2889311122417476,17.601637299017693,0
2754,M90,6,3381239.06,1e-06,0.7515,3407768.89,3694.89,200.0,denoising,low,,3.224600849151615,0.3,2754,1230,3.2246008491516114,0.5540888519947967,0.0002836871384762029,0.0054823993903570095,0.5540888519947837,37.551883426268475,False,[],0,0,0,0.3043753349731247,19.54599488844054,0
8,M93,8,1498209.68,4e-05,1.8892,1996381.44,1338.41,200.0,denoising,low,,1.4288040924072836,0.3,8,1231,1.4288040924072265,0.23204639065183114,0.011347485539048118,0.013894167140065937,0.23204639065183497,36.01136054840535,False,[],0,1,0,0.2804927837937847,16.524718646221178,0
1476,M88,6,1382393.91,2.2e-05,1.1898,981204.37,993.08,200.0,signal_enhancement,low,,1.318353567123442,0.3,1476,1232,1.318353567123413,0.21223916086068959,0.006241117046476464,0.0087230408641176,0.21223916086068884,36.087265417519234,False,[],0,0,0,0.27804012276675616,16.234731715443473,0
316,M90,6,4005503.06,2e-06,1.0359,1157646.26,3341.16,200.0,signal_enhancement,low,,3.81994539260865,0.3,316,1233,3.8199453926086426,0.6608527279189234,0.0005673742769524058,0.007585156486267373,0.6608527279189087,37.91585621708767,False,[],0,0,0,0.3129646718605958,20.618740016174378,0
427,M93,7,1685475.19,2.1e-05,0.0533,1343100.34,1655.19,200.0,denoising,high,,1.6073943996429783,1.0,427,1234,1.6073943996429443,0.2640732121160006,0.005957429908000261,0.00032014550721842013,0.2640732121159996,26.046688483247458,True,[],0,0,0,0.2821386200536401,16.74796585950401,1
1985,M94,5,1224186.76,3.1e-05,0.1177,1665613.89,692.04,200.0,denoising,high,,1.1674754714966182,1.0,1985,1235,1.167475471496582,0.1851820047009404,0.008794301292762291,0.0007962972546749157,0.1851820047009415,25.71683910116351,True,[],0,0,0,0.2763095915958448,16.010117470279123,1
105,M88,5,1926266.05,0.000717,1.3077,2389325.2,1375.99,200.0,signal_enhancement,low,2.0,1.8370304584516346,0.3,105,1236,1.8370304584503174,0.3052541315678731,0.2034036782874375,0.009594753457675378,0.30525413156810133,36.43317392254123,False,[1545],1,0,1,0.3189989558342942,20.713807524852605,0
2015,M90,5,1838118.72,3.7e-05,1.9513,1466556.78,868.78,200.0,signal_enhancement,low,,1.7529666137695963,0.3,2015,1237,1.7529666137695312,0.2901788579606123,0.010496424123619508,0.014353313467970415,0.2901788579606163,36.230116027803334,False,[],0,0,0,0.28499870073786426,17.090724213831276,0
142,M93,2,1514873.39,1.9e-05,1.4539,1558928.54,954.85,200.0,denoising,low,,1.444695844650296,0.3,142,1238,1.4446958446502685,0.2348962783065343,0.005390055631047856,0.010675706648329718,0.23489627830653279,36.119313913776246,False,[],0,0,0,0.2797080117218009,16.445983784424204,0
121,M90,1,1119929.56,5.1e-05,1.422,1789424.31,1561.42,200.0,denoising,low,,1.068048057556207,0.3,121,1239,1.0680480575561524,0.16735156314897384,0.014468044062286349,0.010439848872803907,0.16735156314897867,35.85621078641178,False,[],0,0,0,0.2758476925425066,15.933940424610894,0
2371,M93,1,1774864.7,9.6e-05,0.1328,1901308.82,1435.61,200.0,denoising,high,,1.6926428794862463,1.0,2371,1240,1.692642879486084,0.27936092781730404,0.02723396529371548,0.0009079415308642493,0.2793609278173257,26.09020546534329,True,[],0,0,0,0.28697864832531594,17.28382065345992,1
2865,M90,0,1421110.46,4.8e-05,2.9328,2069515.76,1674.72,200.0,denoising,low,,1.3552765464783365,0.3,2865,1241,1.3552765464782714,0.21886060457746687,0.01361698264685774,0.0216101914202771,0.21886060457747242,35.72713667570155,False,[],0,0,0,0.2798237354161632,16.433711733418107,0
1189,M93,9,1981254.91,0.00023199999999999997,1.1828,1604732.11,1050.82,200.0,denoising,low,,1.8894719219212146,0.3,1189,1242,1.8894719219207763,0.31465852430275637,0.06581541612647906,0.008671285239394068,0.31465852430282676,36.498495540029204,False,[],0,0,0,0.2963613026857219,18.331262733304186,0
2961,M90,6,2195201.91,1e-05,0.8844,3050952.62,2669.13,200.0,denoising,low,,2.0935076808929654,0.3,2961,1243,2.0935076808929445,0.3512485102099033,0.0028368713847620295,0.00646501689403664,0.35124851020989795,36.711043534018515,False,[],0,0,0,0.2885821489522018,17.56354878702475,0
2600,M94,5,1161339.04,6e-06,2.4369,1528002.35,1781.73,200.0,denoising,low,4.0,1.1075392150878973,0.3,2600,1244,1.1075392150878907,0.1744335614458524,0.0017021228308572176,0.017943675091648587,0.17443356144584848,35.659423993033954,False,[],0,0,0,0.2742440457969139,15.774973825413955,0
1657,M88,7,2408856.49,5.4000000000000005e-05,1.215,1891610.63,1010.15,200.0,signal_enhancement,low,,2.297264566421633,0.3,1657,1245,2.297264566421509,0.3877884853962689,0.015319105477714959,0.008909361113122316,0.3877884853962813,36.78387310819141,False,[],0,0,0,0.29362732676291303,18.15362875256156,0
115,M93,5,1115150.25,5.1e-05,1.2819999999999998,1721686.82,1962.51,200.0,denoising,low,,1.0634901523590632,0.3,115,1246,1.0634901523590088,0.16653418835266498,0.014468044062286349,0.009404736378333264,0.1665341883526698,35.883994662060665,False,[],0,0,0,0.2757823025588019,15.925766676647804,0
1405,M93,5,2148406.06,1.3000000000000001e-05,1.8304,1012476.78,1434.17,200.0,signal_enhancement,low,,2.0488796806335716,0.3,1405,1247,2.048879680633545,0.34324531553078663,0.0036879328001906382,0.013459419892388268,0.3432453155307825,36.4691986653515,False,[],0,0,0,0.28808657381849534,17.498835945711296,0
1511,M88,1,1748337.73,6e-06,0.9537,993076.18,1422.9,200.0,denoising,low,,1.6673447895050149,0.3,1511,1248,1.6673447895050049,0.27482418994082386,0.0017021228308572176,0.006977397578799609,0.27482418994081825,36.38997483239931,False,[],0,0,0,0.28227529607651164,16.77888011036367,0
2492,M93,5,1893335.72,4e-06,0.16399999999999998,2450936.1,1558.51,200.0,denoising,medium,4.0,1.8056256484985425,0.65,2492,1249,1.8056256484985351,0.2996222680193415,0.0011347485539048117,0.0011386237439177066,0.2996222680193349,31.41433035975983,False,[],0,0,0,0.2841626886957111,17.0166481541637,0
2797,M90,4,1762443.1,6.3e-05,2.0664,1320218.26,1794.32,200.0,denoising,low,,1.6807967185975181,0.3,2797,1250,1.6807967185974122,0.27723654108159745,0.017872289724000782,0.01520432381163878,0.27723654108160906,36.15281644997723,False,[],0,0,0,0.2852172125396079,17.09406662584799,0
2948,M90,2,2362606.1,3e-06,0.9085,3441737.46,1900.01,200.0,denoising,low,,2.2531567573547435,0.3,2948,1251,2.2531567573547364,0.3798785772493913,0.0008510614154286088,0.006643204116299087,0.3798785772493828,36.820218185508594,False,[],0,0,0,0.29053496662057415,17.81410487797163,0
1596,M88,6,1292837.69,0.000182,2.0477,709988.54,2285.97,200.0,denoising,low,,1.2329461002352098,0.3,1596,1252,1.2329461002349853,0.1969229338152188,0.05163105920266893,0.015066062357020201,0.19692293381525341,35.83570986455027,False,[],0,0,0,0.2845311147696712,16.89858840380023,0
2889,M93,6,1541934.02,0.0001,1.4005,2021622.37,1325.95,200.0,signal_enhancement,low,,1.470502872467188,0.3,2889,1253,1.470502872467041,0.23952428463678677,0.028368713847620294,0.010280885168295917,0.23952428463680653,36.14967058349826,False,[],0,0,0,0.2839846241250384,16.905879695625032,0
672,M88,2,2462717.37,3.6e-05,0.1872,1765678.24,1084.85,200.0,signal_enhancement,medium,,2.3486303043366323,0.65,672,1254,2.348630304336548,0.3969999669321003,0.010212736985143306,0.0013101566715728416,0.3969999669321054,31.79869516758122,False,[],0,0,0,0.29349616264204237,18.153828935053582,0
1431,M94,1,873297.3,6e-06,2.8743,1463140.28,2335.02,200.0,signal_enhancement,low,,0.8328412055969289,0.3,1431,1255,0.8328412055969239,0.1251716264466701,0.0017021228308572176,0.021177662270801867,0.125171626446667,35.36535663766262,False,[],0,0,0,0.27030309099697936,15.282354475422132,0
2172,M90,2,1671455.32,1e-05,1.5559,2097104.65,1831.86,200.0,signal_enhancement,low,,1.594024009704606,0.3,2172,1256,1.59402400970459,0.2616754834929303,0.0028368713847620295,0.01142986003715833,0.2616754834929261,36.20380613285697,False,[],0,0,0,0.281416306814844,16.667818519855018,0
591,M90,1,1559361.07,0.000136,2.5273,2225010.39,1876.56,200.0,denoising,low,,1.4871226024629707,0.3,591,1257,1.4871226024627686,0.24250472144545032,0.0385814508327636,0.01861206201664963,0.2425047214454799,35.91165702528231,False,[],0,0,0,0.28595922435720583,17.119513329444246,0
1402,M93,2,2433790.4,1.6e-05,1.7211,859554.35,985.54,200.0,denoising,low,,2.321043395996131,0.3,1402,1258,2.3210433959960937,0.39205277241833547,0.004538994215619247,0.012651292780633688,0.39205277241833214,36.68867230625433,False,[],0,0,0,0.29213585081012206,18.0022296200645,0
888,M88,8,2372111.1,3.4e-05,2.0882,2289412.66,1888.93,200.0,denoising,low,,2.2622214317322547,0.3,888,1259,2.262221431732178,0.3815041565566376,0.0096453627081909,0.01536550561434921,0.3815041565566416,36.56505145779607,False,[],0,0,0,0.2921600441849234,17.988658094313813,0
1754,M90,4,1181376.96,3.5e-05,1.1451,2092712.21,2211.57,200.0,signal_enhancement,low,,1.1266488647461332,0.3,1754,1260,1.1266488647460937,0.1778605186380941,0.009929049846667102,0.008392544231954473,0.177860518638096,35.95966574759374,False,[],0,0,0,0.27591677996498093,15.957328083620949,0
1366,M90,6,1686518.25,9e-06,2.0873,2908217.43,1897.32,200.0,denoising,low,,1.6083891391754297,0.3,1366,1261,1.608389139175415,0.26425159999103653,0.0025531842462858264,0.015358851319741898,0.26425159999103204,36.096240860371886,False,[],0,0,0,0.2815741693211515,16.68847331634351,0
2396,M93,6,1618666.54,2.6000000000000002e-05,2.4208,1717482.74,1203.91,200.0,signal_enhancement,low,,1.5436807060242101,0.3,2396,1262,1.54368070602417,0.2526473563574459,0.0073758656003812765,0.017824637154784464,0.25264735635744623,35.97585031078626,False,[],0,0,0,0.28146568566066044,16.65923914438132,0
213,M90,3,1228172.96,2.1e-05,2.4135,2576918.36,1577.37,200.0,signal_enhancement,low,,1.1712770080566652,0.3,213,1263,1.1712770080566406,0.1858637389707505,0.005957429908000261,0.017770663431858496,0.18586373897074956,35.71033505292725,False,[],0,0,0,0.27588186220202005,15.96587112805151,0
2007,M90,7,656649.46,2.7000000000000002e-05,0.5091,2328637.86,1660.81,200.0,denoising,low,,0.6262297248840502,0.3,2007,1264,0.6262297248840332,0.0881197331627549,0.0076595527388574796,0.0036901760427878404,0.08811973316275475,35.74177365136738,False,[],0,0,0,0.2683517026186261,15.019069280926983,0
2148,M90,8,1140151.54,0.000123,1.2821,2992183.18,2305.72,200.0,denoising,low,2.0,1.087333240509167,0.3,2148,1265,1.0873332405090332,0.1708099989448233,0.034893518032572964,0.009405475744400744,0.17080999894484222,35.90107572344727,False,[1545],1,0,1,0.27959669798112324,16.336183314034546,0
800,M94,0,1092889.49,0.000245,2.9374,2017414.53,1877.93,200.0,signal_enhancement,low,,1.0422606372835805,0.3,800,1266,1.0422606372833252,0.16272707306391415,0.0695033489266697,0.021644202259381132,0.16272707306395506,35.50158222447423,False,[],0,0,0,0.284833735162647,16.878331011319197,0
2480,M90,2,1511603.76,0.0001,0.1338,1287712.1,1352.35,200.0,denoising,high,,1.4415776824952613,1.0,2480,1267,1.4415776824951172,0.23433709441696549,0.028368713847620294,0.0009153351915390396,0.2343370944169849,25.909888321921688,True,[],0,0,0,0.2835696489074527,16.85400779342682,1
2439,M88,9,2561153.41,3e-06,1.6729,2362324.63,507.63,200.0,denoising,low,,2.442506227493294,0.3,2439,1268,2.4425062274932863,0.4138348527512768,0.0008510614154286088,0.012294918336108795,0.4138348527512677,36.78649186092185,False,[],0,0,0,0.293251468660725,18.153667632990484,0
2283,M88,3,1099521.87,4.8e-05,0.2051,327390.2,870.82,200.0,signal_enhancement,medium,,1.048585767746022,0.65,2283,1269,1.0485857677459718,0.16386136656057848,0.01361698264685774,0.0014425031976515882,0.1638613665605826,30.862170370312768,False,[],0,0,0,0.27542379637481207,15.883719353249225,0
2662,M90,4,1505748.15,2.2e-05,0.2618,2042717.95,935.98,200.0,denoising,low,,1.435993337631257,0.3,2662,1270,1.4359933376312255,0.23333564692119432,0.006241117046476464,0.001861723757912198,0.23333564692119355,36.37749087494741,False,[],0,0,0,0.27972784165159653,16.44569657604852,0
2711,M90,8,1525185.84,1.1e-05,1.5392,2025746.75,1632.17,200.0,signal_enhancement,low,,1.4545305633545085,0.3,2711,1271,1.4545305633544923,0.23665995061868716,0.003120558523238232,0.01130638590388933,0.23665995061868356,36.10744822535807,False,[],0,0,0,0.27946329099844547,16.42276955960516,0
273,M94,3,1530986.72,5e-06,2.7784,2635180.45,1701.44,200.0,signal_enhancement,low,,1.4600627136230544,0.3,273,1272,1.4600627136230468,0.2376520379928922,0.0014184356923810147,0.020468610212089476,0.237652037992887,35.83654984560889,False,[],0,0,0,0.27925329710713614,16.40205222239178,0
71,M90,1,1823072.0,5.4000000000000005e-05,0.1979,2064010.25,1655.23,200.0,signal_enhancement,medium,0.0,1.7386169433594687,0.65,71,1273,1.738616943359375,0.28760551375504373,0.015319105477714959,0.0013892688407930978,0.2876055137550529,31.358743989796384,False,[116],1,0,1,0.2856126890316151,17.151799036149306,0
1789,M88,9,1855786.59,1e-05,0.1386,1184038.3,1808.08,200.0,denoising,high,,1.7698160076141536,1.0,1789,1274,1.7698160076141358,0.2932004806723555,0.0028368713847620295,0.000950824762778033,0.2932004806723509,26.144277179806082,True,[],0,0,0,0.283938306589198,16.98306849164927,1
1087,M90,7,1828797.72,6e-06,1.5627,2135051.64,1388.87,200.0,denoising,low,,1.744077415466319,0.3,1087,1275,1.7440774154663086,0.28858474699555786,0.0017021228308572176,0.011480136929746903,0.28858474699555203,36.30993488008982,False,[],0,0,0,0.28337614064089034,16.91648568091101,0
394,M90,4,1734467.65,0.000152,1.7998,1767364.49,2238.43,200.0,signal_enhancement,low,,1.6541172504427564,0.3,394,1276,1.6541172504425048,0.272452078942628,0.04312044504838285,0.013233173875739685,0.2724520789426658,36.19281309949832,False,[],0,0,0,0.2891266419736353,17.500688800297173,0
583,M90,3,1265937.55,2.3e-05,1.2592,1542687.05,1225.86,200.0,denoising,low,2.0,1.207292127609281,0.3,583,1277,1.207292127609253,0.1923223750623488,0.006524804184952667,0.009236160914948048,0.1923223750623483,35.99220467280095,False,[1545],1,0,1,0.27649500671642985,16.040670225952635,0
2080,M93,0,1257907.48,4.1e-05,0.7129,3721208.75,2378.85,200.0,signal_enhancement,low,,1.1996340560913579,0.3,2080,1278,1.1996340560913086,0.19094904359178178,0.01163117267752432,0.005197004088310104,0.19094904359178513,36.10788605171783,False,[],0,0,0,0.2772532228425217,16.118851544113255,0
1980,M94,0,1047834.2,3.1e-05,0.204,1903301.29,1378.04,200.0,signal_enhancement,medium,,0.9992925643921209,0.65,1980,1279,0.9992925643920898,0.15502155522004432,0.008794301292762291,0.0014343701709093187,0.1550215552200452,30.827055115752895,False,[],0,0,0,0.27389675563737315,15.708512975470164,0
500,M90,0,1619082.09,4.9e-05,1.9821,2111593.72,1268.85,200.0,signal_enhancement,low,,1.5440770053864283,0.3,500,1280,1.5440770053863526,0.25271842521395577,0.013900669785333943,0.014581038216753956,0.2527184252139625,36.07344255435321,False,[],0,0,0,0.28258058788062324,16.77739630827557,0
2014,M90,4,1445660.87,0.00022999999999999998,2.843,1951039.12,963.58,200.0,signal_enhancement,low,,1.3786896419528318,0.3,2014,1281,1.3786896419525148,0.2230593040493673,0.06524804184952666,0.02094624069168093,0.22305930404941796,35.763849995447046,False,[],0,0,0,0.2889369114383689,17.405057793785154,0
2223,M93,3,2092408.08,1e-06,0.2701,2028717.88,961.34,200.0,denoising,low,,1.9954758453369164,0.3,2223,1282,1.9954758453369141,0.33366833946181307,0.0002836871384762029,0.0019230911415129579,0.3336683394618048,36.77698062360186,False,[],0,0,0,0.286741693970486,17.341789763110704,0
2979,M93,6,2976268.55,2e-06,0.8203,1901871.41,2986.46,200.0,denoising,low,,2.8383908748626765,0.3,2979,1283,2.8383908748626707,0.484829337938932,0.0005673742769524058,0.005991083244782583,0.484829337938921,37.259584854412246,False,[],0,0,0,0.29888280066219647,18.858506116374464,0
2740,M90,1,3451750.83,7.000000000000001e-06,0.6798,5724214.0,5218.5,200.0,signal_enhancement,low,,3.2918461132049797,0.3,2740,1284,3.291846113204956,0.5661480286627938,0.0019858099693334207,0.0049522739199745446,0.5661480286627842,37.61602389705194,False,[],0,0,0,0.3056294299878102,19.697224866075942,0
2318,M90,8,929696.01,4.7e-05,0.8411,1503697.1,1193.04,200.0,denoising,low,,0.8866272068024099,0.3,2318,1285,0.8866272068023682,0.1348171368024183,0.013333295508381537,0.00614487138681822,0.13481713680242155,35.85492240560512,False,[],0,0,0,0.2730520311806183,15.588170687175051,0
1259,M88,9,1051973.73,9e-06,2.4431,1133640.76,1696.57,200.0,signal_enhancement,low,4.0,1.003240327835092,0.3,1259,1286,1.003240327835083,0.155729512538269,0.0025531842462858264,0.017989515787832287,0.15572951253826592,35.58323257651811,False,[],0,0,0,0.2728924023249301,15.603252441815833,0
1742,M93,2,1484227.34,2.5e-05,0.1704,523047.69,1503.47,200.0,signal_enhancement,medium,,1.4154694938660024,0.65,1742,1287,1.4154694938659669,0.22965508054442635,0.007092178461905073,0.0011859431722363646,0.22965508054442638,31.133042027010614,False,[],0,0,0,0.2795780767820779,16.424210017758554,0
205,M94,5,2305980.88,1.4999999999999999e-05,3.8587,1839600.21,1402.83,200.0,signal_enhancement,low,,2.199154739379916,0.3,205,1288,2.1991547393798827,0.3701943283382632,0.0042553070771430435,0.02845598183906544,0.3701943283382597,36.127097858181095,False,[],0,0,0,0.2903389484701754,17.778538810771206,0
733,M88,3,1914372.79,5.5e-05,1.4277,3589731.66,2851.0,200.0,denoising,low,,1.8256881618500762,0.3,733,1289,1.8256881618499756,0.3032201034403928,0.015602792616191161,0.010481992738650213,0.30322010344040284,36.39842063160207,False,[],0,0,0,0.28691008301998394,17.31305130149537,0
2502,M93,6,3025165.53,3e-06,1.7924,1228144.99,1052.7,200.0,signal_enhancement,low,0.0,2.8850226688385097,0.3,2502,1290,2.885022668838501,0.4931918754323395,0.0008510614154286088,0.013178460786746237,0.49319187543232884,37.077413678126966,False,[116],1,0,1,0.29960003047521,18.94723785980111,0
526,M93,6,2153861.8,0.000176,0.5113,1904757.71,1851.51,200.0,denoising,low,,2.0540826797488965,0.3,526,1291,2.054082679748535,0.34417837582007815,0.049928936371811714,0.003706442096272379,0.34417837582013405,36.76552024039214,False,[],0,0,0,0.29602218924881424,18.34050461289339,0
1375,M93,5,1785840.29,1.3000000000000001e-05,0.6925,2125632.89,2255.0,200.0,denoising,low,,1.7031100177765115,0.3,1375,1292,1.7031100177764893,0.2812380127188106,0.0036879328001906382,0.005046173410544382,0.28123801271880705,36.47356684855891,False,[],0,0,0,0.28312598959353724,16.878762917591537,0
898,M94,8,422216.82,1.4999999999999999e-05,3.1046,1076982.55,1921.64,200.0,signal_enhancement,low,,0.4026573371887268,0.3,898,1293,0.4026573371887207,0.04802621937768091,0.0042553070771430435,0.022880422324206073,0.048026219377679695,35.00569220778454,False,[],0,0,0,0.26456549975332877,14.556857721165384,0
377,M90,7,1732288.55,0.000122,0.2577,2087894.95,1549.65,200.0,signal_enhancement,low,,1.6520390987398255,0.3,377,1294,1.652039098739624,0.2720794014183334,0.034609830894096756,0.0018314097491455579,0.27207940141836223,36.53337531319897,False,[],0,0,0,0.2876500233654631,17.343770970277077,0
1726,M88,6,1418922.84,2.3e-05,1.8294,961237.18,317.43,200.0,denoising,low,,1.3531902694702462,0.3,1726,1295,1.353190269470215,0.2184864699321099,0.006524804184952667,0.013452026231713477,0.2184864699321094,35.970385092777036,False,[],0,0,0,0.27858813430601076,16.302311174650246,0
2682,M88,6,1761010.53,6.8e-05,2.0163,1318566.62,1832.0,200.0,signal_enhancement,low,,1.6794305133820722,0.3,2682,1296,1.679430513381958,0.2769915378045662,0.0192907254163818,0.01483390141183179,0.2769915378045793,36.16294910886331,False,[],0,0,0,0.2854387463451502,17.117148435540535,0
2722,M94,1,1706949.82,3.5e-05,0.8204,1710083.13,2424.32,200.0,signal_enhancement,low,,1.6278742027283286,0.3,2722,1297,1.6278742027282715,0.2677458806229729,0.009929049846667102,0.0059918226108500615,0.2677458806229759,36.39122884416639,False,[],0,0,0,0.2831076089237712,16.856181703469737,0
386,M90,6,2704796.45,0.000321,1.4795,2979956.49,1437.11,200.0,signal_enhancement,low,,2.57949490547263,0.3,386,1298,2.579494905471802,0.43840120240450736,0.09106357145086114,0.01086498436160435,0.4384012024046449,36.9276552787699,False,[],0,0,0,0.310552903339007,20.023156310160573,0
198,M93,8,1300980.67,2.3e-05,2.9978,1957557.57,2350.51,200.0,signal_enhancement,low,,1.2407118511200237,0.3,198,1299,1.240711851119995,0.19831557556033408,0.006524804184952667,0.022090779364138467,0.19831557556033355,35.63053892131718,False,[],0,0,0,0.27697446275626864,16.100602230932488,0
1050,M93,0,1722824.82,3.1e-05,1.8325,2117902.13,707.93,200.0,signal_enhancement,low,,1.6430137825012718,0.3,1050,1300,1.6430137825012208,0.2704608802550124,0.008794301292762291,0.013474946579805327,0.2704608802550143,36.17759512362589,False,[],0,0,0,0.28313190164017055,16.862906225819845,0
590,M90,0,1666657.82,0.00018999999999999998,1.5475,2198525.93,1337.44,200.0,signal_enhancement,low,,1.5894487571719331,0.3,590,1301,1.589448757171631,0.26085499777735804,0.05390055631047855,0.011367753287490092,0.2608549977774052,36.20238739248473,False,[],0,0,0,0.29003149439497,17.578759991362194,0
519,M90,9,466621.1,2.6000000000000002e-05,1.4059,1690287.38,1239.52,200.0,signal_enhancement,low,,0.44500455856324395,0.3,519,1302,0.4450045585632324,0.055620399148451245,0.0073758656003812765,0.010320810935939784,0.055620399148450836,35.41285726851561,False,[],0,0,0,0.2657035290839409,14.688969572291375,0
2950,M90,4,2970875.34,3e-06,0.6589,1282733.11,1961.8,200.0,denoising,low,,2.8332475090026943,0.3,2950,1303,2.8332475090026854,0.48390697175527775,0.0008510614154286088,0.004797746411871428,0.4839069717552673,37.291695494664964,False,[],0,0,0,0.2988572381810451,18.854388823030494,0
429,M93,9,1548003.9,2e-05,0.2065,1590312.1,1271.88,200.0,signal_enhancement,medium,,1.4762915611267384,0.65,429,1304,1.476291561126709,0.24056237735908745,0.005673742769524059,0.0014528543225962945,0.24056237735908614,31.16866387975846,False,[],0,0,0,0.28020952645954605,16.507751143442306,0
1083,M90,3,1125468.42,6e-06,0.6911,1597404.83,1458.1,200.0,signal_enhancement,low,1.0,1.0733303260803286,0.3,1083,1305,1.0733303260803222,0.16829883891980332,0.0017021228308572176,0.0050358222855996755,0.1682988389197995,36.022120687111226,False,[],0,0,0,0.27375326799483,15.713626600153464,0
207,M94,7,1862957.22,2.6000000000000002e-05,2.7828,2471458.5,1688.5,200.0,denoising,low,,1.776654453277634,0.3,207,1306,1.7766544532775879,0.29442682762111083,0.0073758656003812765,0.020501142319058554,0.2944268276211113,36.06267304091269,False,[],0,0,0,0.2848080433617537,17.077033857017973,0
491,M90,1,2142188.57,1.6e-05,0.2003,2371360.24,1705.8,200.0,denoising,medium,,2.042950220108065,0.65,491,1307,2.042950220108032,0.3421819780150569,0.004538994215619247,0.0014070136264125947,0.3421819780150539,31.576517503267848,False,[],0,0,0,0.2881461872578598,17.503521676031717,0
1609,M93,9,1952187.32,2.4e-05,0.4147,1778341.55,412.98,200.0,denoising,low,,1.861750907897994,0.3,1609,1308,1.8617509078979493,0.3096872804505186,0.00680849132342887,0.002992214475087636,0.30968728045051847,36.64898268754944,False,[],0,0,0,0.2859324259610244,17.219425648326904,0
2912,M93,2,1868895.28,3.1e-05,1.8681,1766305.95,1441.12,200.0,denoising,low,,1.7823174285889227,0.3,2912,1309,1.7823174285888672,0.2954423760126087,0.008794301292762291,0.013738160899827863,0.2954423760126108,36.2696246770556,False,[],0,0,0,0.28513042130077826,17.112721183395806,0
792,M94,2,988524.83,5e-05,1.124,1491917.11,1723.75,200.0,denoising,low,,0.9427307415009015,0.3,792,1310,0.9427307415008545,0.14487825331601314,0.014184356923810147,0.008236537991716399,0.14487825331601714,35.832416873512564,False,[],0,0,0,0.2740016009423288,15.704100957788713,0
2019,M90,9,1473703.63,0.000133,2.2645,1376292.52,2107.42,200.0,signal_enhancement,low,,1.405433301925846,0.3,2019,1311,1.405433301925659,0.22785527778677653,0.03773038941733499,0.016669007991314738,0.22785527778680376,35.91135087140766,False,[],0,0,0,0.28464258842388906,16.957699787379795,0
1186,M93,6,2235285.26,0.000197,2.4264,1947241.69,1450.91,200.0,signal_enhancement,low,,2.1317341423038862,0.3,1186,1312,2.1317341423034666,0.3581037089816141,0.05588636627981197,0.01786604165456329,0.35810370898168015,36.39643358628956,False,[],0,0,0,0.29814897898609716,18.58699168285276,0
1185,M93,5,1292520.09,0.000195,2.1976,1000122.74,1434.78,200.0,denoising,low,,1.232643213272335,0.3,1185,1313,1.2326432132720948,0.19686861672021813,0.055318992002859564,0.01617437209217127,0.1968686167202556,35.802243304115734,False,[],0,0,0,0.28515371797810357,16.964428023253653,0
2181,M88,1,2504536.14,1.2e-05,0.2485,2309575.18,1267.78,200.0,denoising,medium,,2.3885117912292766,0.65,2181,1314,2.388511791229248,0.4041519634777599,0.003404245661714435,0.0017633880709374873,0.4041519634777547,31.813706211782918,False,[],0,0,0,0.2929108788407122,18.102796056688458,0
1340,M90,0,1540723.23,1.9e-05,1.9266,1713157.48,1863.96,200.0,denoising,low,,1.4693481731415075,0.3,1340,1315,1.4693481731414795,0.2393172109735126,0.005390055631047856,0.014170690049303096,0.23931721097351105,36.03214814241496,False,[],0,0,0,0.28006168633515915,16.490193111093987,0
2232,M88,2,1319740.96,1e-06,3.0127,1495749.97,1687.87,200.0,denoising,low,,1.2586030578613294,0.3,2232,1316,1.258603057861328,0.20152402787195325,0.0002836871384762029,0.022200944908192848,0.20152402787194776,35.640067764242026,False,[],0,0,0,0.27617014904329723,16.020346647212104,0
83,M90,3,1393136.58,1.4999999999999999e-05,2.4218,1637627.53,1404.38,200.0,signal_enhancement,low,,1.328598575592061,0.3,83,1317,1.328598575592041,0.2140764109455477,0.0042553070771430435,0.017832030815459258,0.21407641094554528,35.82134471931842,False,[],0,0,0,0.2778495150787581,16.21735963684405,0
2369,M90,9,1563257.96,0.00043,0.1023,2485013.75,1582.92,200.0,signal_enhancement,high,,1.4908389663702701,1.0,2369,1318,1.4908389663696289,0.24317118159764547,0.12198546954476724,0.0006824348802831451,0.24317118159775383,25.952211679982085,True,[],0,0,0,0.30019122435042206,18.627450267782265,1
2226,M93,6,1316247.31,1e-06,0.3088,1544860.71,1416.81,200.0,denoising,low,,1.2552712535858168,0.3,2226,1319,1.2552712535858155,0.20092653127576587,0.0002836871384762029,0.0022092258096273426,0.2009265312757604,36.23742935081424,False,[],0,0,0,0.2761223493156022,16.014371681250232,0
20,M93,0,1636918.96,0.000123,3.4029,1746748.05,1372.86,200.0,signal_enhancement,low,,1.5610875701906217,0.3,20,1320,1.5610875701904297,0.25576895091390767,0.034893518032572964,0.02508595130349602,0.25576895091393514,35.77049726455075,False,[],0,0,0,0.28639341413865005,17.18577283372539,0
1378,M93,8,2219059.67,6e-06,1.4724,1800374.99,1650.31,200.0,signal_enhancement,low,,2.1162602138519415,0.3,1378,1321,2.1162602138519286,0.35532875018604726,0.0017021228308572176,0.010812489370813338,0.35532875018604043,36.59694031961979,False,[],0,0,0,0.2887156608961295,17.583925712815905,0
1558,M94,8,980836.53,0.002688,2.2394,2369093.03,1578.77,200.0,denoising,low,,0.9353986072565428,0.3,1558,1322,0.9353986072540283,0.1435633725808315,0.7625510282240334,0.016483427108377503,0.14356337258127796,35.579750677072006,False,[],0,0,0,0.4011187446045522,29.161552233840915,1
1938,M88,8,2212339.75,0.00011499999999999999,2.2254,2154701.21,2622.93,200.0,signal_enhancement,low,,2.1098515987398665,0.3,1938,1323,2.109851598739624,0.354179485283538,0.03262402092476333,0.01637991585893044,0.35417948528357235,36.42532046536624,False,[],0,0,0,0.29388044237989275,18.12902722948112,0
2837,M93,8,1329771.55,1.4000000000000001e-05,1.0432,1589145.55,1821.12,200.0,signal_enhancement,low,,1.2681689739227473,0.3,2837,1324,1.2681689739227295,0.20323949547252895,0.003971619938666841,0.007639130209193341,0.20323949547252637,36.08378407561431,False,[],0,0,0,0.2769343350273757,16.103884113621294,0
1937,M88,7,877099.38,0.000102,1.66,3182726.49,1645.87,200.0,signal_enhancement,low,,0.836467151641931,0.3,1937,1325,0.8364671516418457,0.12582187185145655,0.028936088124572698,0.012199540113404,0.1258218718514678,35.63730128400371,False,[],0,0,0,0.27498488472929383,15.779068304756873,0
973,M90,3,1548341.06,4.4e-05,2.3604,3032141.23,1584.86,200.0,signal_enhancement,low,,1.4766131019592934,0.3,973,1326,1.4766131019592286,0.24062003967568202,0.012482234092952928,0.01737806005002713,0.24062003967568707,35.941138357201915,False,[],0,0,0,0.28137158296985654,16.630880610429973,0
2789,M90,5,1011476.09,4.5e-05,0.7921,1775417.0,2283.4,200.0,signal_enhancement,low,,0.9646187686920601,0.3,2789,1327,0.9646187686920166,0.1488034603997828,0.012765921231429132,0.005782582013753496,0.14880346039978604,35.92173638118653,False,[],0,0,0,0.27407448344132557,15.717821186163553,0
883,M88,3,1934601.59,1.8e-05,2.7979,1880073.34,2513.54,200.0,signal_enhancement,low,,1.8449798488617275,0.3,883,1328,1.8449798488616944,0.30667970561718655,0.005106368492571653,0.020612786595247887,0.30667970561718444,36.10833522461131,False,[],0,0,0,0.28540245909311207,17.158711689038157,0
1098,M93,8,1965696.0,2.5e-05,0.3838,1293045.7,1800.57,200.0,denoising,low,,1.874633789062547,0.3,1098,1329,1.8746337890625,0.3119975835200833,0.007092178461905073,0.002763750360236615,0.3119975835200835,36.665077823273236,False,[],0,0,0,0.2861654770201305,17.247635047515125,0
156,M93,6,1321936.35,4.5e-05,1.1278,2051366.92,886.51,200.0,signal_enhancement,low,,1.2606967449188802,0.3,156,1330,1.2606967449188233,0.20189949137067348,0.012765921231429132,0.0082646339022806,0.20189949137067792,36.059658948414274,False,[],0,0,0,0.27832216591899683,16.24878149587246,0
2276,M94,6,2141077.29,0.000305,2.6566,2939434.61,483.39,200.0,denoising,low,,2.0418904209143194,0.3,2276,1331,2.0418904209136963,0.3419919229101062,0.08652457723524189,0.01956806234190002,0.3419919229102091,36.28092582138343,False,[],0,0,0,0.3020685319627996,18.977361619335415,0
886,M88,6,959537.17,1e-05,2.1796,1922205.81,1767.24,200.0,denoising,low,,0.9150859546661468,0.3,886,1332,0.9150859546661377,0.13992067938003294,0.0028368713847620295,0.016041286200025043,0.13992067938003022,35.578444131519376,False,[],0,0,0,0.2716759224858122,15.450270478726047,0
2998,M94,7,2059410.58,9e-06,1.3996,2465794.78,2444.25,200.0,denoising,low,,1.9640069770813169,0.3,2998,1333,1.964006977081299,0.32802498825814547,0.0025531842462858264,0.010274230873688605,0.32802498825814014,36.50387302682192,False,[],0,0,0,0.2866760403825202,17.326207199014597,0
1591,M88,1,1194753.42,0.000279,1.9507,522359.09,1646.22,200.0,denoising,low,,1.1394056510928472,0.3,1591,1334,1.1394056510925292,0.18014820896741637,0.07914871163486062,0.014348877271565542,0.18014820896746814,35.7901265177227,False,[],0,0,0,0.28786713769531963,17.226158899101655,0
2478,M90,0,712653.99,5.1e-05,0.1826,2210568.64,1467.35,200.0,signal_enhancement,medium,,0.6796398067474713,0.65,2478,1335,0.6796398067474365,0.09769782943630108,0.014468044062286349,0.0012761458324688064,0.0976978294363039,30.602506942771136,False,[],0,0,0,0.27027539384549276,15.237403087484166,0
2717,M93,5,1276879.87,1.4999999999999999e-05,1.9019,1792175.38,2410.52,200.0,signal_enhancement,low,,1.21772753715517,0.3,2717,1336,1.2177275371551515,0.194193770008721,0.0042553070771430435,0.013988066630635773,0.19419377000871876,35.857133081115805,False,[],0,0,0,0.276258903803812,16.018533227475785,0
2534,M88,2,1821410.88,1.9e-05,0.2076,2878913.19,2149.98,200.0,signal_enhancement,medium,,1.7370327758789392,0.65,2534,1337,1.7370327758789061,0.2873214230344911,0.005390055631047856,0.001460987349338564,0.2873214230344894,31.355456071657812,False,[],0,0,0,0.28390202330003744,16.97023523170377,0
2117,M93,7,1358948.57,1.6e-05,0.9582,2554289.84,2272.67,200.0,denoising,low,,1.2959943485260217,0.3,2117,1338,1.295994348526001,0.20822945443719096,0.004538994215619247,0.007010669051836166,0.2082294544371888,36.12259774619368,False,[],0,0,0,0.2774299853716305,16.163996440253054,0
1472,M88,2,1694642.22,2.5e-05,1.5338,2533460.4,2080.39,200.0,denoising,low,,1.6161367607117105,0.3,1472,1339,1.61613676071167,0.2656409905775373,0.007092178461905073,0.011266460136245464,0.26564099057753743,36.22457015822279,False,[],0,0,0,0.28245694958472684,16.784069118089665,0
2648,M94,8,2278520.71,0.00022,1.3106,1936028.28,2152.64,200.0,signal_enhancement,low,,2.1729666805272116,0.3,2648,1340,2.1729666805267334,0.3654979912393188,0.062411170464764645,0.009616195073632268,0.36549799123939525,36.67350611274831,False,[],0,0,0,0.2998497382781555,18.778380980758953,0
458,M94,8,1421442.57,0.000162,1.4080000000000001,1618395.28,1205.26,200.0,signal_enhancement,low,,1.355593271255713,0.3,458,1341,1.3555932712554932,0.21891740322488715,0.04595731643314487,0.010336337623356845,0.21891740322492045,36.06557948419884,False,[],0,0,0,0.2853261360516256,17.016405728045477,0
2498,M93,2,940977.07,3e-06,2.9322,1901829.5,1754.99,200.0,denoising,low,,0.8973856639862088,0.3,2498,1342,0.897385663986206,0.13674646428267126,0.0008510614154286088,0.021605755223872224,0.13674646428266746,35.398813200414516,False,[],0,0,0,0.27108439758323655,15.382783748304428,0
78,M90,8,961385.43,2.3e-05,0.1847,1138755.77,1111.55,200.0,signal_enhancement,medium,4.0,0.9168485927582,0.65,78,1343,0.9168485927581788,0.14023677545687788,0.006524804184952667,0.001291672519885866,0.1402367754568773,30.772196926230936,False,[],0,0,0,0.27232815874799216,15.519814229897927,0
2914,M93,4,1627687.43,2.9999999999999997e-05,1.632,1443236.91,1197.24,200.0,signal_enhancement,low,,1.5522836971283425,0.3,2914,1344,1.5522836971282958,0.25419014143024393,0.008510614154286087,0.011992517614509871,0.2541901414302454,36.156985037285686,False,[],0,0,0,0.2817820157206481,16.69509246907959,0
1056,M93,6,1829637.61,2.1e-05,1.5205,2852426.49,2051.05,200.0,denoising,low,,1.744878396987952,0.3,1056,1345,1.7448783969879151,0.28872838800601164,0.005957429908000261,0.011168124449270752,0.2887283880060106,36.319869818545925,False,[],0,0,0,0.28411103412484096,16.99451761840412,0
906,M88,6,1478166.42,1.1e-05,1.3544,3529821.77,1882.48,200.0,signal_enhancement,low,,1.4096893501281893,0.3,906,1346,1.4096893501281738,0.22861852019357148,0.003120558523238232,0.009940037411188084,0.22861852019356793,36.11627295843864,False,[],0,0,0,0.27881997656443624,16.342355255354004,0
1563,M90,3,2320625.3,6e-06,1.2468,763056.8,1402.33,200.0,signal_enhancement,low,,2.213120746612562,0.3,1563,1347,2.2131207466125487,0.37269886975000693,0.0017021228308572176,0.009144479522580646,0.37269886974999983,36.71646109332261,False,[],0,0,0,0.2901052704612463,17.7576269084555,0
2426,M88,6,2088584.57,2e-06,1.7796,1555732.81,1442.54,200.0,signal_enhancement,low,,1.9918294620513957,0.3,2426,1348,1.9918294620513917,0.33301442902130285,0.0005673742769524058,0.013083821930108921,0.3330144290212949,36.43954305818195,False,[],0,0,0,0.2867376079487861,17.340357027198174,0
2696,M88,2,1635924.03,0.000106,0.8741,989726.66,1251.68,200.0,denoising,low,0.0,1.5601387310029728,0.3,2696,1349,1.5601387310028076,0.2555987944046853,0.03007083667847751,0.006388862189086301,0.255598794404708,36.33072931194615,False,[116],1,0,1,0.285559945787716,17.097263004259446,0
380,M90,0,2446993.44,0.000278,1.7781,2910999.37,1344.49,200.0,signal_enhancement,low,,2.333634796143227,0.3,380,1350,2.333634796142578,0.39431080383514194,0.07886502449638441,0.013072731439096735,0.39431080383524825,36.685061272167665,False,[],0,0,0,0.3049519184711967,19.362678479286338,0
947,M93,7,608706.93,2.8000000000000003e-05,1.6709,2600775.15,1280.1,200.0,signal_enhancement,low,,0.5805081653595133,0.3,947,1351,0.5805081653594971,0.07992042914328765,0.007943239877333683,0.012280131014759214,0.07992042914328754,35.45127778613037,False,[],0,0,0,0.2677439851106097,14.942182609224883,0
1712,M93,2,568394.8,5.2000000000000004e-05,0.9535,2088234.47,2441.18,200.0,signal_enhancement,low,,0.5420635223388954,0.3,1712,1352,0.5420635223388672,0.07302610359262757,0.014751731200762553,0.006975918846664651,0.07302610359262976,35.582826848970576,False,[],0,0,0,0.2683498825915398,14.995792197540002,0
2756,M90,8,4998652.12,3e-06,0.9375,5656425.21,4661.79,200.0,signal_enhancement,low,,4.7670861434936675,0.3,2756,1353,4.7670861434936525,0.8307046543731205,0.0008510614154286088,0.006857620275868006,0.8307046543731034,38.61709000921644,False,[],0,0,0,0.32660105279047247,22.32236564920892,1
715,M90,5,946553.25,6.2e-05,2.5365,1970656.89,1669.55,200.0,signal_enhancement,low,,0.9027035236359202,0.3,715,1354,0.9027035236358643,0.13770012265421053,0.017588602585524582,0.018680083694857703,0.13770012265421627,35.49039797977111,False,[],0,0,0,0.274006072251876,15.69359607308155,0
1913,M93,3,1807025.37,4.9e-05,1.8313,1501392.32,2342.21,200.0,signal_enhancement,low,,1.7233136844635857,0.3,1913,1355,1.723313684463501,0.28486116134273043,0.013900669785333943,0.013466074186995578,0.28486116134273803,36.235462419761056,False,[],0,0,0,0.28515200677092517,17.098823669563316,0
686,M94,6,1178787.57,2.6000000000000002e-05,1.5123,2717315.68,1896.15,200.0,denoising,low,,1.124179430007964,0.3,686,1356,1.1241794300079346,0.17741767184141966,0.0073758656003812765,0.011107496431737472,0.17741767184141974,35.876445794413556,False,[],0,0,0,0.27544731089937835,15.90694229922106,0
2670,M93,3,1864426.26,3.1e-05,1.2211,2174726.44,1332.29,200.0,signal_enhancement,low,,1.7780554389954166,0.3,2670,1357,1.7780554389953613,0.29467806812879277,0.008794301292762291,0.008954462443238536,0.2946780681287949,36.410078399218015,False,[],0,0,0,0.285069276670073,17.10507810455765,0
1293,M94,3,1848504.85,1.4999999999999999e-05,0.568,3019358.08,1686.86,200.0,signal_enhancement,low,2.0,1.7628715991974144,0.3,1293,1358,1.7628715991973878,0.29195513129152983,0.0042553070771430435,0.004125662656532989,0.29195513129152684,36.54405064547013,False,[1545],1,0,1,0.2840798127064367,16.996146840303872,0
305,M90,5,4516068.79,4e-06,0.3838,4931436.94,2386.04,200.0,signal_enhancement,low,,4.3068588161468675,0.3,305,1359,4.306858816146851,0.7481715165225127,0.0011347485539048117,0.002763750360236615,0.7481715165224977,38.40977355528295,False,[],0,0,0,0.32004662857596483,21.502140639195414,1
209,M94,9,1562166.26,2.2e-05,1.9619,2533598.8,1852.64,200.0,signal_enhancement,low,2.0,1.4897978401184409,0.3,209,1360,1.4897978401184082,0.24298447513476062,0.006241117046476464,0.014431686271123192,0.24298447513475982,36.03898731240535,False,[1545],1,0,1,0.2804997479086818,16.542184858184182,0
2011,M90,1,1348244.16,0.00021,2.3265,1216059.99,519.55,200.0,denoising,low,,1.2857858276369887,0.3,2011,1361,1.2857858276367187,0.2063987477152256,0.05957429908000261,0.01712741495315174,0.20639874771526817,35.81177254226635,False,[],0,0,0,0.2866395306608185,17.136324860592303,0
2221,M93,1,1744818.16,2e-06,0.3425,2716023.34,1803.14,200.0,signal_enhancement,low,,1.6639882659912142,0.3,2221,1362,1.6639882659912109,0.2742222604129538,0.0005673742769524058,0.002458392174367776,0.274222260412947,36.523137276420776,False,[],0,0,0,0.2820342344601182,16.752435341114683,0
2975,M93,2,2239563.58,2e-06,0.6755,3498081.53,1767.11,200.0,denoising,low,,2.1358142662048385,0.3,2975,1363,2.135814266204834,0.35883540266512576,0.0005673742769524058,0.0049204811790729466,0.3588354026651174,36.78772717528831,False,[],0,0,0,0.28880328584029197,17.598566763636402,0
1537,M90,7,941682.22,4e-06,2.0183,1723601.77,1356.14,200.0,signal_enhancement,low,,0.8980581474304234,0.3,1537,1364,0.8980581474304199,0.13686706157341347,0.0011347485539048117,0.014848688733181367,0.13686706157340983,35.602007584298214,False,[],0,0,0,0.2711422721800369,15.38909608970442,0
885,M88,5,2631025.34,1.9e-05,2.2687,2204723.55,1515.94,200.0,signal_enhancement,low,,2.5091412925720693,0.3,885,1365,2.5091412925720213,0.4257846016797737,0.005390055631047856,0.01670006136614886,0.42578460167977167,36.702136565734634,False,[],0,0,0,0.29497907759166003,18.354867018156597,0
1859,M93,9,1913687.76,3.4e-05,0.0975,1501012.48,1602.34,200.0,signal_enhancement,high,,1.8250348663330698,1.0,1859,1366,1.8250348663330078,0.30310294714445984,0.0096453627081909,0.0006469453090441516,0.30310294714446295,26.193003429306515,True,[],0,0,0,0.28588794743194923,17.204646000192035,1
917,M94,7,2840805.95,3.5e-05,2.0489,1995135.71,1415.36,200.0,denoising,low,,2.709203672409153,0.3,917,1367,2.709203672409058,0.46166203657483035,0.009929049846667102,0.015074934749829952,0.4616620365748359,36.89440010380442,False,[],0,0,0,0.2986209013999198,18.79534326298831,0
1886,M94,6,1880636.05,4.7e-05,0.1392,2210507.97,1826.3,200.0,denoising,high,,1.7935142993927846,1.0,1886,1368,1.7935142993927002,0.2974503247514975,0.013333295508381537,0.000955260959182907,0.2974503247515048,26.161143470230503,True,[],0,0,0,0.2860626862165447,17.214502566665843,1
1660,M93,0,2446392.17,2e-06,1.5795,1955044.11,1457.11,200.0,denoising,low,,2.333061380386357,0.3,1660,1369,2.3330613803863525,0.3942079724758501,0.0005673742769524058,0.01160435042908338,0.39420797247584094,36.7287013770309,False,[],0,0,0,0.2916330914251499,17.952292461743646,0
191,M93,1,1790323.65,1.7e-05,2.0538,2106058.05,2038.91,200.0,denoising,low,,1.7073856830597214,0.3,191,1370,1.7073856830596923,0.2820047730810342,0.00482268135409545,0.015111163687136423,0.28200477308103195,36.17468418171005,False,[],0,0,0,0.28338023767667897,16.90685599518406,0
1747,M93,7,643362.31,6e-06,0.1267,1565063.66,1486.22,200.0,signal_enhancement,high,,0.6135581111907996,1.0,1747,1371,0.613558111190796,0.0858473169510476,0.0017021228308572176,0.0008628402007480285,0.08584731695104511,25.317504061781754,True,[],0,0,0,0.2671571462373295,14.889111380465906,1
2131,M90,1,949332.2,0.000178,2.6811,1750852.7,2177.57,200.0,signal_enhancement,low,,0.9053537368776026,0.3,2131,1372,0.9053537368774414,0.1381753886842865,0.050496310648764114,0.01974920702843238,0.1381753886843111,35.460225343884176,False,[],0,0,0,0.2796384039050328,16.29068747852062,0
1265,M88,5,1712571.47,1e-05,0.6833,1593967.1,2081.35,200.0,denoising,low,2.0,1.6332354259491129,0.3,1265,1373,1.6332354259490967,0.2687073154375527,0.0028368713847620295,0.0049781517323363115,0.2687073154375484,36.42548470978012,False,[1545],1,0,1,0.2819788533704138,16.738136839301244,0
483,M88,3,1123414.55,0.00010400000000000001,0.8439,1941550.56,1822.89,200.0,denoising,low,,1.0713716030121962,0.3,483,1374,1.071371603012085,0.16794757868079502,0.029503462401525106,0.006165573636707633,0.16794757868081,35.98682310562195,False,[],0,0,0,0.27845139490272286,16.2105381100354,0
915,M94,5,1552172.44,2.4e-05,1.6966,1913135.44,2333.76,200.0,denoising,low,,1.4802669906616566,0.3,915,1375,1.480266990661621,0.2412752960719153,0.00680849132342887,0.012470148094101326,0.24127529607191506,36.09099674146462,False,[],0,0,0,0.2804594672107361,16.535305804540872,0
2599,M94,4,1920916.62,4e-06,2.6425,2281016.52,1405.32,200.0,signal_enhancement,low,,1.8319288444519117,0.3,2599,1376,1.8319288444519044,0.30433925279737734,0.0011347485539048117,0.019463811726385474,0.3043392527973706,36.13344265939794,False,[],0,0,0,0.28454004747795403,17.06381800194406,0
277,M94,7,1590623.32,1.1e-05,1.3328,2332761.35,2489.64,200.0,denoising,low,,1.5169366073608568,0.3,277,1377,1.51693660736084,0.24785130394918117,0.003120558523238232,0.009780334340612613,0.24785130394917743,36.19799518557834,False,[],0,0,0,0.280358599264885,16.5346830929101,0
988,M90,8,1293649.34,1.7e-05,1.9596,1489553.43,1893.36,200.0,signal_enhancement,low,,1.2337201499939177,0.3,988,1378,1.2337201499938966,0.19706174511924054,0.00482268135409545,0.014414680851571176,0.19706174511923868,35.85580655492983,False,[],0,0,0,0.27658479543973546,16.057425715566126,0
1987,M94,7,913479.3,4.7e-05,0.1685,1470034.75,1621.3,200.0,signal_enhancement,medium,,0.8711617469788008,0.65,1987,1379,0.8711617469787598,0.13204369669640942,0.013333295508381537,0.001171895216954263,0.13204369669641258,30.74301793027701,False,[],0,0,0,0.2728301559721376,15.560436286114962,0
1894,M93,4,1996114.08,0.000103,0.0948,1707193.36,2074.68,200.0,signal_enhancement,high,,1.9036427307130868,1.0,1894,1380,1.9036427307128907,0.3171997930323572,0.0292197752630489,0.0006269824252222177,0.31719979303238405,26.249989699372765,True,[],0,0,0,0.29034334523730687,17.69795388505845,1
1869,M90,9,2790952.56,0.00010700000000000001,1.6377,2328795.87,781.52,200.0,signal_enhancement,low,,2.661659774780558,0.3,1869,1381,2.6616597747802735,0.453135930401229,0.030354523816953714,0.012034661480356175,0.4531359304012687,36.951503877194234,False,[],0,0,0,0.3014111434809804,19.07774073271746,0
571,M90,1,852384.46,2.8999999999999997e-05,2.4219,1106651.63,1061.73,200.0,denoising,low,,0.8128971672058342,0.3,571,1382,0.8128971672058105,0.12159503728730625,0.008226927015809883,0.017832770181526732,0.12159503728730654,35.45139704370342,False,[],0,0,0,0.27112618057567217,15.36403505915764,0
993,M90,3,1161598.5,7.099999999999999e-05,1.8323,2182283.04,1502.89,200.0,denoising,low,,1.107786655426104,0.3,993,1383,1.1077866554260254,0.17447793522881486,0.020141786831810404,0.013473467847670369,0.17447793522882382,35.79370770548515,False,[],0,0,0,0.27738233857971295,16.107331515260736,0
2795,M90,2,1676637.21,0.00011,2.298,2233927.83,1362.43,200.0,denoising,low,,1.5989658451082078,0.3,2795,1384,1.5989658451080322,0.2625617089696716,0.031205585232382323,0.016916695623920217,0.26256170896969605,36.04274596716108,False,[],0,0,0,0.28630988620707876,17.187317623879597,0
2946,M90,0,2978731.2,4e-06,0.4457,1676370.45,2738.83,200.0,signal_enhancement,low,,2.8407394409179805,0.3,2946,1385,2.840739440917969,0.4852505092046859,0.0011347485539048117,0.003221417956006135,0.48525050920467594,37.34435949813856,False,[],0,0,0,0.2990129479905387,18.872930566017146,0
585,M90,5,1592463.37,1.4000000000000001e-05,1.6015,1529544.36,1468.26,200.0,denoising,low,,1.5186914157867646,0.3,585,1386,1.5186914157867433,0.2481659959222794,0.003971619938666841,0.011767010963928766,0.24816599592227645,36.13965365477126,False,[],0,0,0,0.2805284550633557,16.553149118118796,0
2328,M93,8,1502774.6,0.0001,0.9395,2390822.28,844.39,200.0,denoising,low,,1.433157539367819,0.3,2328,1387,1.4331575393676759,0.23282709969877854,0.028368713847620294,0.006872407597217587,0.2328270996987978,36.22513617087859,False,[],0,0,0,0.2834488493299977,16.83890784624495,0
2993,M94,2,2899738.17,1.6e-05,1.7511,2879224.29,3008.7,200.0,denoising,low,,2.7654058170319047,0.3,2993,1388,2.7654058170318603,0.4717408369285482,0.004538994215619247,0.012873102600877397,0.4717408369285444,37.00077026968787,False,[],0,0,0,0.2985108959709391,18.79911026516663,0
1349,M90,9,1678930.29,1.2e-05,2.2732,1260250.39,2372.87,200.0,signal_enhancement,low,,1.6011526966095162,0.3,1349,1389,1.601152696609497,0.26295387976376533,0.003404245661714435,0.016733332839185416,0.26295387976376167,36.0498155338795,False,[],0,0,0,0.2816150321435926,16.69081521954851,0
2900,M93,8,1668132.26,4.8e-05,1.6105,1525357.36,1024.96,200.0,signal_enhancement,low,,1.5908548927307893,0.3,2900,1390,1.590854892730713,0.2611071618124739,0.01361698264685774,0.011833553910001881,0.2611071618124805,36.18942202994984,False,[],0,0,0,0.2832034599949637,16.856177305768178,0
674,M88,4,957604.48,3.2e-05,0.1271,1295636.04,728.29,200.0,denoising,high,,0.9132427978515917,1.0,674,1391,0.9132427978515625,0.1395901437807355,0.009077988431238493,0.0008657976650179444,0.1395901437807364,25.532386645172405,True,[],0,0,0,0.2727104695357694,15.559305229569649,1
2590,M93,4,1418253.34,4.8e-05,1.0186,2162318.38,1191.5,200.0,denoising,low,,1.3525517845154458,0.3,2590,1392,1.352551784515381,0.21837196963266733,0.01361698264685774,0.007457246156593499,0.21837196963267286,36.14977049383286,False,[],0,0,0,0.27978464462057917,16.428825383970114,0
855,M90,5,1390048.84,0.001132,1.5933,2805155.1,1589.37,200.0,signal_enhancement,low,,1.3256538772598014,0.3,855,1393,1.3256538772583009,0.21354833453837707,0.3211338407550617,0.011706382946395486,0.21354833453864017,36.003001849761645,False,[],0,0,0,0.33167661969143064,21.915892478974882,0
447,M94,7,784386.81,4.4e-05,0.0676,1864039.21,2320.36,200.0,denoising,high,,0.748049554824862,1.0,447,1394,0.7480495548248292,0.10996583446969675,0.012482234092952928,0.00042587485486792143,0.10996583446969896,25.42708709223275,True,[],0,0,0,0.27091924655337773,15.32433855837012,1
1419,M94,9,949947.42,5e-06,0.3367,2170112.03,1637.6,200.0,signal_enhancement,low,,0.9059404563903856,0.3,1419,1395,0.9059404563903809,0.13828060582278248,0.0014184356923810147,0.002415508942453992,0.138280605822779,35.98065715501751,False,[],0,0,0,0.2713035825335274,15.408337900690682,0
2229,M93,9,2184898.35,2e-06,0.4244,2355298.95,2819.95,200.0,signal_enhancement,low,,2.0836814403533976,0.3,2229,1396,2.0836814403533936,0.3494863582975444,0.0005673742769524058,0.0030639329836331017,0.34948635829753605,36.80602744368119,False,[],0,0,0,0.28805536229088546,17.505076319960587,0
1616,M94,6,1538213.36,3.1e-05,0.2737,2285617.2,1588.84,200.0,signal_enhancement,low,,1.4669545745850066,0.3,1616,1397,1.466954574584961,0.23888796397342021,0.008794301292762291,0.0019497083199422028,0.23888796397342182,36.39706060629542,False,[],0,0,0,0.2806060683376432,16.54717706300392,0
2258,M94,8,1349067.44,3.7e-05,2.1443,2123542.46,1326.23,200.0,denoising,low,,1.2865709686279774,0.3,2258,1398,1.2865709686279296,0.20653954802370217,0.010496424123619508,0.015780289978204944,0.2065395480237049,35.85274949274866,False,[],0,0,0,0.2783075559429115,16.254331114462172,0
2821,M94,1,556765.2,1.2e-05,0.1749,1207633.22,1836.56,200.0,denoising,medium,0.0,0.5309726715087953,0.65,2821,1399,0.530972671508789,0.07103716754722493,0.003404245661714435,0.001219214645272921,0.07103716754722325,30.497572230830713,False,[116],1,0,1,0.2662616951662694,14.771648097383109,0
2753,M90,5,2635297.12,3e-06,0.8344,2902870.16,4037.61,200.0,signal_enhancement,low,,2.5132151794433675,0.3,2753,1400,2.5132151794433595,0.4265151768689488,0.0008510614154286088,0.006095333860297126,0.4265151768689395,37.02320069166688,False,[],0,0,0,0.29426589459013874,18.280470874167204,0
1716,M93,6,1537357.41,2.4e-05,0.6286,1967068.74,1966.97,200.0,denoising,low,,1.466138277053868,0.3,1716,1401,1.466138277053833,0.23874157632396859,0.00680849132342887,0.004573718493425282,0.2387415763239683,36.317754750493116,False,[],0,0,0,0.2802567696309004,16.509968607061406,0
2671,M93,4,1583941.33,0.0,2.4504,966950.96,1737.91,200.0,denoising,low,,1.5105641651153565,0.3,2671,1402,1.5105641651153565,0.24670852597177698,0.0,0.018043489510758258,0.24670852597177023,35.945529418564355,False,[],0,0,0,0.27973668207774216,16.46708525971777,0
1247,M88,7,1815920.42,5e-06,1.4954,1440021.58,865.03,200.0,signal_enhancement,low,,1.7317966651916592,0.3,1247,1403,1.7317966651916503,0.2863824248058468,0.0014184356923810147,0.010982543566333517,0.2863824248058408,36.316053392233385,False,[],0,0,0,0.2831517280521725,16.889356090521325,0
294,M93,4,1709908.6,1.4000000000000001e-05,1.9097,2420715.13,1091.05,200.0,signal_enhancement,low,,1.630695915222191,0.3,294,1404,1.630695915222168,0.2682519018268334,0.003971619938666841,0.014045737183899138,0.2682519018268303,36.15163549179036,False,[],0,0,0,0.28213532753572,16.754008177164337,0
588,M90,8,1133067.28,1.6e-05,1.5025,2947642.37,1270.69,200.0,denoising,low,,1.0805771636963064,0.3,588,1405,1.080577163696289,0.16959842330430222,0.004538994215619247,0.011035038557124528,0.1695984233043003,35.847342536503476,False,[],0,0,0,0.2743395028809994,15.777686128924168,0
1281,M93,1,2090715.18,8e-06,5.2055,2388709.87,3117.28,200.0,denoising,low,,1.9938613700866858,0.3,1281,1406,1.9938613700866699,0.33337881361128835,0.0022694971078096233,0.03841376403587302,0.3333788136112825,35.68110233336896,False,[],0,0,0,0.28705611959723065,17.374639084053456,0
1422,M94,2,1138548.55,9e-06,1.3852,1865011.29,1470.73,200.0,signal_enhancement,low,1.0,1.0858045101165872,0.3,1422,1407,1.0858045101165772,0.17053584982607287,0.0025531842462858264,0.010167762159971625,0.17053584982606962,35.87711053450515,False,[],0,0,0,0.27407690930795436,15.751315814693873,0
2349,M88,9,1227539.12,2.2e-05,2.6083,1998619.05,1630.21,200.0,denoising,low,,1.1706725311279556,0.3,2349,1408,1.1706725311279298,0.18575533737284364,0.006241117046476464,0.019210948531307646,0.1857553373728429,35.66669289355214,False,[],0,0,0,0.2759214168877285,15.969893480565013,0
1426,M94,6,1339611.9,1e-05,2.806,2263703.43,2332.7,200.0,signal_enhancement,low,4.0,1.2775534629821903,0.3,1426,1409,1.2775534629821776,0.20492242754365586,0.0028368713847620295,0.02067267524671369,0.20492242754365234,35.699509452773206,False,[],0,0,0,0.27687606233890205,16.100287960362277,0
2252,M94,2,702795.78,3.3e-05,1.8688,2278281.56,1138.28,200.0,denoising,low,,0.6702382850647195,0.3,2252,1410,0.6702382850646973,0.09601184288369836,0.009361675569714697,0.013743336462300216,0.09601184288369898,35.471747277665784,False,[],0,0,0,0.2692724322775474,15.128628589091848,0
425,M93,5,1386117.17,1e-05,0.217,1322992.46,677.38,200.0,signal_enhancement,medium,,1.3219043445587288,0.65,425,1411,1.3219043445587157,0.2128759261854132,0.0028368713847620295,0.0015304877596815927,0.21287592618540957,31.05558907195121,False,[],0,0,0,0.27751234223024257,16.17982294677985,0
534,M94,4,2067643.83,1.9e-05,1.0704,2104455.71,1607.02,200.0,denoising,low,0.0,1.9718588161468884,0.3,534,1412,1.9718588161468507,0.3294330683035306,0.005390055631047856,0.007840237779547638,0.3294330683035288,36.58252513982769,False,[116],1,0,1,0.2872709549215606,17.391351684394166,0
1054,M93,4,2030780.88,3.4e-05,1.8616,3024874.29,1961.16,200.0,signal_enhancement,low,,1.9367035675049484,0.3,1054,1413,1.9367035675048827,0.3231286339296162,0.0096453627081909,0.013690102105441724,0.32312863392961955,36.38181147255521,False,[],0,0,0,0.2874900023747617,17.4049028680436,0
1864,M90,4,2175228.02,9.499999999999999e-05,0.6255,2372285.28,1414.18,200.0,signal_enhancement,low,,2.074459095001418,0.3,1864,1414,2.0744590950012207,0.3478325036586971,0.026950278155239274,0.004550798145333431,0.3478325036587235,36.75480607027478,False,[],0,0,0,0.2924081475790864,17.963430043381276,0
2504,M93,8,1738285.86,2e-06,2.0531,2444105.93,749.03,200.0,signal_enhancement,low,,1.6577585792541538,0.3,2504,1415,1.6577585792541505,0.27310508295806424,0.0005673742769524058,0.015105988124664071,0.2731050829580575,36.139240688092336,False,[],0,0,0,0.28194486026372706,16.741263566565785,0
1425,M94,5,1913945.22,8e-06,1.2601,2278383.29,1052.59,200.0,denoising,low,,1.8252803993225244,0.3,1425,1416,1.8252803993225097,0.3031469788802245,0.0022694971078096233,0.009242815209555357,0.3031469788802192,36.435303459234234,False,[],0,0,0,0.2846375728187456,17.072320736742817,0
132,M93,2,1851378.07,6e-06,2.0744,3017872.22,1605.55,200.0,signal_enhancement,low,,1.7656117153167832,0.3,132,1417,1.7656117153167725,0.2924465197162711,0.0017021228308572176,0.015263473097037102,0.2924465197162653,36.21188188595397,False,[],0,0,0,0.2836850824585474,16.95510340811814,0
1837,M90,7,1350088.98,4.7e-05,0.1272,2928518.06,2016.86,200.0,signal_enhancement,high,1.0,1.287545185089172,1.0,1837,1418,1.2875451850891113,0.20671425547089042,0.013333295508381537,0.0008665370310854236,0.20671425547089545,25.800860910950995,True,[],0,0,0,0.2788038006740961,16.307141873859774,1
1825,M88,5,1860798.78,6.6e-05,1.227,1478082.05,1858.55,200.0,denoising,low,,1.774596004486201,0.3,1825,1419,1.774596004486084,0.29405768344436883,0.018723351139429394,0.0089980850412198,0.294057683444382,36.40628818254088,False,[],0,0,0,0.2867075843692525,17.27759715495342,0
421,M93,1,1160595.43,1.4000000000000001e-05,0.2363,1317016.41,2106.39,200.0,signal_enhancement,medium,,1.1068300533294833,0.65,421,1420,1.1068300533294677,0.17430638658749767,0.003971619938666841,0.0016731854107050457,0.17430638658749534,30.89702998402884,False,[],0,0,0,0.2746196863165732,15.81455302477098,0
2658,M90,0,2194985.17,2.7000000000000002e-05,0.1207,1990172.67,1856.59,200.0,denoising,high,,2.093300981521663,1.0,2658,1421,2.0933009815216064,0.3512114425550844,0.0076595527388574796,0.0008184782366992867,0.3512114425550856,26.380291423119356,True,[],0,0,0,0.2893990393700125,17.64998637485028,1
2028,M90,8,1333146.09,3.8e-05,1.2515,1970975.04,2106.07,200.0,denoising,low,,1.2713871860504633,0.3,2028,1422,1.2713871860504151,0.20381662144785512,0.010780111262095712,0.009179229727752161,0.20381662144785798,36.039889593958854,False,[],0,0,0,0.2781379486303847,16.232208217196273,0
2989,M88,7,3471589.86,3.6e-05,0.7256,3176543.42,2139.55,200.0,signal_enhancement,low,,3.310766086578488,0.3,2989,1423,3.310766086578369,0.5695409709714565,0.010212736985143306,0.005290903578879941,0.569540970971464,37.61943677651942,False,[],0,0,0,0.3072994429651909,19.879238975447144,0
1368,M90,8,2065791.41,1e-05,2.1711,1711261.25,373.9,200.0,denoising,low,,1.970092210769673,0.3,1368,1424,1.9700922107696532,0.32911626076851436,0.0028368713847620295,0.015978440084289326,0.3291162607685093,36.33711184054538,False,[],0,0,0,0.2868115689968907,17.34222629261086,0
556,M93,6,913591.46,1.8e-05,0.2058,3269280.07,1281.4,200.0,signal_enhancement,medium,,0.8712687110901035,0.65,556,1425,0.8712687110900879,0.1320628787032585,0.005106368492571653,0.0014476787601239414,0.13206287870325714,30.734821152009317,False,[],0,0,0,0.27143311293999783,15.412543419898874,0
2043,M90,3,1309409.27,2.9999999999999997e-05,135.261,1426660.23,2040.4,200.0,denoising,low,,1.2487499904632944,0.3,2043,1426,1.2487499904632569,0.19975706506575822,0.008510614154286087,0.9999999999260634,0.19975706506575927,8.0,False,[],0,0,0,0.2774273696114893,16.150761705434732,0
1486,M94,6,1496628.41,2.1e-05,0.8148,2039462.59,2040.59,200.0,denoising,low,1.0,1.427296075820953,0.3,1486,1427,1.4272960758209228,0.23177595616564814,0.005957429908000261,0.005950418111071235,0.23177595616564714,36.24859128133046,False,[],0,0,0,0.27955483957761185,16.424993300000487,0
2679,M88,3,1184734.47,2.5e-05,1.7725,1562294.84,1314.75,200.0,denoising,low,,1.1298508358001993,0.3,2679,1428,1.1298508358001709,0.17843473208153152,0.007092178461905073,0.01303132693931791,0.1784347320815314,35.822799120146584,False,[],0,0,0,0.27548044890504636,15.912006533129606,0
570,M90,0,1685412.35,2.6000000000000002e-05,2.0473,1188797.84,2242.34,200.0,denoising,low,,1.6073344707489432,0.3,570,1429,1.6073344707489015,0.26406246499304775,0.0073758656003812765,0.015063104892750286,0.2640624649930481,36.10435671318968,False,[],0,0,0,0.28237889435150865,16.77339023073734,0
352,M94,2,2609715.02,3.4e-05,0.2747,4018909.18,1722.78,200.0,signal_enhancement,low,,2.4888181877137074,0.3,352,1430,2.488818187713623,0.4221400340603317,0.0096453627081909,0.001957101980616993,0.4221400340603361,37.12984707682282,False,[],0,0,0,0.295410914385219,18.395016869350755,0
91,M90,1,1589363.19,2.8000000000000003e-05,2.6055,1806674.33,1699.27,200.0,signal_enhancement,low,,1.5157348537445492,0.3,91,1431,1.5157348537445068,0.24763579198153882,0.007943239877333683,0.019190246281418234,0.24763579198153968,35.91483577948361,False,[],0,0,0,0.2811612141376698,16.619336237607392,0
2562,M94,3,1169278.94,7.000000000000001e-06,2.3987,1541467.97,2220.1,200.0,signal_enhancement,low,,1.1151112937927325,0.3,2562,1432,1.1151112937927246,0.17579147171850942,0.0019858099693334207,0.017661237253871597,0.1757914717185057,35.67332876925789,False,[],0,0,0,0.2744009054322674,15.793659296633097,0
2533,M88,1,1099725.57,3.9e-05,0.4943,1608096.1,2087.99,200.0,denoising,low,,1.0487800312042648,0.3,2533,1433,1.0487800312042237,0.16389620406766803,0.011063798400571914,0.003580749864800944,0.1638962040676705,36.04816232032665,False,[],0,0,0,0.27499254205351065,15.838110411886975,0
1170,M93,0,1697362.64,2.9999999999999997e-05,1.6448,1501233.36,1611.15,200.0,signal_enhancement,low,,1.6187311553955563,0.3,1170,1434,1.6187311553955077,0.2661062465963715,0.008510614154286087,0.012087156471147187,0.26610624659637305,36.20181029225107,False,[],0,0,0,0.2827353041339383,16.814253520740863,0
2248,M90,8,1725613.44,6.6e-05,1.6653,2318314.46,2383.85,200.0,signal_enhancement,low,,1.645673217773546,0.3,2248,1435,1.6456732177734374,0.2709378000832894,0.018723351139429394,0.012238726514980388,0.2709378000833016,36.21658940488375,False,[],0,0,0,0.28485799370036613,17.046398321342622,0
1285,M93,5,1959551.36,7.000000000000001e-06,3.5192,2288932.25,2420.12,200.0,denoising,low,,1.868773803710951,0.3,1285,1436,1.8687738037109376,0.31094670507353117,0.0019858099693334207,0.025945834039974136,0.3109467050735254,35.9654117990949,False,[],0,0,0,0.28521332410066913,17.14521163018331,0
1702,M93,2,939665.79,1.3000000000000001e-05,1.5631,1307065.03,1529.57,200.0,signal_enhancement,low,0.0,0.8961351299286007,0.3,1702,1437,0.8961351299285889,0.1365222044579468,0.0036879328001906382,0.01148309439401682,0.13652220445794463,35.701595986011284,False,[116],1,0,1,0.27154872493266813,15.431604834982899,0
1468,M88,8,1013708.69,0.000118,2.7517,2388051.21,1018.89,200.0,signal_enhancement,low,,0.9667479419709392,0.3,1468,1438,0.9667479419708251,0.1491852876866169,0.03347508234019194,0.020271199472072576,0.14918528768663278,35.48860516658429,False,[],0,0,0,0.27762558701276197,16.094404358989625,0
1907,M93,7,1231846.72,0.000349,1.5035,1146787.69,1458.11,200.0,denoising,low,,1.1747805786136913,0.3,1907,1439,1.1747805786132812,0.18649203862733013,0.09900681132819482,0.011042432217799318,0.1864920386273983,35.91469518797534,False,[],0,0,0,0.29175052101597954,17.647042990180807,0
1477,M88,7,2290160.09,3.4e-05,0.7226,1725783.61,1657.03,200.0,denoising,low,,2.1840668582917,0.3,1477,1440,2.184066858291626,0.36748859989551835,0.0096453627081909,0.00526872259685557,0.3674885998955223,36.81189272167641,False,[],0,0,0,0.2910387996520339,17.84850252770262,0
697,M90,7,1443589.69,2e-05,2.1455,1708659.99,2396.45,200.0,denoising,low,,1.3767144107818878,0.3,697,1441,1.3767144107818603,0.22270508339186254,0.005673742769524059,0.015789162371014697,0.2227050833918613,35.917145462437006,False,[],0,0,0,0.2787809429421681,16.32917820377006,0
2506,M93,1,1277287.17,5e-06,2.2835,844660.77,1447.44,200.0,signal_enhancement,low,,1.2181159687042298,0.3,2506,1442,1.2181159687042236,0.1942634279205402,0.0014184356923810147,0.016809487544135755,0.19426342792053572,35.77276908535808,False,[],0,0,0,0.275782208301348,15.96816612166826,0
348,M88,8,3555379.52,2.6000000000000002e-05,0.6657,2503581.34,4335.72,200.0,signal_enhancement,low,2.0,3.390674133300869,0.3,348,1443,3.3906741333007813,0.5838709801726355,0.0073758656003812765,0.004848023304460001,0.5838709801726369,37.69004322155674,False,[1545],1,0,1,0.3079635755658756,19.971475382533217,0
1644,M90,4,1637833.47,2.1e-05,1.7733,3320765.57,2047.89,200.0,denoising,low,,1.5619597148895592,0.3,1644,1444,1.5619597148895263,0.255925353705309,0.005957429908000261,0.013037241867857742,0.25592535370530795,36.132584158785505,False,[],0,0,0,0.28148679138078475,16.666487275397095,0
2346,M88,6,1192088.22,1.8e-05,2.1927,1977028.4,1954.35,200.0,denoising,low,,1.1368639183044638,0.3,2346,1445,1.1368639183044433,0.1796923968717117,0.005106368492571653,0.016138143154864795,0.17969239687171012,35.7346252928409,False,[],0,0,0,0.2752434743934741,15.888838601583407,0
2431,M88,1,1112861.16,2e-06,1.1729,1667019.26,1850.51,200.0,denoising,low,0.0,1.0613071060180685,0.3,2431,1446,1.0613071060180663,0.1661426999427308,0.0005673742769524058,0.008598087998713644,0.16614269994272624,35.90662815980951,False,[116],1,0,1,0.2733878696225004,15.671639736412452,0
2168,M93,8,1250703.03,2.4e-05,0.9862,1459476.35,1566.09,200.0,signal_enhancement,low,,1.1927633571625043,0.3,2168,1447,1.1927633571624756,0.1897169126249127,0.00680849132342887,0.007217691550730294,0.18971691262491236,36.04233690397774,False,[],0,0,0,0.27633479653497595,16.019721970070847,0
1137,M94,7,1430881.31,0.000105,2.0671,2220272.72,2051.47,200.0,signal_enhancement,low,3.0,1.3645947551728728,0.3,1137,1448,1.3645947551727295,0.22053165050847243,0.029787149540001306,0.015209499374111134,0.22053165050849197,35.92584162081056,False,[],0,0,0,0.282706347462478,16.741485196804746,0
1797,M94,7,1121890.02,8.6e-05,0.8585,454520.21,1002.46,200.0,denoising,low,,1.069917697906586,0.3,1797,1449,1.0699176979064942,0.16768684807361184,0.024397093908953452,0.006273521082559573,0.16768684807362333,35.98254175981766,False,[],0,0,0,0.27756245381041106,16.11601617109728,0
1544,M90,4,1373188.57,5e-06,2.2746,1758874.99,1521.62,200.0,denoising,low,0.0,1.3095746707916327,0.3,1544,1450,1.309574670791626,0.21066483048508025,0.0014184356923810147,0.016743683964130122,0.21066483048507553,35.84034880301642,False,[116],1,0,1,0.27709432050651117,16.13218014731366,0
2836,M93,7,1362161.23,1.6e-05,0.2129,2876710.05,1684.43,200.0,denoising,medium,,1.2990581798553675,0.65,2836,1451,1.2990581798553467,0.20877889511233225,0.004538994215619247,0.0015001737509149524,0.2087788951123301,31.04011036792188,False,[],0,0,0,0.2774739406256418,16.169490847004468,0
2820,M94,0,1651602.53,2.2e-05,0.0424,2453861.63,1782.39,200.0,denoising,high,,1.5750909137726177,1.0,2820,1452,1.575090913772583,0.2582801878995471,0.006241117046476464,0.0002395546058632058,0.2582801878995463,26.025934113422295,True,[],0,0,0,0.28172340492986475,16.69514198583205,1
1339,M88,9,1793335.26,1.7e-05,0.2738,2376508.92,1891.01,200.0,denoising,low,,1.710257778167754,0.3,1339,1453,1.7102577781677246,0.282519829461623,0.00482268135409545,0.001950447686009682,0.28251982946162074,36.5715658872662,False,[],0,0,0,0.28342144218712606,16.91200655898995,0
2490,M93,3,1161068.72,6e-06,0.1342,1841226.8,1232.29,200.0,signal_enhancement,high,1.0,1.1072814178466863,1.0,2490,1454,1.1072814178466797,0.17438733034660622,0.0017021228308572176,0.0009182926558089558,0.17438733034660228,25.670000541712156,True,[],0,0,0,0.27424034730897423,15.774511514421492,1
453,M94,3,1666278.35,0.00037999999999999997,1.5659,1744710.24,1029.62,200.0,denoising,low,,1.589086866379388,0.3,453,1455,1.5890868663787843,0.26079009945229537,0.1078011126209571,0.011503796643906234,0.26079009945239656,36.198046498492,False,[],0,0,0,0.2991893971017463,18.548321021700183,0
913,M94,3,2574060.28,2.8999999999999997e-05,2.2439,2217991.19,1734.32,200.0,signal_enhancement,low,2.0,2.4548151779175518,0.3,913,1456,2.4548151779174803,0.41604223210880636,0.008226927015809883,0.01651669858141406,0.41604223210880864,36.66866797099281,False,[1545],1,0,1,0.2946819561613922,18.30850700737264,0
1199,M93,9,989434.29,0.00023799999999999998,2.102,1748819.24,1540.78,200.0,signal_enhancement,low,,0.943598070144878,0.3,1199,1457,0.9435980701446534,0.14503379243824024,0.0675175389573363,0.015467538131661315,0.14503379243827605,35.61610902580313,False,[],0,0,0,0.28308068501780637,16.665653625614457,0
1274,M90,4,1495849.37,4e-06,1.4391,3302521.68,1842.96,200.0,signal_enhancement,low,,1.4265531253814756,0.3,1274,1458,1.4265531253814698,0.23164272194118554,0.0011347485539048117,0.010566280470342823,0.23164272194118019,36.109582473654456,False,[],0,0,0,0.27872432500945865,16.33685269338214,0
1866,M90,6,1472256.13,2.4e-05,1.9005,2438574.23,1371.56,200.0,signal_enhancement,low,,1.4040528583526948,0.3,1866,1459,1.404052858352661,0.2276077211274142,0.00680849132342887,0.013977715505691069,0.22760772112741393,35.99109941933893,False,[],0,0,0,0.27936606121517604,16.39863005509586,0
37,M90,7,1195184.17,0.000124,1.5425,1539079.96,599.35,200.0,signal_enhancement,low,,1.1398164463044624,0.3,37,1460,1.1398164463043212,0.18022187738262901,0.035177205171049164,0.01133078498411614,0.1802218773826491,35.88096396000703,False,[],0,0,0,0.2803978750696887,16.435408466905173,0
974,M90,4,2309012.25,4.3e-05,2.5516,2373293.73,1425.55,200.0,signal_enhancement,low,,2.2020456790925023,0.3,974,1461,2.2020456790924072,0.37071276414516563,0.012198546954476726,0.018791727971047036,0.3707127641451732,36.41909921744925,False,[],0,0,0,0.29173077411387427,17.926701486632236,0
2770,M88,4,3331219.41,1.4000000000000001e-05,1.2192,4457744.87,4917.68,200.0,signal_enhancement,low,,3.176898393631026,0.3,2770,1462,3.1768983936309816,0.5455343114376474,0.003971619938666841,0.008940414487956435,0.545534311437642,37.41392481111189,False,[],0,0,0,0.30431792030458515,19.526832273272476,0
983,M90,3,1145690.32,1.7e-05,1.7671,2109201.28,1219.9,200.0,signal_enhancement,low,,1.0926154327392765,0.3,983,1463,1.0926154327392579,0.1717572610337649,0.00482268135409545,0.012991401171674041,0.17175726103376318,35.79728700898484,False,[],0,0,0,0.27456043671289737,15.804380874711368,0
1805,M88,5,1975743.03,1.6e-05,0.3748,1064321.66,536.61,200.0,denoising,low,4.0,1.8842153835296933,0.3,1805,1464,1.8842153835296631,0.3137158627486244,0.004538994215619247,0.0026972074141635026,0.31371586274862157,36.673947228569595,False,[],0,0,0,0.2858688980365452,17.21886052336739,0
1961,M94,1,671749.46,8e-06,2.1566,2113300.28,1412.57,200.0,denoising,low,,0.6406302070617726,0.3,1961,1465,0.6406302070617675,0.09070218950567122,0.0022694971078096233,0.015871232004504868,0.09070218950566888,35.38667179788754,False,[],0,0,0,0.26764198966878133,14.947872842997285,0
1418,M94,8,1751766.53,5e-06,0.6041,3402773.48,1874.75,200.0,signal_enhancement,low,,1.670614748001107,0.3,1418,1466,1.6706147480010987,0.2754105956566246,0.0014184356923810147,0.004392573806892919,0.27541059565661874,36.46986516841971,False,[],0,0,0,0.2822739817202347,16.779637799029103,0
1284,M93,4,1872655.58,5e-06,2.7242,1302053.15,2297.47,200.0,signal_enhancement,low,,1.7859035301208588,0.3,1284,1467,1.7859035301208497,0.2960854760514344,0.0014184356923810147,0.020067873803515844,0.2960854760514282,36.08230569010026,False,[],0,0,0,0.28392797215181953,16.986386602977202,0
39,M90,9,1032653.62,3.7e-05,2.003,2210820.84,1507.39,200.0,denoising,low,,0.984815235137976,0.3,39,1468,0.9848152351379394,0.15242531779553117,0.010496424123619508,0.014735565724857074,0.1524253177955331,35.66763429943641,False,[],0,0,0,0.2739784175246578,15.713188812180462,0
2540,M88,8,878813.56,2.7000000000000002e-05,0.304,1512119.87,2118.53,200.0,denoising,low,,0.8381019210815657,0.3,2540,1469,0.838101921081543,0.1261150370841652,0.0076595527388574796,0.002173736238388349,0.1261150370841652,35.93924806118501,False,[],0,0,0,0.27139132693233897,15.399022320141086,0
169,M88,9,1559709.51,7.000000000000001e-06,1.1713,924706.33,2253.58,200.0,denoising,low,,1.4874549007415878,0.3,169,1470,1.4874549007415772,0.2425643129082401,0.0019858099693334207,0.008586258141633978,0.24256431290823538,36.212669507383936,False,[],0,0,0,0.2797427327274459,16.461387708530403,0
1355,M90,5,1384541.23,1.6e-05,1.9591,1413166.74,2515.8,200.0,signal_enhancement,low,,1.3204014110565396,0.3,1355,1471,1.3204014110565185,0.21260640325501218,0.004538994215619247,0.01441098402123378,0.21260640325500998,35.91809609238304,False,[],0,0,0,0.2777801412770562,16.207765928431268,0
737,M88,7,1696389.17,3.2e-05,1.4565,2653008.75,1427.82,200.0,signal_enhancement,low,,1.6178027820587675,0.3,737,1472,1.6178027820587157,0.26593976025358085,0.009077988431238493,0.010694930166084173,0.26593976025358296,36.24291113603179,False,[],0,0,0,0.282818438853597,16.822801394298104,0
1590,M88,0,2751472.87,0.000608,1.974,1864232.62,1796.62,200.0,signal_enhancement,low,,2.624009008409188,0.3,1590,1473,2.624009008407593,0.4463839717352111,0.1724817801935314,0.014521149565288155,0.446383971735486,36.849901399982194,False,[],0,0,0,0.3250326203717172,21.568511760835676,0
2699,M88,5,2002982.44,8.4e-05,1.0726,2160764.82,2492.39,200.0,denoising,low,,1.910192909240883,0.3,2699,1474,1.9101929092407226,0.3183744446778825,0.023829719632001044,0.007856503833032175,0.31837444467790293,36.53780266372057,False,[],0,0,0,0.28952100791167074,17.612679400154843,0
1897,M93,7,1582643.12,0.000109,0.0784,2042431.75,1428.28,200.0,denoising,high,,1.5093260955812193,1.0,1897,1475,1.5093260955810548,0.24648650142548972,0.03092189809390612,0.0005057263901556568,0.2464865014255125,25.970774213997284,True,[],0,0,0,0.2849756427900032,17.021459179945207,1
634,M94,4,1500795.4,1.7e-05,0.8236,2775937.27,2373.07,200.0,denoising,low,,1.4312700271606689,0.3,634,1476,1.4312700271606444,0.23248860979189773,0.00482268135409545,0.006015482325009391,0.2324886097918957,36.24948996941731,False,[],0,0,0,0.27941894461354805,16.411694362292696,0
2647,M94,7,2807893.67,0.000181,2.005,1789012.87,1391.46,200.0,signal_enhancement,low,,2.677816076279171,0.3,2647,1477,2.6778160762786865,0.45603326000225824,0.05134737206419273,0.014750353046206654,0.4560332600023338,36.881622448622835,False,[],0,0,0,0.30521171405109343,19.48458529717805,0
1918,M93,8,1632388.43,0.000248,1.9784,2670530.96,1631.9,200.0,signal_enhancement,low,,1.5567669200901078,0.3,1918,1478,1.5567669200897216,0.25499412336852534,0.07035441034209833,0.014553681672257233,0.2549941233685877,36.083366043306384,False,[],0,0,0,0.2923597796276387,17.816320619843022,0
1290,M94,0,2054082.94,8e-06,0.6068,2863248.45,2592.17,200.0,denoising,low,,1.958926143646256,0.3,1290,1479,1.9589261436462402,0.32711383609186895,0.0022694971078096233,0.004412536690714853,0.32711383609186323,36.67607924364603,False,[],0,0,0,0.2865549213956771,17.31198930885926,0
1380,M88,0,1679800.41,4.7e-05,2.4982,2054630.86,2364.38,200.0,signal_enhancement,low,,1.601982507705764,0.3,1380,1480,1.6019825077056884,0.2631026908176129,0.013333295508381537,0.018396906491013235,0.26310269081761933,36.000503568540054,False,[],0,0,0,0.28331487550183393,16.871026227326997,0
579,M90,9,1806010.16,3.3e-05,1.8254,2285477.71,1775.15,200.0,denoising,low,,1.7223455047607992,0.3,579,1481,1.722345504760742,0.284687536474923,0.009361675569714697,0.013422451589014315,0.2846875364749256,36.23607659822926,False,[],0,0,0,0.28436648776484535,17.015385525004096,0
328,M90,8,4375938.7,1.1e-05,1.1889,4686648.49,2692.16,200.0,denoising,low,,4.173220348358201,0.3,328,1482,4.1732203483581545,0.7242059642209276,0.003120558523238232,0.00871638656951029,0.7242059642209187,38.1353322597984,False,[],0,0,0,0.31846697208662467,21.298229695627565,1
1642,M90,2,2185076.19,1.4999999999999999e-05,2.1869,2202740.63,995.23,200.0,signal_enhancement,low,,2.0838510417938547,0.3,1642,1483,2.083851041793823,0.34951677313436713,0.0042553070771430435,0.01609525992295101,0.3495167731343638,36.415209294848935,False,[],0,0,0,0.2886847440538637,17.571763258732247,0
892,M94,2,1409783.6,1.9e-05,2.6069999999999998,1729131.22,1234.36,200.0,denoising,low,,1.344474411010768,0.3,892,1484,1.3444744110107423,0.21692344421638576,0.005390055631047856,0.019201336772430418,0.2169234442163843,35.79165367369263,False,[],0,0,0,0.278270184994589,16.26625544352272,0
1849,M94,9,3145467.42,4.2e-05,0.4884,2365017.74,2956.92,200.0,signal_enhancement,low,,2.9997514915467565,0.3,1849,1485,2.999751491546631,0.5137663376108376,0.011914859816000522,0.003537127266819681,0.5137663376108474,37.44895153243876,False,[],0,0,0,0.3031268331775871,19.352130852796385,0
780,M90,0,1118498.16,2.1e-05,2.1725,1407265.12,1783.61,200.0,denoising,low,,1.0666829681396708,0.3,780,1486,1.0666829681396484,0.16710675996955326,0.005957429908000261,0.01598879120923403,0.16710675996955232,35.68876330360119,False,[],0,0,0,0.2743813038819243,15.778301338039538,0
159,M93,9,1616064.92,0.00011399999999999999,1.7992,2340982.42,1260.57,200.0,signal_enhancement,low,,1.5411996078492967,0.3,159,1487,1.541199607849121,0.2522024179421573,0.03234033378628713,0.01322873767933481,0.2522024179421819,36.11194754138859,False,[],0,0,0,0.2856740501790414,17.104150187574742,0
1545,M90,5,1263647.39,5e-06,2.7266,1302102.8,1171.91,200.0,signal_enhancement,low,,1.2051080608367981,0.3,1545,1488,1.205108060836792,0.1919307036571638,0.0014184356923810147,0.020085618589135337,0.19193070365715942,35.665154256954594,False,[],0,0,0,0.27559559036027786,15.944838879034496,0
1933,M88,3,2811139.35,3.7e-05,2.1265,2876258.07,2424.21,200.0,signal_enhancement,low,,2.6809113979340595,0.3,1933,1489,2.68091139793396,0.4565883478766343,0.010496424123619508,0.01564868281819368,0.4565883478766407,36.85689290696073,False,[],0,0,0,0.29831145993114605,18.754819112991495,0
2978,M93,5,2316006.3,2e-06,1.3062,1784961.54,587.48,200.0,denoising,low,0.0,2.2087157249450726,0.3,2978,1490,2.208715724945068,0.3719089117468327,0.0005673742769524058,0.009583662966663192,0.37190891174682406,36.700125757987436,False,[116],1,0,1,0.2898491665668285,17.72930185445347,0
61,M94,1,561189.72,2.4e-05,1.2093,1481075.3,2209.38,200.0,denoising,low,,0.5351922225952277,0.3,61,1491,0.5351922225952148,0.07179386488089116,0.00680849132342887,0.00886721724727601,0.07179386488089064,35.52115894210529,False,[],0,0,0,0.26690095271545416,14.84049149263063,0
849,M93,9,1878171.09,4e-05,2.2378,3592335.41,2359.47,200.0,denoising,low,,1.791163530349803,0.3,849,1492,1.7911635303497315,0.29702875842123033,0.011347485539048118,0.016471597251297838,0.2970287584212353,36.193967116145984,False,[],0,0,0,0.2856913732153366,17.17454232391517,0
2129,M90,9,1061796.63,2.4e-05,0.7709999999999999,2522038.78,573.17,200.0,denoising,low,,1.012608175277734,0.3,2129,1493,1.0126081752777099,0.15740946024759564,0.00680849132342887,0.00562657577351542,0.15740946024759525,35.96084056778492,False,[],0,0,0,0.27375020034479053,15.696647446297675,0
2892,M93,0,2446013.02,3.9e-05,1.943,2372761.26,1695.47,200.0,denoising,low,,2.332699794769378,0.3,2892,1494,2.332699794769287,0.3941431288783392,0.011063798400571914,0.014291946084369657,0.39414312887834546,36.64781413298227,False,[],0,0,0,0.2934122960383644,18.140579659993687,0
1043,M93,3,2159289.76,1.1e-05,1.3518,2568667.18,2275.68,200.0,signal_enhancement,low,,2.059259185791038,0.3,1043,1495,2.0592591857910154,0.3451066850737931,0.003120558523238232,0.009920813893433628,0.3451066850737882,36.58280232349217,False,[],0,0,0,0.28813902975485395,17.50723690415622,0
2496,M93,0,1593173.92,1e-06,3.2703,1916421.42,1252.45,200.0,signal_enhancement,low,,1.5193690490722673,0.3,2496,1496,1.5193690490722656,0.24828751674045546,0.0002836871384762029,0.02410555189801883,0.24828751674044902,35.769983510021255,False,[],0,0,0,0.27991122815277736,16.487981535897127,0
2260,M94,0,1717901.9,0.000294,3.0369,2250302.31,2334.6,200.0,signal_enhancement,low,,1.6383189201359796,0.3,2260,1497,1.638318920135498,0.26961894475967,0.08340401871200366,0.02237987149652277,0.2696189447597491,35.907079634143,False,[],0,0,0,0.29574819876181424,18.197461784412766,0
2121,M90,1,1972527.62,2.8999999999999997e-05,0.887,2561358.9,1699.48,200.0,signal_enhancement,low,,1.881148929596002,0.3,2121,1498,1.8811489295959474,0.3131659517585862,0.008226927015809883,0.006484240411791096,0.3131659517585878,36.55813659468061,False,[],0,0,0,0.28645185373337456,17.27974420387044,0
1070,M90,0,1858489.27,2.5e-05,0.5441,2772922.5,1848.31,200.0,denoising,low,,1.772393484115645,0.3,1070,1499,1.7723934841156006,0.29366270273254574,0.007092178461905073,0.003948954166405501,0.2936627027325459,36.55618218593802,False,[],0,0,0,0.2846986865571275,17.06428623963975,0
53,M94,3,1110652.63,4.1e-05,1.6145,2334222.91,882.38,200.0,denoising,low,,1.0592008876800971,0.3,53,1500,1.0592008876800536,0.16576498919392144,0.01163117267752432,0.011863128552701042,0.16576498919392432,35.80716610019465,False,[],0,0,0,0.2752384984906928,15.867011000134653,0
258,M94,8,1512898.04,7.000000000000001e-06,1.325,2254184.93,1863.16,200.0,denoising,low,,1.4428120040893657,0.3,258,1501,1.4428120040893555,0.2345584468405092,0.0019858099693334207,0.009722663787349248,0.23455844684050456,36.14655387374156,False,[],0,0,0,0.2791022634420274,16.381329047853093,0
505,M90,5,702521.65,5.7999999999999994e-05,2.3631,1656402.22,1898.66,200.0,denoising,low,,0.6699768543243797,0.3,505,1502,0.6699768543243408,0.09596496018454051,0.016453854031619766,0.017398022933849067,0.0959649601845441,35.361919152722685,False,[],0,0,0,0.2704743520001386,15.25581897441456,0
752,M88,2,1512614.21,1.6e-05,1.5672,2153772.34,2781.05,200.0,signal_enhancement,low,,1.442541322708153,0.3,752,1503,1.4425413227081298,0.2345099052124423,0.004538994215619247,0.01151340840278346,0.23450990521243997,36.09263736876627,False,[],0,0,0,0.27953242143365065,16.42680094800557,0
1978,M93,8,2246492.4,1.4999999999999999e-05,15.9169,2655791.99,2541.69,200.0,denoising,low,,2.1424221038818683,0.3,1978,1504,2.142422103881836,0.36002039439743877,0.0042553070771430435,0.11761022098782188,0.3600203943974353,33.4117749479551,False,[],0,0,0,0.2895250337549094,17.676799471362962,0
2947,M90,1,2501615.64,3e-06,0.6971,2952581.04,3113.47,200.0,signal_enhancement,low,,2.3857265853881913,0.3,2947,1505,2.3857265853881837,0.4036524890572641,0.0008510614154286088,0.005080184249648418,0.40365248905725515,36.962204428739604,False,[],0,0,0,0.2924368795652039,18.051843996050355,0
2410,M88,0,1033262.23,2e-05,1.9172,2387906.84,1978.04,200.0,signal_enhancement,low,,0.9853956508636671,0.3,2410,1506,0.9853956508636474,0.15252940446803862,0.005673742769524059,0.014101189638960065,0.1525294044680375,35.68708192870336,False,[],0,0,0,0.2731668886282622,15.627421414531819,0
1517,M88,7,1266869.61,5e-06,1.7651,1493708.35,1029.27,200.0,denoising,low,4.0,1.2081810092926089,0.3,1517,1507,1.2081810092926026,0.19248177931791033,0.0014184356923810147,0.01297661385032446,0.19248177931790592,35.88062870176191,False,[],0,0,0,0.2756396764131376,15.950349635641961,0
2997,M94,6,2879546.89,9e-06,1.4898,2446854.33,2391.62,200.0,denoising,low,,2.746149911880518,0.3,2997,1508,2.7461499118804933,0.4682876515571841,0.0025531842462858264,0.010941139066554691,0.46828765155717683,37.04491643423209,False,[],0,0,0,0.2978970534464433,18.728833832004987,0
2273,M94,3,1815550.29,0.000493,2.7516,2036001.38,1128.91,200.0,denoising,low,,1.7314436817177725,0.3,2273,1509,1.731443681716919,0.2863191238411976,0.13985775926876803,0.020270460106005094,0.28631912384134306,36.03716269218464,False,[],0,0,0,0.3066813489829864,19.3806309052498,0
1389,M88,9,2240638.44,2.8999999999999997e-05,1.4009,3164875.18,2206.3,200.0,signal_enhancement,low,,2.1368393325806285,0.3,1389,1510,2.1368393325805664,0.35901922909060574,0.008226927015809883,0.010283842632565833,0.35901922909060763,36.62756163738545,False,[],0,0,0,0.29012011591993614,17.738276977190637,0
1266,M88,6,1484723.73,2.1e-05,0.4775,2331270.3,2494.96,200.0,signal_enhancement,low,,1.4159428882599177,0.3,1266,1511,1.4159428882598877,0.22973997494866874,0.005957429908000261,0.0034565363654644665,0.22973997494866777,36.315263808830736,False,[],0,0,0,0.27939196108025355,16.404633487830694,0
2466,M88,6,2373818.76,5e-06,2.8352,1133615.85,2078.18,200.0,denoising,low,,2.2638499832153434,0.3,2466,1512,2.263849983215332,0.3817962067154815,0.0014184356923810147,0.020888570138417564,0.3817962067154738,36.4005277227094,False,[],0,0,0,0.29078483060494326,17.84349390961767,0
1711,M93,1,843720.39,2.4e-05,1.574,2035090.47,1548.08,200.0,denoising,low,,0.804634466171284,0.3,1711,1513,0.8046344661712647,0.12011327685505653,0.00680849132342887,0.011563685295372035,0.12011327685505607,35.63354254855906,False,[],0,0,0,0.27076650567338745,15.323685612372284,0
771,M93,1,1367057.48,5.3e-05,0.8898,2350916.95,1503.96,200.0,denoising,low,,1.30372760772712,0.3,771,1514,1.3037276077270508,0.20961626940829278,0.015035418339238755,0.006504942661680509,0.20961626940829928,36.14331679778276,False,[],0,0,0,0.279325322670334,16.366800224189227,0
2802,M90,0,1164489.46,6.500000000000001e-05,2.1888,2197925.15,1374.26,200.0,denoising,low,,1.1105436897278553,0.3,2802,1515,1.1105436897277832,0.1749723576122001,0.01843966400095319,0.016109307878233114,0.1749723576122079,35.71661019410181,False,[],0,0,0,0.2771325314891381,16.081637528139158,0
1807,M88,7,1260900.33,2.5e-05,0.4429,673364.76,1509.3,200.0,denoising,low,,1.2024882602691953,0.3,1807,1516,1.202488260269165,0.1914608915696558,0.007092178461905073,0.003200715706116722,0.19146089156965568,36.16982209509512,False,[],0,0,0,0.2765225416640963,16.04226812801085,0
2685,M88,0,2195692.84,9.8e-05,1.7844,3062317.75,1724.44,200.0,denoising,low,,2.0939758682253027,0.3,2685,1517,2.0939758682250975,0.3513324708252958,0.027801339570667886,0.013119311501347914,0.3513324708253235,36.51175053826075,False,[],0,0,0,0.2928328253930372,18.01374882052498,0
1085,M90,5,876236.84,5e-06,1.2487,1552269.57,1952.24,200.0,denoising,low,2.0,0.8356445693969768,0.3,1085,1518,0.8356445693969726,0.1256743571564884,0.0014184356923810147,0.009158527477862747,0.12567435715648512,35.727941604290066,False,[1545],1,0,1,0.27029508264022384,15.282275414027742,0
2257,M94,7,2406544.56,2.5e-05,2.3842,1736724.35,1189.57,200.0,denoising,low,,2.2950597381592375,0.3,2257,1519,2.2950597381591797,0.3873930908073366,0.007092178461905073,0.01755402917408714,0.387393090807337,36.52295148800673,False,[],0,0,0,0.2921971176031108,18.001590120387657,0
1532,M90,2,1321548.07,2e-06,2.615,2160063.49,1585.19,200.0,denoising,low,,1.2603264522552515,0.3,1532,1520,1.260326452255249,0.20183308632770475,0.0005673742769524058,0.019260486057828742,0.20183308632769947,35.729517763575956,False,[],0,0,0,0.2762431005332983,16.028543600262193,0
1325,M94,5,1075617.84,6e-06,0.1463,1944553.51,2322.51,200.0,denoising,high,,1.0257891082763735,1.0,1325,1521,1.0257891082763673,0.1597732133225148,0.0017021228308572176,0.0010077559499739183,0.1597732133225111,25.60886017479084,True,[],0,0,0,0.2730712179470469,15.628370344180578,1
2119,M93,9,1521119.16,1e-05,1.2831,891729.8,981.12,200.0,denoising,low,,1.4506522750854636,0.3,2119,1522,1.4506522750854491,0.23596445236964003,0.0028368713847620295,0.009412869405075535,0.23596445236963615,36.16147172732629,False,[],0,0,0,0.27935942432498073,16.41070820862212,0
1812,M88,2,2640579.01,6.6e-05,2.1985,1609296.63,1852.68,200.0,denoising,low,,2.5182523822786083,0.3,1812,1523,2.518252382278442,0.42741850470557696,0.018723351139429394,0.016181026386778583,0.42741850470559606,36.72424322721895,False,[],0,0,0,0.2973764500701491,18.6112053675655,0
1714,M93,4,141400.49,5.1e-05,1.8627,1219537.72,2402.33,200.0,signal_enhancement,low,,0.13485001564026566,0.3,1714,1524,0.13485001564025878,0.0,0.014468044062286349,0.013698235132183994,0.0,35.08905294603448,False,[],0,0,0,0.2624595674905887,14.260424793121155,0
2034,M93,4,655448.01,3.3e-05,1.7783,439632.26,1618.08,200.0,signal_enhancement,low,,0.6250839328766076,0.3,2034,1525,0.6250839328765869,0.0879142568598942,0.009361675569714697,0.013074210171231693,0.08791425685989471,35.45943072230263,False,[],0,0,0,0.268624625395643,15.047652728853807,0
2423,M88,3,1622067.18,2e-06,2.0784,3079660.58,1291.29,200.0,denoising,low,2.0,1.5469238090515167,0.3,2423,1526,1.5469238090515136,0.2532289460487025,0.0005673742769524058,0.015293047739736262,0.25322894604869617,36.054124352002724,False,[1545],1,0,1,0.2803547693109781,16.542502197472167,0
2434,M88,4,1537421.48,4e-06,1.2613,2091707.53,1402.57,200.0,denoising,low,,1.466199378967291,0.3,2434,1527,1.4661993789672851,0.2387525338059481,0.0011347485539048117,0.009251687602365107,0.23875253380594258,36.17745950715284,False,[],0,0,0,0.27929310995863965,16.407950812029767,0
1681,M94,1,2160515.6,4.5e-05,0.8066,795226.69,1336.61,200.0,denoising,low,0.0,2.060428237915132,0.3,1681,1528,2.060428237915039,0.3453163326422303,0.012765921231429132,0.005889790093537955,0.345316332642238,36.70457162776278,False,[116],1,0,1,0.28979551322072133,17.68294990858803,0
2227,M93,7,2356845.51,0.0,0.1287,2425846.21,1002.62,200.0,denoising,high,,2.2476630306243894,1.0,2227,1529,2.2476630306243894,0.37889338041598447,0.0,0.0008776275220976091,0.3788933804159748,26.48924469600101,True,[],0,0,0,0.29031147043327876,17.788933804159846,1
1163,M90,3,786897.2,2e-05,0.3449,2023667.68,1548.61,200.0,denoising,low,,0.7504436492920071,0.3,1163,1530,0.7504436492919921,0.11039517040206055,0.005673742769524059,0.0024761369599872723,0.11039517040205954,35.86729657280863,False,[],0,0,0,0.26979614990298395,15.206079073872038,0
963,M88,3,1354687.37,2e-06,1.1354,1935453.1,1692.86,200.0,denoising,low,,1.2919305515289334,0.3,963,1531,1.2919305515289308,0.20750068867769197,0.0005673742769524058,0.008320825723409007,0.2075006886776866,36.080377983008496,False,[],0,0,0,0.27669650872129725,16.085219623762065,0
2902,M93,1,1960481.0,0.00020099999999999998,2.529,1931577.2,1350.16,200.0,denoising,low,,1.869660377502817,0.3,2902,1532,1.8696603775024414,0.31110569545198336,0.05702111483371678,0.018624631239796775,0.3111056954520426,36.18568384461403,False,[],0,0,0,0.2945820451578905,18.137437021526736,0
1662,M93,2,2263200.68,3e-06,1.8178,1412595.63,1336.75,200.0,signal_enhancement,low,,2.158356361389167,0.3,1662,1533,2.1583563613891603,0.36287790457394353,0.0008510614154286088,0.013366259767885911,0.3628779045739354,36.5505238252592,False,[],0,0,0,0.28917491280653834,17.64409815121715,0
398,M90,8,1853434.26,0.00022799999999999999,1.9889,2655162.68,1936.34,200.0,denoising,low,,1.7675726509098268,0.3,398,1534,1.7675726509094238,0.29279817673002884,0.06468066757257426,0.01463131510934253,0.29279817673009334,36.23225325363984,False,[],0,0,0,0.2944195676257399,18.092233783606623,0
584,M90,4,1930383.65,2e-05,0.8815,1478017.12,2006.84,200.0,signal_enhancement,low,,1.8409573078155885,0.3,584,1535,1.8409573078155517,0.3059583383385746,0.005673742769524059,0.0064435752780797485,0.3059583383385731,36.530526095011915,False,[],0,0,0,0.28544120333790507,17.16171075323718,0
948,M93,8,2219617.2,4.9e-05,1.2795,2791005.62,1432.97,200.0,denoising,low,,2.116791915893659,0.3,948,1536,2.116791915893555,0.35542410097312455,0.013900669785333943,0.00938625222664629,0.35542410097313404,36.64010883709311,False,[],0,0,0,0.2907970419413567,17.804453065867257,0
704,M90,4,1421121.02,6.2e-05,1.9934,2797889.99,2059.21,200.0,signal_enhancement,low,0.0,1.3552866172791367,0.3,704,1537,1.3552866172790528,0.21886241058667094,0.017588602585524582,0.014664586582379088,0.21886241058667988,35.93551204487531,False,[116],1,0,1,0.28049905528647284,16.505218952406153,0
431,M90,1,937303.12,0.0,0.1825,1683362.98,448.54,200.0,signal_enhancement,medium,0.0,0.8938819122314453,0.65,431,1538,0.8938819122314453,0.13611813213160787,0.0,0.0012754064664013273,0.1361181321316036,30.75621033453439,False,[116],1,0,1,0.2708894505705286,15.361181321316078,0
292,M93,2,2209176.27,7.000000000000001e-06,1.2991,3050568.75,1236.73,200.0,signal_enhancement,low,,2.1068346691131743,0.3,292,1539,2.106834669113159,0.3536384555489891,0.0019858099693334207,0.00953116797587218,0.35363845554898266,36.62861878291979,False,[],0,0,0,0.2886286641387058,17.572129134937892,0
145,M93,5,1196246.98,1e-05,2.7343,2252369.34,1061.39,200.0,denoising,low,,1.1408300209045523,0.3,145,1540,1.140830020904541,0.18040364297374262,0.0028368713847620295,0.020142549776331224,0.18040364297373937,35.61733807860503,False,[],0,0,0,0.27491455957330896,15.855100114663143,0
323,M90,3,3931648.9,7.000000000000001e-06,1.3122,4209510.55,2577.99,200.0,signal_enhancement,low,,3.7495125770569113,0.3,323,1541,3.7495125770568847,0.6482219236843036,0.0019858099693334207,0.009628024930711934,0.6482219236842928,37.80404694681586,False,[],0,0,0,0.31219534158953094,20.517963816291036,0
2108,M88,8,1619795.42,4.3e-05,0.4593,2243133.66,1130.25,200.0,denoising,low,1.0,1.5447572898865412,0.3,2108,1542,1.5447572898864745,0.2528404214777367,0.012198546954476726,0.003321971741183283,0.2528404214777418,36.411702533675445,False,[],0,0,0,0.28230098670047993,16.747978059957948,0
1165,M90,5,2244144.49,2.6000000000000002e-05,0.5789,1575089.98,2203.05,200.0,signal_enhancement,low,,2.1401829624176583,0.3,1165,1543,2.1401829624176028,0.3596188463794191,0.0073758656003812765,0.004206253557888204,0.3596188463794198,36.81228777878103,False,[],0,0,0,0.29002340486241834,17.728954044601053,0
1452,M88,2,1898814.49,8e-06,1.7292,2369321.03,1214.37,200.0,signal_enhancement,low,,1.8108506107330467,0.3,1452,1544,1.8108506107330322,0.300559266982115,0.0022694971078096233,0.01271118143209949,0.30055926698210966,36.32090162496547,False,[],0,0,0,0.2844305558668968,17.046443617761724,0
2,M93,2,1361779.75,3.8e-05,0.9186,1672838.64,1505.96,200.0,signal_enhancement,low,,1.2986943721771733,0.3,2,1545,1.298694372177124,0.20871365302983585,0.010780111262095712,0.006717880089114469,0.2087136530298388,36.13331820944591,False,[],0,35,0,0.27852971115694314,16.28117853301608,0
576,M90,6,1746088.64,2.2e-05,0.9436,1211058.53,800.75,200.0,denoising,low,,1.6651998901367553,0.3,576,1546,1.6651998901367187,0.27443954247484437,0.006241117046476464,0.006902721605984227,0.2744395424748436,36.390676521719854,False,[],0,0,0,0.28301615329588853,16.85673553158502,0
2657,M88,8,2482394.26,4.3e-05,1.6252,2336021.67,2404.21,200.0,signal_enhancement,low,,2.3673956489564008,0.3,2657,1547,2.3673956489562986,0.40036517947444245,0.012198546954476726,0.011942240721921297,0.4003651794744506,36.74319349624013,False,[],0,0,0,0.2941029673402164,18.223225639925005,0
339,M93,9,2533590.62,8e-06,0.9937,2234732.71,2818.66,200.0,signal_enhancement,low,,2.4162203025818063,0.3,339,1548,2.416220302581787,0.40912096521061647,0.0022694971078096233,0.007273144005791221,0.4091209652106096,36.91828954066873,False,[],0,0,0,0.2931154917251769,18.13206060004674,0
2539,M88,7,673819.74,2.8000000000000003e-05,0.3841,1743372.89,1360.74,200.0,denoising,low,,0.6426045799255551,0.3,2539,1549,0.6426045799255371,0.09105625624193697,0.007943239877333683,0.0027659684584390525,0.09105625624193693,35.781245971214574,False,[],0,0,0,0.2686348512785017,15.053540880211376,0
2935,M90,7,2368562.07,1.7e-05,0.9566,1870616.9,637.24,200.0,signal_enhancement,low,,2.258836812973061,0.3,2935,1550,2.2588368129730223,0.38089718867354483,0.00482268135409545,0.006998839194756501,0.38089718867354194,36.813623578851484,False,[],0,0,0,0.2912916309240798,17.895780151109168,0
925,M93,5,1630111.82,7.3e-05,3.0877,2638001.39,1886.78,200.0,signal_enhancement,low,0.0,1.5545957756043616,0.3,925,1551,1.554595775604248,0.25460476933310505,0.02070916110876281,0.022755469458802118,0.2546047693331185,35.83575499356835,False,[116],1,0,1,0.28388893893513806,16.91881259328878,0
265,M94,5,1610503.61,2.3e-05,0.8939,2207789.66,1663.18,200.0,denoising,low,,1.5358959293365835,0.3,265,1552,1.535895929336548,0.25125130269153323,0.006524804184952667,0.006535256670447149,0.25125130269153273,36.30894751065272,False,[],0,0,0,0.2812093209267646,16.629959502244482,0
376,M90,6,1900686.33,0.000166,0.3102,1631683.26,1720.22,200.0,denoising,low,,1.8126357364657553,0.3,376,1553,1.8126357364654542,0.3008793957954213,0.04709206498704968,0.0022195769345720487,0.3008793957954673,36.63693027514452,False,[],0,0,0,0.29207600271143214,17.856451127721108,0
2022,M90,2,1330199.64,3.8e-05,1.791,1374277.06,1205.16,200.0,denoising,low,,1.268577232360888,0.3,2022,1554,1.2685772323608397,0.2033127089649686,0.010780111262095712,0.01316810966180153,0.20331270896497147,35.91820754600583,False,[],0,0,0,0.27809763563175377,16.227169092367408,0
1463,M88,3,1207737.2,8e-05,2.6766,1409328.78,1363.54,200.0,denoising,low,,1.1517879486084905,0.3,1463,1555,1.1517879486083984,0.18236874174993492,0.022694971078096236,0.019715935555395823,0.18236874174994613,35.63799690033786,False,[],0,0,0,0.27844764442327113,16.23219689690508,0
271,M94,1,982925.79,1.1e-05,1.7126,2725057.26,1504.81,200.0,denoising,low,,0.9373910808563337,0.3,271,1556,0.9373910808563233,0.14392068534500374,0.003120558523238232,0.01258844666489797,0.1439206853450012,35.69802934143308,False,[],0,0,0,0.27204414977655084,15.495376906868326,0
696,M90,6,1449788.5,1e-05,0.6718,1249827.0,1283.52,200.0,signal_enhancement,low,,1.3826260566711563,0.3,696,1557,1.3826260566711426,0.2237652261867654,0.0028368713847620295,0.004893124634576222,0.22376522618676165,36.24826716570977,False,[],0,0,0,0.27838348623035075,16.28871594679337,0
2973,M93,0,3314254.11,3e-06,0.8564,5162502.6,2663.8,200.0,denoising,low,,3.160719022750864,0.3,2973,1558,3.1607190227508544,0.5426328447757615,0.0008510614154286088,0.006257994395142513,0.5426328447757498,37.48279154724877,False,[],0,0,0,0.30355530802268377,19.44164755323533,0
244,M88,4,1778698.09,5.3e-05,1.4714,2621633.84,1668.12,200.0,denoising,low,,1.6962986850739425,0.3,244,1559,1.6962986850738526,0.28001652797097104,0.015035418339238755,0.01080509571013855,0.2800165279709797,36.29591324057973,False,[],0,0,0,0.2849573433553482,17.07080280981601,0
2813,M88,2,2050299.16,6.3e-05,1.3006,2345921.86,411.46,200.0,denoising,low,,1.9553176498414317,0.3,2813,1560,1.9553176498413085,0.3264667204189418,0.017872289724000782,0.009542258466884366,0.3264667204189554,36.51959912766924,False,[],0,0,0,0.28915562688659546,17.586368419221433,0
476,M88,6,1286539.24,2.1e-05,0.3374,1425360.27,1375.77,200.0,signal_enhancement,low,,1.2269394302368424,0.3,476,1561,1.2269394302368164,0.19584575022892467,0.005957429908000261,0.002420684504926345,0.19584575022892373,36.21076246576791,False,[],0,0,0,0.276680423102674,16.065691240633253,0
2785,M90,1,2189261.04,5.5e-05,0.8297,3135360.99,1425.51,200.0,signal_enhancement,low,,2.087842025756951,0.3,2785,1562,2.087842025756836,0.35023248124209255,0.015602792616191161,0.006060583655125611,0.35023248124210415,36.719112415314605,False,[],0,0,0,0.2906710732441199,17.783175079512368,0
2843,M88,5,1277041.37,3.4e-05,13.3353,893727.05,884.25,200.0,signal_enhancement,low,,1.2178815555572924,0.3,2843,1563,1.217881555557251,0.1942213903199383,0.0096453627081909,0.09852274658978323,0.19422139031994015,33.32120316358626,False,[],0,0,0,0.2771774228859875,16.11583043194682,0
2298,M88,8,1637121.1,0.000386,1.7725,1734092.23,1579.24,200.0,signal_enhancement,low,,1.5612803459173508,0.3,2298,1564,1.5612803459167481,0.25580352162418296,0.10950323545181433,0.01303132693931791,0.2558035216242841,36.13227427831719,False,[],0,0,0,0.299079831756743,18.529093454374486,0
2448,M94,8,2176027.23,5e-05,0.302,2160993.6,669.15,200.0,signal_enhancement,low,,2.075221281051739,0.3,2448,1565,2.0752212810516357,0.3479691874291489,0.014184356923810147,0.002158948917038768,0.34796918742915844,36.82710828220544,False,[],0,0,0,0.29024887567137964,17.73501029892007,0
2783,M93,8,3916822.48,5e-06,0.6924,2789379.24,5059.33,200.0,denoising,low,,3.735373001098652,0.3,2783,1566,3.735373001098633,0.6456862559775659,0.0014184356923810147,0.005045434044476903,0.6456862559775536,37.93138200257596,False,[],0,0,0,0.31189603454591003,20.482394402238516,0
2953,M90,7,2154361.08,5e-06,0.6402,2071025.76,1527.43,200.0,denoising,low,,2.054558830261241,0.3,2953,1567,2.0545588302612305,0.34426376448252133,0.0014184356923810147,0.004659484957252849,0.34426376448251433,36.7372705092125,False,[],0,0,0,0.28778223522630647,17.468169487288073,0
2982,M88,0,2132117.1,2.4e-05,0.639,3014685.72,1444.68,200.0,denoising,low,,2.033345317840625,0.3,2982,1568,2.0333453178405763,0.3404595189697595,0.00680849132342887,0.004650612564443101,0.34045951896975946,36.72231969894574,False,[],0,0,0,0.2883942050425637,17.527148033519314,0
2159,M94,9,1112618.68,6e-06,1.1936,2179838.07,1294.7,200.0,denoising,low,,1.0610758590698306,0.3,2159,1569,1.0610758590698242,0.16610123014047712,0.0017021228308572176,0.008751136774681803,0.16610123014047334,35.90187081732145,False,[],0,0,0,0.2735774592924839,15.691650512360201,0
250,M94,0,1193838.95,8e-06,0.6849,1897051.94,2010.09,200.0,signal_enhancement,low,,1.1385335445404143,0.3,250,1570,1.1385335445404052,0.17999181301695896,0.0022694971078096233,0.004989981589415975,0.17999181301695535,36.07026780438536,False,[],0,0,0,0.2747851595496843,15.840769078110164,0
413,M88,3,1565886.69,5e-06,3.0688,1745665.0,2329.29,200.0,signal_enhancement,low,,1.493345918655403,0.3,413,1571,1.4933459186553955,0.24362075646269943,0.0014184356923810147,0.02261572927204858,0.2436207564626941,35.796011147689335,False,[],0,0,0,0.2797307945847207,16.46173940708985,0
545,M88,5,1798179.71,6.3e-05,2.972,1878353.62,689.57,200.0,signal_enhancement,low,,1.714877805709947,0.3,545,1572,1.7148778057098388,0.2833483447351621,0.017872289724000782,0.02190002291872888,0.28334834473517395,35.976392691378784,False,[],0,0,0,0.2857061568318931,17.155184662383636,0
1193,M93,3,1581396.83,0.000103,0.8313,1487704.48,1994.98,200.0,denoising,low,,1.5081375408174162,0.3,1193,1573,1.5081375408172608,0.24627335642445575,0.0292197752630489,0.006072413512205276,0.2462733564244769,36.30292102033167,False,[],0,0,0,0.28466923030867475,16.988689518979438,0
738,M88,8,1788339.65,4.6e-05,1.0842,1503457.56,810.0,200.0,signal_enhancement,low,,1.7054935932160207,0.3,738,1574,1.7054935932159423,0.28166546226087885,0.013049608369905335,0.007942270296859745,0.2816654622608854,36.38839374013772,False,[],0,0,0,0.2847516704037542,17.051547573267083,0
310,M90,0,2490808.99,2e-06,1.268,4306530.25,3604.43,200.0,signal_enhancement,low,,2.375420560836797,0.3,310,1575,2.375420560836792,0.4018042968825503,0.0005673742769524058,0.009301225128886202,0.40180429688254105,36.82818043366362,False,[],0,0,0,0.29224079737768593,18.028255705810647,0
1979,M93,9,1663255.82,1.6e-05,14.6776,651669.29,2220.03,200.0,denoising,low,,1.5862043571472422,0.3,1979,1576,1.5862043571472169,0.26027317549400697,0.004538994215619247,0.10844725731355426,0.26027317549400447,33.2876749825694,False,[],0,0,0,0.2815934830561758,16.684433650821216,0
893,M94,3,1879985.46,1.9e-05,1.4592,2109385.46,1030.0,200.0,denoising,low,1.0,1.7928938484192236,0.3,893,1577,1.7928938484191894,0.2973390585083096,0.005390055631047856,0.010714893049906108,0.29733905850830783,36.36790944253606,False,[],0,0,0,0.2847034341379429,17.070411586441956,0
1131,M94,1,1005439.75,7.8e-05,1.8308,1487466.7,2165.0,200.0,signal_enhancement,low,,0.9588620662689956,0.3,1131,1578,0.9588620662689209,0.14777110380898814,0.022127596801143828,0.013462377356658183,0.147771103808997,35.687213094536204,False,[],0,0,0,0.2755833797609135,15.87600778051047,0
1449,M90,9,1254820.47,7.3e-05,1.2409999999999999,3327196.17,1095.55,200.0,denoising,low,,1.1966900539399068,0.3,1449,1579,1.1966900539398193,0.19042109203183832,0.02070916110876281,0.009101596290666862,0.19042109203184854,35.98863647940735,False,[],0,0,0,0.2787542447510367,16.276975820276114,0
2907,M93,6,1658392.65,0.000239,2.0545,2163809.62,1464.11,200.0,denoising,low,,1.5815664768222772,0.3,2907,1580,1.5815664768218993,0.25944145865869694,0.0678012260958125,0.015116339249608776,0.25944145865875773,36.08427565714653,False,[],0,0,0,0.29228152512898387,17.814836656311595,0
15,M93,5,1538137.97,0.000363,2.3143,2466736.82,1410.09,200.0,signal_enhancement,low,1.0,1.4668826770787795,0.3,15,1581,1.466882677078247,0.23887507050430148,0.10297843126686165,0.017037212292919296,0.2388750705043904,35.94438391322962,False,[],0,0,0,0.2966163389557106,18.242362467846526,0
1950,M90,0,2059018.43,4.1e-05,0.9089,1017029.66,1578.35,200.0,denoising,low,,1.9636329936982007,0.3,1950,1582,1.96363299369812,0.3279579213538491,0.01163117267752432,0.006646161580569004,0.327957921353855,36.612446837998334,False,[],0,0,0,0.288213933063487,17.488940321733928,0
721,M94,1,1552473.96,2e-06,1.4594,1785253.99,2617.35,200.0,denoising,low,,1.4805545425415068,0.3,721,1583,1.4805545425415039,0.24132686310744617,0.0005673742769524058,0.010716371782041066,0.2413268631074401,36.14381629896855,False,[],0,0,0,0.2794026026756776,16.423481368059605,0
1420,M94,0,1091620.52,3e-06,1.7307,2050947.25,2437.59,200.0,denoising,low,,1.0410504531860385,0.3,1420,1584,1.0410504531860352,0.16251004924765783,0.0008510614154286088,0.012722271923111674,0.16251004924765355,35.768372039297276,False,[],0,0,0,0.27314548438043545,15.640419597954294,0
2633,M94,2,1427216.69,0.0006799999999999999,2.3606,3016795.56,1098.37,200.0,denoising,low,,1.3610999012002662,0.3,2633,1585,1.3610999011993408,0.21990491400758647,0.19290725416381796,0.01737953878216209,0.21990491400774628,35.858233492565475,False,[],0,0,0,0.310386626328456,19.67137971502459,0
981,M90,1,2253656.33,2e-05,1.2069,2408324.53,1389.47,200.0,signal_enhancement,low,,2.1492541599274113,0.3,981,1586,2.1492541599273682,0.36124559548808166,0.005673742769524059,0.008849472461656514,0.3612455954880801,36.679498208102636,False,[],0,0,0,0.2898641839098656,17.71458332473225,0
1874,M88,4,1873506.71,6e-06,1.7369999999999999,1963697.2,1364.79,200.0,denoising,low,,1.786715230941783,0.3,1874,1587,1.7867152309417724,0.29623103936713946,0.0017021228308572176,0.012768851985362853,0.2962310393671335,36.301858597907675,False,[],0,0,0,0.2839878440306169,16.992948604626825,0
1539,M90,9,1122731.54,3e-06,2.4757,3247777.95,1219.53,200.0,denoising,low,,1.0707202339172397,0.3,1539,1588,1.0707202339172364,0.16783076785253176,0.0008510614154286088,0.018230549125830452,0.16783076785252737,35.624406597635215,False,[],0,0,0,0.27357114186882536,15.693626784003033,0
2530,M90,7,2021299.62,1.3000000000000001e-05,0.3674,1850622.7,865.71,200.0,signal_enhancement,low,,1.9276615333557383,0.3,2530,1589,1.927661533355713,0.32150711472260707,0.0036879328001906382,0.0026424943251700545,0.3215071147226032,36.70675362913533,False,[],0,0,0,0.286347517753841,17.2814539376295,0
1550,M94,0,2332912.95,0.0029460000000000003,2.3951,1670776.2,915.65,200.0,denoising,low,,2.224839162833093,0.3,1550,1590,2.2248391628265383,0.3748003478746451,0.8357423099508938,0.01763462007544235,0.37480034787581107,36.47016278923531,False,[],0,0,0,0.4320602205216235,32.791365057862535,1
2422,M88,2,1381347.14,2e-06,3.2921,2082530.97,967.16,200.0,signal_enhancement,low,,1.317355289459231,0.3,2422,1591,1.3173552894592284,0.21206013848810187,0.0005673742769524058,0.024266733700729255,0.21206013848809638,35.62023854293053,False,[],0,0,0,0.27706126470613,16.130814121866162,0
363,M93,3,828664.93,5.6000000000000006e-05,0.1672,3624055.53,2889.92,200.0,signal_enhancement,medium,,0.7902764606476272,0.65,363,1592,0.7902764606475831,0.11753843790323382,0.015886479754667365,0.0011622834580770356,0.1175384379032379,30.685285247870624,False,[],0,0,0,0.2721037765905522,15.461341014616352,0
2768,M88,2,4544652.98,9e-06,0.4054,2995395.67,4982.51,200.0,denoising,low,,4.3341188240051665,0.3,2768,1593,4.334118824005127,0.7530600875670574,0.0025531842462858264,0.0029234534308120856,0.7530600875670463,38.424536747343865,False,[],0,0,0,0.3206788483272332,21.576558192103718,1
182,M88,2,2067818.94,0.000124,1.1069,2485235.47,2472.5,200.0,signal_enhancement,low,,1.9720258140566407,0.3,182,1594,1.9720258140563964,0.32946301624592844,0.035177205171049164,0.008110106394177483,0.3294630162459637,36.574548873158385,False,[],0,0,0,0.29233716617875266,17.927819855538168,0
985,M90,5,1668377.87,1.9e-05,1.3649,2027061.66,1129.39,200.0,denoising,low,,1.591089124679596,0.3,985,1595,1.5910891246795655,0.261149166918592,0.005390055631047856,0.010017670848273381,0.2611491669185904,36.244066542226165,False,[],0,0,0,0.2818082428107655,16.70851267054478,0
1990,M88,0,1021858.52,1.1e-05,2.3323,2284214.76,1469.79,200.0,denoising,low,,0.9745202255249131,0.3,1990,1596,0.9745202255249024,0.15057910094338445,0.003120558523238232,0.017170298185065522,0.15057910094338178,35.58720745822157,False,[],0,0,0,0.27257682302442127,15.561961062852133,0
1194,M93,4,1191261.52,9.499999999999999e-05,2.2299,1811326.19,1224.88,200.0,signal_enhancement,low,,1.1360755157471782,0.3,1194,1597,1.1360755157470703,0.17955101166252702,0.026950278155239274,0.016413187331966998,0.17955101166254112,35.725808426691096,False,[],0,0,0,0.27894562821939284,16.280615123419576,0
1769,M90,9,2247170.54,3.2e-05,2.7532,2223856.99,1683.62,200.0,signal_enhancement,low,,2.143068828582832,0.3,1769,1598,2.1430688285827637,0.36013637234077545,0.009077988431238493,0.020282289963084763,0.3601363723407785,36.33207679047056,False,[],0,0,0,0.29035416782057255,17.76476751517005,0
1675,M94,5,2329964.51,3.8e-05,0.46299999999999997,2557498.71,2709.18,200.0,denoising,low,,2.2220273113251574,0.3,1675,1599,2.222027311325073,0.37429609505479683,0.010780111262095712,0.003349328285680007,0.37429609505480244,36.89670453164879,False,[],0,0,0,0.29177630651894004,17.93700295326569,0
1121,M88,1,1181903.5,0.000155,2.0587,1667890.26,1157.07,200.0,signal_enhancement,low,,1.127151012420829,0.3,1121,1600,1.1271510124206543,0.17795056940384238,0.043971506463811455,0.015147392624442896,0.17795056940386852,35.75738049888208,False,[],0,0,0,0.2817112016511553,16.57099281038703,0
187,M88,7,1893265.1,0.000152,2.237,1711760.06,1953.32,200.0,signal_enhancement,low,,1.8055583000185853,0.3,187,1601,1.8055583000183106,0.2996101903327894,0.04312044504838285,0.016465682322758007,0.29961019033283076,36.20447029164842,False,[],0,0,0,0.29129929088484824,17.772269914198787,0
619,M90,9,2959427.95,1.2e-05,1.9058,2317183.34,2517.38,200.0,denoising,low,,2.8223304271698337,0.3,619,1602,2.8223304271698,0.481949197919825,0.003404245661714435,0.014016901907267456,0.4819491979198191,37.007289734461274,False,[],0,0,0,0.29913465759607744,18.88076840110911,0
1612,M94,2,2186064.29,2.4e-05,2.0921,1933483.73,1681.37,200.0,signal_enhancement,low,,2.0847933673859145,0.3,1612,1603,2.0847933673858643,0.34968576155240927,0.00680849132342887,0.015394340890980891,0.3496857615524092,36.43691281948021,False,[],0,0,0,0.28913230444917565,17.61941045934581,0
1175,M93,5,1683167.35,2.3e-05,1.4016,2606881.04,1504.23,200.0,signal_enhancement,low,,1.6051934719086065,0.3,1175,1604,1.6051934719085694,0.26367851701358763,0.006524804184952667,0.010289018195038186,0.2636785170135872,36.24604352220321,False,[],0,0,0,0.282203498072529,16.754231645465023,0
1182,M93,2,1943553.61,9.2e-05,1.7189,1841845.42,1536.37,200.0,signal_enhancement,low,,1.8535171604158198,0.3,1182,1605,1.8535171604156495,0.3082107122947305,0.02609921673981067,0.01263502672714915,0.30821071229475294,36.35379204736445,False,[],0,0,0,0.2890937238293462,17.551893024263897,0
2384,M93,4,1190463.3,5.7999999999999994e-05,1.9403,2259051.53,1327.37,200.0,signal_enhancement,low,,1.1353142738342943,0.3,2384,1606,1.1353142738342286,0.1794144972054381,0.016453854031619766,0.014271983200547721,0.17941449720544464,35.789498492805315,False,[],0,0,0,0.27715031496181036,16.090314344623536,0
2715,M93,3,1996657.13,2.9999999999999997e-05,2.3385,1471526.1,2358.51,200.0,denoising,low,,1.904160623550472,0.3,2715,1607,1.904160623550415,0.31729266739772277,0.008510614154286087,0.017216138881249222,0.3172926673977247,36.25268650315341,False,[],0,0,0,0.28683021779804646,17.326117728754376,0
614,M90,4,2498961.0,1.1e-05,0.5921,2190216.29,1734.56,200.0,signal_enhancement,low,,2.3831949234009056,0.3,614,1608,2.383194923400879,0.40319848297076333,0.003120558523238232,0.004303849878795435,0.40319848297075794,36.98367843551919,False,[],0,0,0,0.2927863735866116,18.088154883125924,0
1513,M88,3,507794.17,5e-06,1.5747,1620446.3,1890.46,200.0,denoising,low,,0.4842702579498316,0.3,1513,1609,0.4842702579498291,0.06266196575632128,0.0014184356923810147,0.011568860857844388,0.06266196575631909,35.40358203728996,False,[],0,0,0,0.26525409132821043,14.65215150002607,0
1466,M88,6,1843173.01,0.000105,1.47,2294228.76,1687.01,200.0,signal_enhancement,low,,1.7577867603303847,0.3,1466,1610,1.7577867603302002,0.2910432608261381,0.029787149540001306,0.010794744585193843,0.29104326082616344,36.340330705748734,False,[],0,0,0,0.28834727628789125,17.446601299981403,0
401,M94,1,1579566.67,5.5e-05,0.2789,1094074.32,1672.09,200.0,signal_enhancement,low,,1.5063921642304297,0.3,401,1611,1.5063921642303466,0.2459603558747503,0.015602792616191161,0.0019881553554511123,0.24596035587475848,36.424196762835464,False,[],0,0,0,0.2823293032147325,16.740453825838944,0
994,M90,4,2279852.45,6.500000000000001e-05,2.1403,2320912.29,1374.55,200.0,denoising,low,,2.174236726761006,0.3,994,1612,2.1742367267608644,0.36572575020687614,0.01843966400095319,0.015750715335505785,0.36572575020689224,36.49038154076233,False,[],0,0,0,0.29239280289671216,17.98917145408592,0
934,M93,4,1058103.09,5.6999999999999996e-05,0.7854,2620669.2,1789.62,200.0,denoising,low,,1.0090857410431484,0.3,934,1613,1.009085741043091,0.15677777774423043,0.016170166893143566,0.005733044487232401,0.156777777744236,35.95511977635994,False,[],0,0,0,0.2752911505913728,15.858840781518888,0
371,M90,1,1948137.77,0.000102,0.1499,2418487.7,1940.42,200.0,denoising,high,,1.8578889560701357,1.0,371,1614,1.8578889560699463,0.30899471183572014,0.028936088124572698,0.0010343731284031634,0.30899471183574595,26.204947653490787,True,[],0,0,0,0.2896387119280349,17.610796704599508,1
1922,M88,2,2112383.25,2.7000000000000002e-05,2.3377,1496460.45,2744.86,200.0,denoising,low,,2.0145256519318173,0.3,1922,1615,2.0145256519317627,0.33708456492322575,0.0076595527388574796,0.01721022395270939,0.3370845649232268,36.33203154111162,False,[],0,0,0,0.2882688891594638,17.508717598531693,0
2306,M88,6,431700.83,0.000421,1.2718,1661650.31,1429.61,200.0,denoising,low,,0.41170199394243406,0.3,2306,1616,0.41170199394226076,0.04964820889958699,0.11943228529848142,0.009329321039450405,0.04964820889961572,35.418713204414836,False,[],0,0,0,0.2842753452127088,16.646263224368536,0
593,M90,3,1613701.39,4e-05,1.1324,1450549.71,1520.63,200.0,signal_enhancement,low,,1.5389455699921268,0.3,593,1617,1.5389455699920653,0.2517981985355233,0.011347485539048118,0.008298644741384637,0.2517981985355275,36.25823345190055,False,[],0,0,0,0.28207292842448,16.7222367250581,0
1910,M93,0,1384443.41,0.000106,1.4304,1805342.36,1413.62,200.0,denoising,low,,1.3203081226350275,0.3,1910,1618,1.3203081226348876,0.21258967372657084,0.03007083667847751,0.010501955622472145,0.21258967372658996,36.035300026232115,False,[],0,0,0,0.2821192161334668,16.667171797478304,0
726,M94,6,1580990.0,3e-06,1.2771,2024165.08,1143.29,200.0,signal_enhancement,low,2.0,1.5077495574951219,0.3,726,1619,1.5077495574951172,0.246203778893728,0.0008510614154286088,0.009368507441026793,0.2462037788937221,36.2037598923441,False,[1545],1,0,1,0.2798409827521211,16.477356894414996,0
826,M93,6,2085101.15,8.3e-05,0.1524,1730356.28,1512.19,200.0,denoising,medium,,1.9885074138643009,0.65,826,1620,1.9885074138641357,0.3324186819965319,0.02354603249352484,0.0010528572800901392,0.3324186819965529,31.548089009583418,False,[],0,0,0,0.2905963200836218,17.748015404848765,0
1674,M94,4,1391157.48,4e-05,0.3265,3414088.32,1740.7,200.0,denoising,low,,1.3267111587524945,0.3,1674,1621,1.3267111587524414,0.21373793814102676,0.011347485539048118,0.002340093603571131,0.2137379381410303,36.28474894445697,False,[],0,0,0,0.2790281075929203,16.341634121113135,0
687,M94,7,1325993.11,1.4000000000000001e-05,1.0952,1888350.38,1996.87,200.0,denoising,low,,1.2645655727386653,0.3,687,1622,1.2645655727386476,0.20259329306561977,0.003971619938666841,0.008023600564282437,0.2025932930656172,36.06966515533401,False,[],0,0,0,0.2768826388348229,16.0974220895522,0
2215,M94,5,1610353.81,4.1e-05,1.6629,1627530.38,1625.3,200.0,signal_enhancement,low,,1.5357530689240133,0.3,2215,1623,1.5357530689239502,0.2512256833564227,0.01163117267752432,0.012220981729360892,0.25122568335642714,36.13827328154486,False,[],0,0,0,0.28207535402369294,16.721617941759664,0
136,M93,6,1791979.93,6e-06,1.703,2361000.15,1559.34,200.0,signal_enhancement,low,,1.7089652347564799,0.3,136,1624,1.7089652347564697,0.28228803604736835,0.0017021228308572176,0.012517467522419983,0.2822880360473627,36.25362811851687,False,[],0,0,0,0.2828724037650352,16.853518571429113,0
2764,M90,7,4829403.58,1.6e-05,0.8758,742353.64,4615.14,200.0,signal_enhancement,low,,4.60567815780647,0.3,2764,1625,4.6056781578063966,0.8017591599590591,0.004538994215619247,0.006401431412233444,0.8017591599590533,38.51499369746924,False,[],0,0,0,0.32491236181338,22.099293495471738,1
628,M88,8,1292039.82,2.5e-05,1.7311,2010063.24,1394.8,200.0,signal_enhancement,low,,1.2321851921081852,0.3,628,1626,1.2321851921081544,0.1967864792163895,0.007092178461905073,0.012725229387381591,0.19678647921638942,35.905389035244106,False,[],0,0,0,0.276948588675835,16.095524004478186,0
334,M93,4,2610597.01,1.4000000000000001e-05,1.2004,3328111.62,3432.14,200.0,signal_enhancement,low,,2.4896593189239846,0.3,334,1627,2.48965931892395,0.4222908751642977,0.003971619938666841,0.008801413667270375,0.4222908751642933,36.92512109063908,False,[],0,0,0,0.2944584454027172,18.29439791053898,0
390,M90,0,1571896.42,0.000166,2.2197,2553857.51,2040.34,200.0,denoising,low,,1.4990772438051805,0.3,390,1628,1.4990772438049316,0.24464856211552818,0.04709206498704968,0.016337771993084133,0.24464856211556613,35.988461088669595,False,[],0,0,0,0.28757753601704067,17.294142790922177,0
2309,M88,9,1826289.05,0.000772,2.1482,2076345.8,1211.29,200.0,signal_enhancement,low,,1.7416849613203145,0.3,2309,1629,1.7416849613189698,0.2881557052237841,0.21900647090362865,0.015809125254836628,0.28815570522401757,36.178349063250046,False,[],0,0,0,0.32028355647151957,20.823673528503157,0
1109,M88,9,1231809.11,6.3e-05,2.0155,2524970.71,1801.83,200.0,denoising,low,0.0,1.1747447109223155,0.3,1109,1630,1.1747447109222413,0.1864856064297767,0.017872289724000782,0.014827986483291953,0.18648560642978462,35.80110283122035,False,[116],1,0,1,0.2779571377674623,16.186557279329783,0
1737,M90,7,978377.72,1.8e-05,0.6992,1560769.77,2260.19,200.0,denoising,low,,0.9330537033081222,0.3,1737,1631,0.9330537033081054,0.1431428580456973,0.005106368492571653,0.005095710937065477,0.14314285804569588,35.91970010407083,False,[],0,0,0,0.27231951128739296,15.523343213323264,0
2698,M88,4,2244009.97,4.6e-05,1.06,2246208.15,1422.36,200.0,signal_enhancement,low,,2.140054674148658,0.3,2698,1632,2.1400546741485598,0.3595958402848993,0.013049608369905335,0.007763343708529819,0.35959584028490765,36.7054830498837,False,[],0,0,0,0.29098610064567587,17.83085135350729,0
710,M90,0,1691063.19,7.099999999999999e-05,2.8236,2894761.1,2262.56,200.0,signal_enhancement,low,,1.612723531723137,0.3,710,1633,1.6127235317230224,0.2650288919864785,0.020141786831810404,0.020802803674589997,0.26502889198649193,35.93603145770821,False,[],0,0,0,0.28462641512032605,17.012841082837372,0
1039,M94,9,1631451.3,7.900000000000001e-05,0.7555,2092163.51,1568.63,200.0,signal_enhancement,low,,1.555873203277711,0.3,1039,1634,1.555873203277588,0.2548338520233176,0.02241128393962003,0.005511974033056171,0.25483385202333275,36.35397618710158,False,[],0,0,0,0.2841966264316008,16.951741631146337,0
2714,M93,2,1403621.01,2.3e-05,1.3611,2000294.49,1448.34,200.0,signal_enhancement,low,,1.338597307205231,0.3,2714,1635,1.3385973072052002,0.21586949589623391,0.006524804184952667,0.009989574937709179,0.2158694958962334,36.06379073545366,False,[],0,0,0,0.2783787763831407,16.276141434291485,0
1850,M93,0,2526129.75,3.6e-05,0.0353,2693864.66,1849.0,200.0,denoising,high,,2.409105062484828,1.0,1850,1636,2.409105062484741,0.4078449803725255,0.010212736985143306,0.00018705961507219465,0.4078449803725307,26.625768133037937,True,[],0,0,0,0.2943637637172764,18.262279069457833,1
2595,M94,0,1073656.25,3e-06,3.2947,2220000.58,820.75,200.0,signal_enhancement,low,,1.023918390274051,0.3,2595,1637,1.0239183902740479,0.15943773514121004,0.0008510614154286088,0.02428595721848371,0.15943773514120582,35.409172224010334,False,[],0,0,0,0.27289969925191965,15.609696456889816,0
1561,M90,1,1737409.87,1.1e-05,0.4126,2025494.31,2434.09,200.0,signal_enhancement,low,,1.6569231700897402,0.3,1561,1638,1.6569231700897218,0.2729552679956913,0.003120558523238232,0.0029766877876705763,0.2729552679956873,36.50252043835265,False,[],0,0,0,0.2823669163886058,16.785722733375202,0
2757,M90,0,5988546.76,2.3e-05,1.0315,4521435.34,3010.66,200.0,denoising,low,,5.7111232376099945,0.3,2757,1639,5.711123237609863,0.9999999982066876,0.006524804184952667,0.007552624379298295,0.9999999982066876,39.2734212614478,False,[],0,0,0,0.34110921656797694,24.117446457396024,1
1594,M88,4,1497653.27,0.000424,1.8267,1104495.2,852.76,200.0,signal_enhancement,low,,1.4282734584814407,0.3,1594,1640,1.428273458480835,0.23195123141118465,0.12028334671391004,0.013432063347891543,0.23195123141128687,36.02484302520799,False,[],0,0,0,0.29900426745425945,18.48461255496223,0
2750,M90,2,5203219.92,3e-06,0.7578,5034342.02,3123.12,200.0,signal_enhancement,low,,4.962177200317398,0.3,2750,1641,4.962177200317383,0.8656905757417587,0.0008510614154286088,0.005528979452608189,0.8656905757417409,38.79689291938879,False,[],0,0,0,0.3293999264999635,22.672224862895302,1
1112,M88,2,1057441.75,3.7e-05,2.3404,2229072.3,1821.04,200.0,signal_enhancement,low,,1.008455038070716,0.3,1112,1642,1.0084550380706787,0.15666467299735465,0.010496424123619508,0.01723018683653132,0.15666467299735662,35.60975308689348,False,[],0,0,0,0.2743175659408037,15.755582364198698,0
465,M94,5,771792.32,8e-05,2.4261,1905070.25,1820.71,200.0,denoising,low,,0.7360385131836525,0.3,465,1643,0.7360385131835937,0.10781187946398176,0.022694971078096236,0.017863823556360854,0.10781187946398867,35.395332811165105,False,[],0,0,0,0.2724830954403949,15.486628274045549,0
1560,M90,0,2026483.13,1.3000000000000001e-05,1.7686,2214993.62,2237.85,200.0,denoising,low,,1.932604913711573,0.3,1560,1644,1.9326049137115477,0.32239361725757854,0.0036879328001906382,0.013002491662686227,0.32239361725757465,36.39949971914973,False,[],0,0,0,0.2864184379566387,17.290318962979217,0
1223,M94,3,1495957.94,2.8000000000000003e-05,1.4880000000000002,1129054.17,655.02,200.0,signal_enhancement,low,,1.4266566658020419,0.3,1223,1645,1.426656665802002,0.2316612899733147,0.007943239877333683,0.01092783047734007,0.23166128997331545,36.09881024557306,False,[],0,0,0,0.2798832539770119,16.45959121752515,0
1953,M90,3,2150974.59,4.2e-05,0.4042,2270227.54,1362.69,200.0,denoising,low,2.0,2.05132922172555,0.3,1953,1646,2.0513292217254637,0.34368459477518865,0.011914859816000522,0.0029145810380023377,0.3436845947751952,36.78730094796068,False,[1545],1,0,1,0.2895202937507352,17.651313424439895,0
2966,M90,2,3317263.98,4e-06,1.4129,4053236.59,4458.51,200.0,denoising,low,,3.1635894584655886,0.3,2966,1647,3.163589458465576,0.5431476035752882,0.0011347485539048117,0.010372566560663316,0.543147603575277,37.36141341748126,False,[],0,0,0,0.30364471554018685,19.451901509723168,0
2348,M88,8,964033.75,2.4e-05,2.9443,1632999.96,1908.67,200.0,signal_enhancement,low,,0.9193742275238258,0.3,2348,1648,0.9193742275238037,0.14068970067423364,0.00680849132342887,0.02169521851803719,0.14068970067423323,35.411902247155815,False,[],0,0,0,0.2724126195789216,15.529449850564056,0
1508,M93,8,1071039.8,9e-06,1.0154,1270876.6,1721.45,200.0,signal_enhancement,low,,1.021423149108896,0.3,1508,1649,1.0214231491088868,0.15899026044595024,0.0025531842462858264,0.007433586442434172,0.15899026044594713,35.91295344851078,False,[],0,0,0,0.2731532621575446,15.635859920892646,0
1104,M88,4,1450491.15,3.9e-05,2.7847,2749095.24,1866.24,200.0,signal_enhancement,low,,1.3832961559296193,0.3,1104,1650,1.3832961559295653,0.22388539591851042,0.011063798400571914,0.020515190274340657,0.2238853959185139,35.78008587544382,False,[],0,0,0,0.279791677401578,16.4380023303954,0
1988,M94,8,799157.69,4e-05,0.2317,996256.44,1206.74,200.0,denoising,medium,,0.7621361637115782,0.65,1988,1651,0.7621361637115478,0.1124920035257534,0.011347485539048118,0.00163917457160101,0.11249200352575511,30.65079277695498,False,[],0,0,0,0.27092843282369844,15.3291747749604,0
338,M93,8,3698895.15,1e-05,0.9848,4416837.28,3841.46,200.0,denoising,low,,3.5275413036346785,0.3,338,1652,3.5275413036346435,0.6084155397091342,0.0028368713847620295,0.007207340425785588,0.6084155397091257,37.717441946062976,False,[],0,0,0,0.3091555113121403,20.13521908201706,0
215,M90,5,754490.34,2.7000000000000002e-05,1.0875,3060246.21,2770.72,200.0,denoising,low,,0.7195380592346386,0.3,215,1653,0.7195380592346191,0.10485283257682869,0.0076595527388574796,0.00796666937708655,0.10485283257682863,35.680411248994716,False,[],0,0,0,0.26969035057175206,15.18640027506772,0
1615,M94,5,1201772.24,3.7e-05,1.0192,2157168.39,1936.87,200.0,denoising,low,,1.1460993194580502,0.3,1615,1654,1.1460993194580078,0.1813485928236275,0.010496424123619508,0.007461682352998374,0.18134859282362983,36.00154390070456,False,[],0,0,0,0.2762922795269055,16.002421562461425,0
1916,M93,6,1480679.85,0.000145,3.4813,2411412.32,2010.91,200.0,signal_enhancement,low,,1.4120863437654636,0.3,1916,1655,1.4120863437652589,0.2290483760376759,0.04113463507904942,0.02566561430039958,0.22904837603770625,35.646225075138716,False,[],0,0,0,0.28531675804645246,17.03090719179965,0
2514,M93,0,1910541.14,4.7e-05,1.4878,2383158.84,1761.92,200.0,denoising,low,,1.8220340156556032,0.3,2514,1656,1.8220340156555175,0.3025648008677878,0.013333295508381537,0.01092635174520511,0.3025648008677952,36.382468651115005,False,[],0,0,0,0.2864718443058479,17.265647327828745,0
2804,M90,2,2518752.9,4.5e-05,0.8866,3256130.68,1064.04,200.0,signal_enhancement,low,,2.402069950103868,0.3,2804,1657,2.4020699501037597,0.4065833649372115,0.012765921231429132,0.00648128294752118,0.4065833649372205,36.93189497132322,False,[],0,0,0,0.29469687580431986,18.29562023153784,0
1592,M88,2,901038.43,0.000259,2.2395,2249783.12,2179.78,200.0,denoising,low,,0.8592972087862333,0.3,1592,1658,0.8592972087860108,0.12991601433595262,0.07347496886533655,0.01648416647444498,0.1299160143359884,35.525139063110466,False,[],0,0,0,0.28288402585398337,16.621709582935583,0
2240,M90,0,1416137.7,6.8e-05,2.089,1699312.96,1570.13,200.0,denoising,low,,1.3505341529847108,0.3,2240,1659,1.350534152984619,0.21801014526595688,0.0192907254163818,0.015371420542889041,0.21801014526596724,35.910897964777156,False,[],0,0,0,0.28072023494206144,16.52733451015444,0
1684,M94,4,1671311.55,4.6e-05,0.4559,3409722.86,1747.45,200.0,signal_enhancement,low,,1.5938868999481934,0.3,1684,1660,1.5938868999481202,0.26165089543012093,0.013049608369905335,0.0032968332948889963,0.261650895430127,36.44769858287382,False,[],0,0,0,0.2831505050572936,16.851401904959506,0
2522,M93,8,1579852.96,4.7e-05,2.4323,1529210.11,1413.96,200.0,signal_enhancement,low,,1.5066651916504614,0.3,2522,1661,1.5066651916503906,0.2460093182208704,0.013333295508381537,0.017909664252544553,0.24600931822087638,35.946747345307145,False,[],0,0,0,0.2819474056940945,16.700092501359574,0
816,M94,6,1010299.11,0.000331,2.3481,1009458.74,1503.87,200.0,signal_enhancement,low,,0.9634963130954117,0.3,816,1662,0.9634963130950928,0.1486021690443864,0.09390044283562317,0.017287118023727212,0.14860216904443904,35.57579513546573,False,[],0,0,0,0.28785124880560686,17.17622966148508,0
1067,M93,7,2410904.67,4e-06,1.8,2204452.68,1931.07,200.0,signal_enhancement,low,,2.299217863082895,0.3,1067,1663,2.2992178630828857,0.3881387725109996,0.0011347485539048117,0.013234652607874643,0.38813877251099144,36.65551551180776,False,[],0,0,0,0.2912440090550438,17.901813199080284,0
2003,M90,3,1236380.15,3.5e-05,0.5089,1387835.53,1520.44,200.0,denoising,low,,1.179103994369548,0.3,2003,1664,1.1791039943695067,0.18726736214114914,0.009929049846667102,0.0036886973106528822,0.18726736214115114,36.13840852924501,False,[],0,0,0,0.2766693274452253,16.051396518651497,0
274,M94,4,1166145.0,1.9e-05,2.3187,2156610.12,1497.11,200.0,signal_enhancement,low,,1.1121225357055877,0.3,274,1665,1.1121225357055664,0.17525549402107107,0.005390055631047856,0.017069744399888377,0.17525549402106977,35.68892964408763,False,[],0,0,0,0.2749367489789638,15.849575941569572,0
2244,M90,4,2176941.45,5.2000000000000004e-05,3.1075,1327013.48,968.01,200.0,denoising,low,0.0,2.0760931491852888,0.3,2244,1666,2.076093149185181,0.3481255406237066,0.014751731200762553,0.022901863940162966,0.348125540623717,36.20544624428994,False,[116],1,0,1,0.29035783755402617,17.74678656785079,0
865,M88,5,2998205.81,9.8e-05,0.7925,1999310.73,618.17,200.0,denoising,low,0.0,2.859311876297277,0.3,865,1667,2.859311876296997,0.488581127093449,0.027801339570667886,0.005785539478023412,0.488581127093487,37.280758324033094,False,[116],1,0,1,0.30381271789448944,19.38623538320651,0
101,M88,1,2459809.52,0.001369,1.4432,2151673.86,1613.37,200.0,denoising,low,,2.345857162478797,0.3,101,1668,2.345857162475586,0.39650265596013023,0.3883676925739218,0.010596594479109463,0.396502655960696,36.76811278946724,False,[],0,0,0,0.3577427202143771,24.955645025931894,0
1501,M93,1,1365459.07,1.9e-05,1.3308,1608043.97,1197.34,200.0,denoising,low,,1.3022032451629888,0.3,1501,1669,1.302203245162964,0.2093429035776252,0.005390055631047856,0.009765547019263032,0.20934290357762375,36.04440520373261,False,[],0,0,0,0.2776637417434881,16.190450037135115,0
2149,M90,9,1278714.51,0.000205,0.7996,1480135.5,1234.03,200.0,denoising,low,,1.219477186203253,0.3,2149,1670,1.219477186203003,0.19450753674414933,0.0581558633876216,0.005838034468814423,0.1945075367441886,36.102889112912166,False,[],0,0,0,0.2854470997154276,16.991880908418683,0
171,M94,1,2647562.86,2.8000000000000003e-05,1.14,2251037.63,1409.04,200.0,denoising,low,,2.5249127006531467,0.3,171,1671,2.524912700653076,0.4286129078665358,0.007943239877333683,0.008354836562513042,0.4286129078665376,36.96380653459075,False,[],0,0,0,0.2956393834084696,18.42910739645736,0
107,M88,7,1442485.5,0.000991,1.2451,3041121.33,1366.85,200.0,denoising,low,,1.375661373139791,0.3,107,1672,1.3756613731384277,0.2225162408442278,0.28113395422991705,0.009131910299433504,0.22251624084446608,36.11610765439391,False,[],0,0,0,0.3255940714866241,21.285573584580785,0
1862,M90,2,2423472.15,0.000102,1.6442,2942712.1,2131.48,200.0,signal_enhancement,low,,2.3112031459810702,0.3,1862,1673,2.311203145980835,0.3902881081693092,0.028936088124572698,0.012082720274742314,0.39028810816934145,36.69867082443497,False,[],0,0,0,0.2961421836347221,18.423730667935402,0
1521,M90,1,1220107.56,6e-06,0.2237,1693595.46,2363.16,200.0,denoising,medium,,1.1635852432251046,0.65,1521,1674,1.1635852432250977,0.18448436523643547,0.0017021228308572176,0.0015800252862026877,0.18448436523643136,30.940536702359662,False,[],0,0,0,0.27504811010016056,15.875481863319784,0
2987,M88,5,2477755.0,3.4e-05,1.0406,3739701.11,1575.39,200.0,signal_enhancement,low,,2.3629713058472483,0.3,2987,1675,2.362971305847168,0.3995717565331552,0.0096453627081909,0.007619906691438886,0.3995717565331595,36.86968982538946,False,[],0,0,0,0.29360545218304485,18.169334094078987,0
2202,M88,2,2408722.04,0.000267,2.6972,1742151.01,2304.46,200.0,signal_enhancement,low,,2.2971363449102813,0.3,2202,1676,2.297136344909668,0.387765491273401,0.07574446597314617,0.019868244965296506,0.38776549127350113,36.45501461613471,False,[],0,0,0,0.3038977985173069,19.24105530025064,0
2054,M88,4,1444517.85,1e-05,1.4689,1455075.16,1962.32,200.0,signal_enhancement,low,,1.3775995731353898,0.3,2054,1677,1.377599573135376,0.22286382065538848,0.0028368713847620295,0.010786611558451575,0.22286382065538474,36.06785693586801,False,[],0,0,0,0.2783113737878406,16.2797018914796,0
1764,M90,4,1187859.69,3.5e-05,1.8516,1076221.99,1787.63,200.0,denoising,low,,1.1328312778473297,0.3,1764,1678,1.13283127784729,0.17896921845318772,0.009929049846667102,0.013616165498693822,0.17896921845318964,35.80739190885194,False,[],0,0,0,0.2760054759501884,15.968415081771884,0
2033,M93,3,1274269.38,2.4e-05,0.8357,2051163.75,2049.63,200.0,signal_enhancement,low,0.0,1.215237979888945,0.3,2033,1679,1.215237979888916,0.1937473146141104,0.00680849132342887,0.006104945619174353,0.19374731461411007,36.09184088988121,False,[116],1,0,1,0.27665722869411175,16.060025989962824,0
1962,M94,2,2172287.77,9e-06,2.1686,2437193.42,2579.98,200.0,denoising,low,,2.071655054092426,0.3,1962,1680,2.0716550540924072,0.3473296515221236,0.0025531842462858264,0.01595995593260235,0.347329651522118,36.410519928110425,False,[],0,0,0,0.28822041344363847,17.51925383165438,0
2250,M94,0,1761028.09,5.9e-05,2.4389,2426750.79,1875.47,200.0,signal_enhancement,low,,1.6794472599030534,0.3,2250,1681,1.6794472599029542,0.27699454097896237,0.01673754117009597,0.01795846241299817,0.27699454097897275,36.069224291525906,False,[],0,0,0,0.2850049452772333,17.07122115085135,0
2340,M88,0,1928839.53,2.1e-05,2.204,2789191.12,1497.19,200.0,denoising,low,,1.8394847202301414,0.3,2340,1682,1.8394847202301026,0.30569425737908956,0.005957429908000261,0.01622169152048993,0.3056942573790885,36.23612628390166,False,[],0,0,0,0.2854683036746872,17.164176312134902,0
2575,M93,7,1321066.97,3.8e-05,2.4584,2820136.3,1894.84,200.0,denoising,low,,1.2598676395416737,0.3,2575,1683,1.259867639541626,0.20175080687428903,0.010780111262095712,0.018102638796156582,0.20175080687429187,35.76392406361246,False,[],0,0,0,0.2779726834644994,16.211550071460614,0
1924,M88,4,2276107.19,2.3e-05,2.2571,3433117.61,2279.46,200.0,signal_enhancement,low,,2.1706649684906507,0.3,1924,1684,2.1706649684906005,0.36508522236297747,0.006524804184952667,0.016614294902321292,0.3650852223629771,36.46191204238228,False,[],0,0,0,0.29031603450048016,17.768298698958922,0
295,M93,5,1544233.95,1.3000000000000001e-05,1.7729,1605474.98,1792.94,200.0,signal_enhancement,low,0.0,1.4726962566375925,0.3,295,1685,1.4726962566375732,0.23991762694253269,0.0036879328001906382,0.013034284403587825,0.23991762694252955,36.068641975662494,False,[116],1,0,1,0.279820358731435,16.465559059828756,0
712,M90,2,1974252.42,7.900000000000001e-05,2.4902,1885748.9,2068.53,200.0,signal_enhancement,low,,1.8827938270570335,0.3,712,1686,1.8827938270568847,0.31346093326191476,0.02241128393962003,0.018337757205614914,0.31346093326193325,36.20371101687921,False,[],0,0,0,0.28888679293068853,17.53801244353231,0
72,M90,2,1606719.84,5.6999999999999996e-05,0.205,2021980.65,2219.65,200.0,denoising,medium,,1.532287445068447,0.65,72,1687,1.5322874450683595,0.25060418872884205,0.016170166893143566,0.001441763831584109,0.25060418872885093,31.209163839967847,False,[],0,0,0,0.2827972634701418,16.797104891365002,0
1952,M90,2,1884802.68,3.7e-05,0.8276,2924044.96,1577.72,200.0,denoising,low,,1.7974879074097345,0.3,1952,1688,1.797487907409668,0.2981629168092515,0.010496424123619508,0.006045056967708552,0.2981629168092556,36.511299958205754,False,[],0,0,0,0.28563742544575543,17.170564802317667,0
2269,M94,9,1835468.98,0.000263,1.9543,2561702.93,464.74,200.0,denoising,low,,1.7504396247868372,0.3,2269,1689,1.750439624786377,0.2897256898897462,0.07460971741924137,0.014375494449994785,0.28972568988982106,36.227637926059145,False,[],0,0,0,0.29586170715245075,18.240231812443806,0
2561,M94,2,2094317.43,4e-06,2.6121,2034233.11,2170.74,200.0,signal_enhancement,low,,1.9972967433929523,0.3,2561,1690,1.9972967433929443,0.33399488337031286,0.0011347485539048117,0.01923904444187185,0.33399488337030564,36.25880820022509,False,[],0,0,0,0.2869124979237888,17.360374307673414,0
2885,M93,2,1677048.48,9.1e-05,1.3933,2236424.24,1552.21,200.0,signal_enhancement,low,,1.5993580627442863,0.3,2885,1691,1.5993580627441406,0.26263204584517835,0.025815529601334465,0.010227650811437426,0.2626320458451974,36.24369865903759,False,[],0,0,0,0.2853992036998411,17.090999991275805,0
481,M88,1,1506273.78,6.7e-05,1.9798,1647988.74,2108.45,200.0,denoising,low,,1.4364946174622546,0.3,481,1692,1.4364946174621582,0.23342554205546767,0.019007038277905595,0.01456403279720194,0.23342554205547852,35.99678118430581,False,[],0,0,0,0.28190523987168137,16.67638210955698,0
2218,M94,8,2115974.66,3.8e-05,2.366,823086.22,2084.87,200.0,denoising,low,,2.0179506874085242,0.3,2218,1693,2.0179506874084474,0.33769878078643856,0.010780111262095712,0.017419464549805957,0.3376987807864436,36.32821118665157,False,[],0,0,0,0.28884852137747136,17.571029810582107,0
1530,M90,0,938012.49,5e-06,1.6128,1710041.98,630.39,200.0,denoising,low,,0.894558420181279,0.3,1530,1694,0.8945584201812744,0.1362394511419373,0.0014184356923810147,0.011850559329553898,0.13623945114193384,35.68944102468114,False,[],0,0,0,0.27114029015905977,15.38792635388223,0
2115,M93,5,1184662.3,2.2e-05,0.7295,1641328.54,1122.86,200.0,signal_enhancement,low,,1.1297820091247808,0.3,2115,1695,1.129782009124756,0.17842238930840118,0.006241117046476464,0.005319738855511623,0.17842238930840043,36.05409739156826,False,[],0,0,0,0.2753347810425731,15.896563999920588,0
1514,M88,4,2008802.5,6e-06,1.4256,2435661.18,1317.44,200.0,denoising,low,,1.9157433509826776,0.3,1514,1696,1.915743350982666,0.3193698122847139,0.0017021228308572176,0.010466466051233154,0.3193698122847076,36.46348526760186,False,[],0,0,0,0.2858389458640228,17.22433633380257,0
2960,M90,5,2708155.93,9e-06,0.5827,2794289.03,2160.03,200.0,denoising,low,,2.582698755264306,0.3,2960,1697,2.5826987552642824,0.4389757527644346,0.0025531842462858264,0.004234349468452406,0.4389757527644278,37.12887252700417,False,[],0,0,0,0.29555210154302336,18.43571484407749,0
1490,M93,0,996893.33,2.7000000000000002e-05,1.1284,1800905.51,1055.56,200.0,denoising,low,,0.9507115650177259,0.3,1490,1698,0.9507115650177002,0.1463094643031453,0.0076595527388574796,0.008269070098685476,0.1463094643031454,35.83716575425202,False,[],0,0,0,0.2730068811098574,15.600966592330888,0
1171,M93,1,1803910.61,2.9999999999999997e-05,2.3549,1865818.93,1533.19,200.0,denoising,low,,1.720343217849783,0.3,1171,1699,1.7203432178497315,0.2843284638779184,0.008510614154286087,0.017337394916315786,0.28432846387792005,36.117192008022194,False,[],0,0,0,0.28419308151646205,16.996475693556334,0
2452,M90,2,1413397.52,5.4000000000000005e-05,0.2376,2351436.24,1898.46,200.0,signal_enhancement,medium,,1.347920913696362,0.65,2452,1700,1.347920913696289,0.21754150982080905,0.015319105477714959,0.001682797169582273,0.21754150982081605,31.06968212419577,False,[],0,0,0,0.28000756871687627,16.45115899680696,0
2429,M88,9,1239398.32,2e-06,1.4356,973795.3,1885.29,200.0,denoising,low,,1.1819823455810572,0.3,2429,1701,1.1819823455810547,0.1877835404365465,0.0005673742769524058,0.010540402657981056,0.18778354043654152,35.93492208200676,False,[],0,0,0,0.2751191368620056,15.888048141350609,0
2073,M88,3,616045.2,5.4000000000000005e-05,1.9302,837138.58,861.17,200.0,denoising,low,,0.5875064849853833,0.3,2073,1702,0.5875064849853515,0.08117544648815733,0.015319105477714959,0.01419730722773234,0.08117544648815998,35.398782569120655,False,[],0,0,0,0.2690982836502641,15.087498363480442,0
2216,M94,6,1682549.99,6.7e-05,2.1065,1741254.59,1999.77,200.0,denoising,low,,1.6046047115327005,0.3,2216,1703,1.6046047115325928,0.2635729338845901,0.019007038277905595,0.015500809604697872,0.2635729338846023,36.089267447397425,False,[],0,0,0,0.2843170312180111,16.9778560278482,0
2271,M94,1,1321985.05,0.000412,1.9951,2096544.71,1331.34,200.0,signal_enhancement,low,,1.2607431888585516,0.3,2271,1704,1.2607431888580323,0.20190782021993836,0.1168791010521956,0.014677155805526232,0.20190782022002576,35.86731660671396,False,[],0,0,0,0.2960220727964683,18.122902021138906,0
405,M94,5,1204623.82,2.7000000000000002e-05,0.2002,1491965.2,1265.82,200.0,denoising,medium,,1.1488187980652167,0.65,405,1705,1.1488187980651856,0.1818362802976893,0.0076595527388574796,0.0014062742603451156,0.1818362802976896,30.9351568933804,False,[],0,0,0,0.27584902638942094,15.956234752276327,0
757,M88,7,2189483.17,2.5e-05,2.8704,1889563.66,2352.86,200.0,signal_enhancement,low,,2.0880538654327916,0.3,757,1706,2.088053865432739,0.3502704707141092,0.007092178461905073,0.021148826994170186,0.3502704707141096,36.266617073031334,False,[],0,0,0,0.2892273079956526,17.630363919455384,0
1956,M90,6,1244995.74,4.6e-05,0.5635,1331794.5,2034.47,200.0,signal_enhancement,low,1.0,1.187320461273248,0.3,1956,1707,1.1873204612731934,0.18874083134932573,0.013049608369905335,0.004092391183496432,0.1887408313493301,36.13219158989241,False,[],0,0,0,0.27731769993083,16.122301264151552,0
2184,M88,4,1376190.97,2.8000000000000003e-05,0.2599,2849134.11,2147.39,200.0,denoising,low,,1.3124379825592407,0.3,2184,1708,1.312437982559204,0.2111783117383234,0.007943239877333683,0.001847675802630097,0.21117831173832405,36.28928297287439,False,[],0,0,0,0.2782446157182126,16.25476143517524,0
1951,M90,1,2144576.9,4.8e-05,1.084,2621728.25,2642.12,200.0,signal_enhancement,low,,2.045227909088233,0.3,1951,1709,2.0452279090881347,0.34259043880694284,0.01361698264685774,0.007940791564724787,0.34259043880695156,36.63213800828603,False,[],0,0,0,0.2897221221545212,17.671010075712868,0
97,M90,7,1344149.69,2.2e-05,2.1874,1905904.6,1947.02,200.0,denoising,low,,1.281881036758451,0.3,97,1710,1.2818810367584228,0.20569849672036594,0.006241117046476464,0.016098956753288405,0.2056984967203652,35.83982528428281,False,[],0,0,0,0.27751686963553024,16.169325074040238,0
1333,M88,3,1465268.39,1e-05,0.3744,1608034.72,1911.27,200.0,denoising,low,,1.3973888301849504,0.3,1333,1711,1.3973888301849364,0.2264126526846559,0.0028368713847620295,0.0026942499498935867,0.22641265268465213,36.32482311224182,False,[],0,0,0,0.278595280350182,16.315190211772276,0
2389,M93,9,1213915.74,8.7e-05,1.8418,1649812.84,2012.14,200.0,signal_enhancement,low,,1.157680263519388,0.3,2389,1712,1.157680263519287,0.1834254178964887,0.024680781047429653,0.013543707624080878,0.18342541789650146,35.827390442863525,False,[],0,0,0,0.27886976620978216,16.27850823781862,0
743,M88,3,1310604.65,2e-05,1.6153,1693337.77,1869.36,200.0,denoising,low,,1.2498899936676273,0.3,743,1713,1.2498899936676025,0.1999615032553738,0.005673742769524059,0.011869043481240873,0.19996150325537254,35.94377470858427,False,[],0,0,0,0.276961456531249,16.101742402405172,0
806,M94,6,2142590.24,0.00013000000000000002,0.8497,2057476.08,2146.91,200.0,signal_enhancement,low,,2.043333282470969,0.3,806,1714,2.0433332824707033,0.3422506730640145,0.03687932800190638,0.006208456868621417,0.34225067306405327,36.682748986197424,False,[],0,0,0,0.2936495396054452,18.08633463467446,0
2769,M88,3,4944695.05,1.4000000000000001e-05,0.9566,3315742.61,4825.58,200.0,denoising,low,,4.715628671646184,0.3,2769,1715,4.715628671646118,0.8214767220773138,0.003971619938666841,0.006998839194756501,0.8214767220773062,38.57594171246656,False,[],0,0,0,0.3263933131557584,22.28625637966914,1
1896,M93,6,1649659.81,7.8e-05,0.068,2927536.46,2179.4,200.0,signal_enhancement,high,,1.5732381916047369,1.0,1896,1716,1.5732381916046143,0.25794793693355306,0.022127596801143828,0.0004288323191378376,0.25794793693356804,26.018926778160072,True,[],0,0,0,0.2843975264108787,16.97777611175612,1
2499,M93,3,969884.42,2e-06,2.3425,2049066.92,1375.22,200.0,denoising,low,,0.9249538612365742,0.3,2499,1717,0.9249538612365723,0.14169030331342636,0.0005673742769524058,0.017245713523948384,0.1416903033134223,35.549389807535256,False,[],0,0,0,0.271431677892156,15.427115770119407,0
1535,M90,5,1107537.91,6e-06,1.7272,2148926.81,1438.31,200.0,signal_enhancement,low,,1.0562304592132632,0.3,1535,1718,1.0562304592132568,0.16523229857005334,0.0017021228308572176,0.012696394110749909,0.1652322985700496,35.780037370957714,False,[],0,0,0,0.27350794476685,15.682961196655963,0
2050,M88,0,1666877.32,1.7e-05,1.0663,1019285.99,1099.01,200.0,denoising,low,,1.5896580886841092,0.3,2050,1719,1.589658088684082,0.26089253745730967,0.00482268135409545,0.007809923770780997,0.2608925374573075,36.309272436705804,False,[],0,0,0,0.281691258826781,16.695733638946816,0
2010,M90,0,1135573.39,0.000165,2.7982,1757608.5,2155.97,200.0,signal_enhancement,low,,1.0829671764375566,0.3,2010,1720,1.0829671764373778,0.17002702725566285,0.04680837784857348,0.020615004693450324,0.17002702725568988,35.561657968219144,False,[],0,0,0,0.28155958641471046,16.54282107383095,0
148,M93,8,1362934.38,1.3000000000000001e-05,1.9445,2267110.14,1722.57,200.0,signal_enhancement,low,,1.2997955131530932,0.3,148,1721,1.299795513153076,0.20891112200779752,0.0036879328001906382,0.014303036575381841,0.2089111220077947,35.90655339076974,False,[],0,0,0,0.2773398383366562,16.155494010481405,0
2554,M94,4,2214162.03,6.2e-05,1.4469999999999998,1862162.79,1227.93,200.0,signal_enhancement,low,,2.1115894603730556,0.3,2554,1722,2.1115894603729246,0.3544911381672843,0.017588602585524582,0.010624690389673664,0.35449113816729866,36.59922384097893,False,[],0,0,0,0.2913493534929219,17.861506228212285,0
2053,M88,3,1819180.41,1.4999999999999999e-05,1.27,1766938.9,2437.09,200.0,denoising,low,,1.7349056339264177,0.3,2053,1723,1.7349056339263915,0.28693996002792255,0.0042553070771430435,0.009316012450235783,0.2869399600279196,36.36827946660462,False,[],0,0,0,0.28367859900534814,16.9459951276678,0
1902,M93,2,1572898.14,0.000145,1.7711,1930363.76,1884.28,200.0,denoising,low,,1.5000325584413796,0.3,1902,1724,1.500032558441162,0.24481987987498688,0.04113463507904942,0.013020975814373201,0.2448198798750192,36.08865024506875,False,[],0,0,0,0.28657847835343736,17.188622230172758,0
1315,M94,5,946593.85,1.4000000000000001e-05,1.5544,2568388.78,2610.82,200.0,signal_enhancement,low,,0.902742242813123,0.3,1315,1725,0.9027422428131103,0.1377070662123246,0.003971619938666841,0.011418769546146144,0.13770706621232257,35.70826517846491,False,[],0,0,0,0.2716917406865593,15.448559821019249,0
692,M90,2,2006449.79,1.1e-05,2.1734,1868114.24,935.86,200.0,denoising,low,,1.9134996318817352,0.3,692,1726,1.913499631881714,0.3189674433534197,0.003120558523238232,0.015995445503841344,0.31896744335341515,36.296006408298446,False,[],0,0,0,0.2860478904172241,17.245844486952485,0
818,M94,8,1577496.73,0.000194,2.8088,1674394.12,1615.16,200.0,denoising,low,6.0,1.5044181156161367,0.3,818,1727,1.5044181156158447,0.24560634728650818,0.055035304864383364,0.020693377496603105,0.24560634728655384,35.861624064247934,False,[1837],1,0,1,0.28900450960986585,17.446698960423983,0
1728,M88,8,369382.99,1.8e-05,2.1306,2128941.35,2041.86,200.0,signal_enhancement,low,,0.352271070480353,0.3,1728,1728,0.35227107048034667,0.0389903876290675,0.005106368492571653,0.015678996826960317,0.03899038762906653,35.18559164570746,False,[],0,0,0,0.2639873136540626,14.481818509156966,0
1386,M88,6,1616757.95,8.4e-05,1.4169,2107647.26,1174.49,200.0,signal_enhancement,low,,1.5418605327607495,0.3,1386,1729,1.54186053276062,0.2523209424268812,0.023829719632001044,0.010402141203362478,0.25232094242689757,36.19721953360665,False,[],0,0,0,0.28423672773159064,16.952144377644828,0
2281,M88,1,1859681.78,0.000169,0.2407,2222217.1,1107.12,200.0,denoising,medium,,1.773530750274958,0.65,2281,1730,1.7735307502746582,0.2938666500844326,0.04794312640247829,0.0017057175176741228,0.29386665008447854,31.37429507480751,False,[],0,0,0,0.2916596634951759,17.801642776088933,0
2733,M94,3,4444887.14,7.000000000000001e-06,0.5235,2281297.83,4344.84,200.0,signal_enhancement,low,0.0,4.2389747047424615,0.3,2733,1731,4.238974704742431,0.7359977745661054,0.0019858099693334207,0.0037966447565048202,0.7359977745660933,38.33009175556927,False,[116],1,0,1,0.31921740966007506,21.395722325109055,1
1599,M88,9,1954245.95,0.000413,2.301,1418824.41,1424.79,200.0,denoising,low,,1.8637141704567024,0.3,1599,1732,1.8637141704559326,0.3100393547618575,0.1171627881906718,0.016938876605944588,0.3100393547619874,36.23199112086909,False,[],0,0,0,0.3047208223733628,19.209323735050667,0
2610,M88,6,1587500.76,4.2e-05,0.0563,1630959.48,1177.44,200.0,denoising,high,,1.5139587020874659,1.0,2610,1733,1.5139587020874024,0.24731727250029792,0.011914859816000522,0.00034232648924279103,0.24731727250030255,25.978999295323906,True,[],0,0,0,0.2818109079687439,16.68764020169099,1
2457,M90,7,946035.05,2.5e-05,0.2572,992768.96,648.29,200.0,denoising,low,,0.9022093296051252,0.3,2457,1734,0.9022093296051026,0.13761149822527682,0.007092178461905073,0.0018277129188081628,0.13761149822527657,35.99561460533687,False,[],0,0,0,0.272214590196546,15.503774194567061,0
701,M90,1,1105590.39,5.1e-05,1.5652,2083641.71,1254.95,200.0,denoising,low,0.0,1.0543731594086232,0.3,701,1735,1.0543731594085692,0.16489922669078472,0.014468044062286349,0.01149862108143388,0.1648992266907895,35.814638274320124,False,[116],1,0,1,0.27565150562585145,15.909417060029002,0
1878,M88,8,1605727.05,2.8999999999999997e-05,1.4812,2232239.86,1876.08,200.0,signal_enhancement,low,,1.531340646743819,0.3,1878,1736,1.5313406467437745,0.25043439821012126,0.008226927015809883,0.010877553584751495,0.2504343982101224,36.175410985297944,False,[],0,0,0,0.2814333294494974,16.65242866838579,0
2656,M88,7,1461076.31,2.8999999999999997e-05,1.2208,2081233.75,1399.19,200.0,signal_enhancement,low,0.0,1.393390951156657,0.3,2656,1737,1.3933909511566163,0.22569570807631073,0.008226927015809883,0.0089522443450361,0.22569570807631176,36.13421550195416,False,[116],1,0,1,0.27945423423879256,16.405041767047685,0
921,M93,1,1597273.92,0.00018600000000000002,1.3979,2682151.39,1984.07,200.0,signal_enhancement,low,,1.5232791137698147,0.3,921,1738,1.5232791137695312,0.24898871349581686,0.052765807756573746,0.010261661650541461,0.2489887134958609,36.18810500446702,False,[],0,0,0,0.2888892843982829,17.439671674576495,0
1424,M94,4,1555976.19,7.000000000000001e-06,1.5789,2121702.36,1388.05,200.0,denoising,low,1.0,1.4838945293426617,0.3,1424,1739,1.4838945293426513,0.24192582708611185,0.0019858099693334207,0.011599914232678506,0.2419258270861071,36.11970588136409,False,[],0,0,0,0.2796916538616756,16.45500285030912,0
1708,M93,8,1869316.98,1.6e-05,1.9161,2714653.14,770.6,200.0,signal_enhancement,low,,1.782719593048124,0.3,1708,1740,1.7827195930480957,0.29551449666425156,0.004538994215619247,0.014093056612217797,0.29551449666424884,36.25926628829047,False,[],0,0,0,0.28441278874979536,17.03684686252366,0
905,M88,5,1359230.78,1.9e-05,3.1996,1403644.42,1448.95,200.0,signal_enhancement,low,,1.2962634849548587,0.3,905,1741,1.296263484954834,0.20827771900702768,0.005390055631047856,0.023582820088311154,0.2082777190070262,35.62562627337878,False,[],0,0,0,0.27757852697784036,16.17979819142914,0
454,M94,4,1321754.82,0.000123,2.0249,753222.39,1349.07,200.0,signal_enhancement,low,,1.260523624420321,0.3,454,1742,1.260523624420166,0.20186844545677085,0.034893518032572964,0.014897486893634985,0.20186844545679292,35.860549175018036,False,[],0,0,0,0.2820813737020791,16.646767779154022,0
2185,M88,5,2227383.45,1.1e-05,0.3558,1982566.23,1367.36,200.0,denoising,low,,2.1241983890533684,0.3,2185,1743,2.124198389053345,0.35675231299783805,0.003120558523238232,0.002556727861342487,0.35675231299783305,36.850307416151075,False,[],0,0,0,0.28907067998877756,17.623693183396668,0
2304,M88,4,1594202.24,0.000666,1.8030000000000002,2469730.01,2041.07,200.0,denoising,low,,1.520349731446325,0.3,2304,1744,1.5203497314453125,0.24846338372764407,0.18893563422515114,0.013256833589899014,0.24846338372781887,36.09614852721361,False,[],0,0,0,0.3119961285164872,19.88547525332916,0
1771,M90,1,1891755.0,5.7999999999999994e-05,3.8971,2671139.19,1749.68,200.0,signal_enhancement,low,,1.80411815643321,0.3,1771,1745,1.8041181564331055,0.2993519275961379,0.016453854031619766,0.02873989840897739,0.2993519275961487,35.83521075811523,False,[],0,0,0,0.28674530939306636,17.289688648530532,0
167,M88,7,1656854.7,4e-06,1.7481,1992499.95,1820.09,200.0,signal_enhancement,low,,1.5800997734069886,0.3,167,1746,1.5800997734069824,0.25917843291481696,0.0011347485539048117,0.012850921618853026,0.2591784329148111,36.15118608309368,False,[],0,0,0,0.28092718188734916,16.612209803118457,0
730,M88,0,978712.07,2.9999999999999997e-05,0.5281,1452683.84,2034.62,200.0,signal_enhancement,low,,0.9333725643158238,0.3,730,1747,0.9333725643157958,0.143200039785979,0.008510614154286087,0.003830655595608856,0.14320003978597962,35.95788049127565,False,[],0,0,0,0.27290280758910695,15.58519145263694,0
2188,M88,8,1454604.62,1.6e-05,0.2577,1871157.17,2580.51,200.0,signal_enhancement,low,,1.3872190666198954,0.3,2188,1748,1.3872190666198732,0.2245888963617486,0.004538994215619247,0.0018314097491455579,0.22458889636174637,36.34341329297263,False,[],0,0,0,0.2787387407255951,16.32759085949863,0
1310,M94,0,1138696.49,1.4000000000000001e-05,1.2536,2958016.67,1820.2,200.0,signal_enhancement,low,,1.0859455966949614,0.3,1310,1749,1.0859455966949463,0.1705611510572895,0.003971619938666841,0.009194756415169222,0.17056115105728717,35.90640191177408,False,[],0,0,0,0.2743200674741565,15.777100669468899,0
26,M93,6,1351659.54,0.000125,2.8044,2044240.94,874.64,200.0,signal_enhancement,low,,1.2890429878236476,0.3,26,1750,1.2890429878234864,0.20698285829432955,0.035460892309525364,0.020660845389634024,0.20698285829435262,35.708106071488295,False,[],0,0,0,0.28258698035616564,16.70812464451475,0
2059,M88,9,1711229.39,1.4000000000000001e-05,1.3426,2036532.99,1523.05,200.0,signal_enhancement,low,7.0,1.631955518722557,0.3,2059,1751,1.631955518722534,0.2684777880859831,0.003971619938666841,0.009852792215225559,0.26847778808597994,36.27832738588716,False,[571],1,0,1,0.28215339843645204,16.756267039755834,0
1652,M88,2,2508368.85,5.9999999999999995e-05,0.9136,2602323.83,3228.41,200.0,denoising,low,,2.392166948318625,0.3,1652,1752,2.3921669483184815,0.4048074473353797,0.017021228308572174,0.006680911785740518,0.4048074473353951,36.9188024357693,False,[],0,0,0,0.29527820459928766,18.354456582908096,0
1622,M90,2,1413647.56,9.7e-05,2.0867,2279329.51,1173.83,200.0,denoising,low,,1.3481593704224941,0.3,1622,1753,1.3481593704223633,0.21758427256147017,0.027517652432191682,0.015354415123337024,0.21758427256148755,35.90970463654577,False,[],0,0,0,0.2820847427183902,16.671160469394152,0
587,M90,7,1535746.59,2.1e-05,0.8349,1297581.24,2045.6,200.0,denoising,low,,1.4646020793915104,0.3,587,1754,1.4646020793914796,0.23846608809043904,0.005957429908000261,0.006099030690634521,0.238466088090438,36.27089343164272,False,[],0,0,0,0.28009005013159516,16.491894619248395,0
2016,M90,6,1462277.66,0.00022200000000000003,1.9578,1203271.11,1441.48,200.0,signal_enhancement,low,,1.3945366477969405,0.3,2016,1755,1.3945366477966308,0.22590116727681153,0.06297854474171706,0.014401372262356552,0.2259011672768608,35.97156350123655,False,[],0,0,0,0.2887784459882368,17.392625478119022,0
997,M90,7,1776331.25,4.9e-05,2.1008,1243168.99,1191.8,200.0,denoising,low,,1.6940414905548926,0.3,997,1756,1.6940414905548096,0.27961174247622483,0.013900669785333943,0.015458665738851568,0.2796117424762322,36.154686997739354,False,[],0,0,0,0.2847320532616048,17.046329480898258,0
1176,M93,6,1074567.37,2e-05,1.2585,1992510.11,1385.83,200.0,denoising,low,,1.0247873020172324,0.3,1176,1757,1.024787302017212,0.15959355816261125,0.005673742769524059,0.009230985352475693,0.15959355816261012,35.86144467207617,False,[],0,0,0,0.273732020923828,15.698062951477546,0
1700,M93,0,1557222.16,1e-05,1.3923,1817673.24,3166.42,200.0,signal_enhancement,low,,1.4850827789306789,0.3,1700,1758,1.485082778930664,0.2421389173595942,0.0028368713847620295,0.010220257150762637,0.24213891735959023,36.16194795491549,False,[],0,0,0,0.2798533815241771,16.47245285852166,0
1040,M93,0,1608502.63,7.000000000000001e-06,0.9456,2850954.84,1581.61,200.0,denoising,low,,1.533987646102916,0.3,1040,1759,1.5339876461029052,0.250909087890669,0.0019858099693334207,0.006917508927333808,0.25090908789066413,36.29611108374266,False,[],0,0,0,0.28041031472604017,16.54483545835469,0
33,M90,3,1436470.06,6.7e-05,1.3108,866149.12,1019.88,200.0,denoising,low,,1.369924602508637,0.3,33,1760,1.369924602508545,0.22148745864664948,0.019007038277905595,0.009617673805767226,0.2214874586466598,36.097419620413575,False,[],0,0,0,0.2809501931989759,16.557001275468796,0
1809,M88,9,1119850.23,2e-05,0.2463,1938249.14,1625.69,200.0,denoising,medium,,1.0679724025726531,0.65,1809,1761,1.0679724025726318,0.1673379958468756,0.005673742769524059,0.0017471220174529484,0.16733799584687442,30.866938322863913,False,[],0,0,0,0.2743515759385691,15.775507328320188,0
2626,M94,4,1445643.77,5.9999999999999995e-05,0.8233,2795343.42,1298.1,200.0,signal_enhancement,low,,1.3786733341217867,0.3,2626,1762,1.3786733341217041,0.22305637954582663,0.017021228308572174,0.006013264226806953,0.22305637954583524,36.211827591379105,False,[],0,0,0,0.2807381191761234,16.536945905012566,0
1379,M93,9,2041521.9,1.6e-05,0.8356,2327275.85,2215.44,200.0,denoising,low,,1.9469470024109197,0.3,1379,1763,1.9469470024108886,0.32496560182553613,0.004538994215619247,0.006104206253106874,0.32496560182553325,36.61673621970894,False,[],0,0,0,0.2867688771626981,17.331357914136508,0
41,M88,1,2113054.01,0.000173,1.3063,1584324.74,1072.97,200.0,denoising,low,0.0,2.0151653385165837,0.3,41,1764,2.015165338516235,0.33719928071240285,0.049077874956383105,0.00958440233273067,0.3371992807124566,36.56126505286769,False,[116],1,0,1,0.29531918119957734,18.255394556338924,0
1791,M94,1,1446751.68,4.1e-05,0.7911,1676115.71,2477.65,200.0,signal_enhancement,low,0.0,1.3797299194336503,0.3,1791,1765,1.3797299194335937,0.22324585830124916,0.01163117267752432,0.005775188353078706,0.2232458583012531,36.21972778261264,False,[116],1,0,1,0.27983696801927904,16.44181969120793,0
2189,M88,9,1223121.85,1.4000000000000001e-05,0.2365,1927390.05,1944.79,200.0,signal_enhancement,medium,,1.1664598941803141,0.65,2189,1766,1.166459894180298,0.1849998799602692,0.003971619938666841,0.0016746641428400035,0.18499987996026676,30.939759595555877,False,[],0,0,0,0.27547516578639486,15.921487958498696,0
2606,M88,2,1730346.78,4.4e-05,0.079,2061835.55,1613.14,200.0,signal_enhancement,high,,1.6501872825623285,1.0,2606,1767,1.6501872825622559,0.2717473129247583,0.012482234092952928,0.0005101625865605309,0.271747312924764,26.071684374102215,True,[],0,0,0,0.28386176482978265,16.942153342920736,1
1972,M93,2,2148992.67,2.4e-05,13.0863,2365882.41,2877.16,200.0,denoising,low,,2.049439115524341,0.3,1972,1768,2.049439115524292,0.34334563968411896,0.00680849132342887,0.09668172508176044,0.3433456396841189,33.972930806283664,False,[],0,0,0,0.2886250946997124,17.55600924066291,0
2289,M88,9,1798946.27,0.000166,0.3504,2754380.81,1483.69,200.0,denoising,low,8.0,1.7156088542941081,0.3,2289,1769,1.7156088542938233,0.2834794445851109,0.04709206498704968,0.002516802093698619,0.2834794445851544,36.55841371552948,False,[1231],1,0,1,0.2906840066146073,17.682451615618003,0
1925,M88,5,2410970.73,3.6e-05,1.6254,1261996.37,2105.86,200.0,signal_enhancement,low,0.0,2.29928086280831,0.3,1925,1770,2.2992808628082275,0.388150070329941,0.010212736985143306,0.011943719454056255,0.38815007032994586,36.69428869769808,False,[116],1,0,1,0.2927881709138696,18.06532996903199,0
609,M93,9,2312437.17,4e-06,0.1863,4171769.72,2085.71,200.0,denoising,medium,,2.205311937332162,0.65,609,1771,2.2053119373321532,0.37129850628940275,0.0011347485539048117,0.0013035023769655304,0.37129850628939487,31.696088953848644,False,[],0,0,0,0.28989678775731603,17.733410536864312,0
1132,M94,2,1664659.41,6.6e-05,3.4967,2018996.04,1778.18,200.0,signal_enhancement,low,,1.5875429248810862,0.3,1132,1772,1.5875429248809814,0.2605132225071429,0.018723351139429394,0.025779476674791354,0.2605132225071547,35.76866858978484,False,[],0,0,0,0.2840240274942744,16.94215254558116,0
28,M93,8,1771036.99,0.000149,1.3265,2010820.5,1247.23,200.0,denoising,low,,1.6889924907686842,0.3,28,1773,1.6889924907684326,0.2787062990776786,0.04226938363295423,0.009733754278361434,0.27870629907771627,36.322812567959865,False,[],0,0,0,0.2894822991438165,17.547911896169964,0
441,M94,1,1584328.2,8.6e-05,0.1779,1319632.41,2802.58,200.0,denoising,medium,,1.5109331130982744,0.65,441,1774,1.5109331130981445,0.24677468987147125,0.024397093908953452,0.0012413956272972918,0.24677468987148782,31.19985689066696,False,[],0,0,0,0.2838894811542398,16.906894589075876,0
2355,M94,5,1114792.15,6e-06,1.0369,2502284.29,2483.56,200.0,denoising,low,,1.06314864158631,0.3,2355,1775,1.0631486415863036,0.16647294480191013,0.0017021228308572176,0.0075925501469421616,0.16647294480190633,35.93811527479937,False,[],0,0,0,0.27360719646539855,15.695367658974533,0
2798,M90,5,962917.57,8.3e-05,1.946,2834380.24,2402.96,200.0,denoising,low,,0.9183097553253936,0.3,2798,1776,0.9183097553253173,0.14049880755364844,0.02354603249352484,0.014314127066394027,0.14049880755365773,35.63257141822277,False,[],0,0,0,0.2752427301281911,15.828816660419932,0
493,M90,3,2067864.38,2.2e-05,0.1851,2444513.16,918.64,200.0,signal_enhancement,medium,,1.9720691490173772,0.65,493,1777,1.9720691490173339,0.32947078755826104,0.006241117046476464,0.0012946299841557819,0.3294707875582602,31.529044250708367,False,[],0,0,0,0.28741865290256186,17.407047982419186,0
1258,M88,8,1428162.52,5e-06,0.3576,2785928.5,1195.23,200.0,signal_enhancement,low,,1.3620019149780342,0.3,1258,1778,1.3620019149780274,0.2200666732581044,0.0014184356923810147,0.002570036450557109,0.22006667325809948,36.3031655995157,False,[],0,0,0,0.2778464679283531,16.226198575043902,0
1301,M94,1,2019474.45,1.2e-05,1.1239,3069393.39,2129.35,200.0,signal_enhancement,low,,1.9259209156036607,0.3,1301,1779,1.9259209156036377,0.32119496758065996,0.003404245661714435,0.008235798625648917,0.3211949675806557,36.53770591155317,False,[],0,0,0,0.28627431916894425,17.27322609771746,0
2365,M90,5,1877554.54,0.000174,0.2167,1101968.15,2147.19,200.0,signal_enhancement,medium,3.0,1.790575542450263,0.65,2365,1780,1.7905755424499512,0.29692331382134785,0.049361562094859306,0.0015282696614791556,0.2969233138213959,31.391845165441023,False,[],0,0,0,0.2921453306618339,17.857741255920946,0
1382,M88,2,1750858.26,5.6999999999999996e-05,2.356,1543124.91,1504.07,200.0,denoising,low,,1.6697485542298316,0.3,1382,1781,1.6697485542297363,0.2752552600524802,0.016170166893143566,0.01734552794305805,0.2752552600524899,36.080655201918184,False,[],0,0,0,0.2847693491760328,17.043615604601385,0
1304,M94,4,1900872.57,8e-06,1.3473,1640276.84,2113.95,200.0,denoising,low,,1.812813348770156,0.3,1304,1782,1.8128133487701417,0.3009112472304746,0.0022694971078096233,0.009887542420397072,0.3009112472304692,36.40701871630999,False,[],0,0,0,0.28445871428676556,17.04996342024532,0
236,M90,6,1771569.45,4.2e-05,1.8166,2427442.49,802.55,200.0,denoising,low,,1.689500284195017,0.3,236,1783,1.6895002841949462,0.2787973623031322,0.011914859816000522,0.013357387375076161,0.2787973623031374,36.21446782796024,False,[],0,0,0,0.28432931515297066,17.00244109971933,0
551,M93,1,2261652.54,3.4e-05,0.1668,1403947.31,957.44,200.0,signal_enhancement,medium,,2.1568799400330323,0.65,551,1784,2.156879940032959,0.36261313609959095,0.0096453627081909,0.0011593259938071196,0.36261313609959483,31.665672764584148,False,[],0,0,0,0.2906487625483597,17.799747889743344,0
520,M93,0,1935092.68,0.000265,1.4996,1497548.53,2292.36,200.0,denoising,low,,1.8454481887822272,0.3,520,1785,1.8454481887817382,0.3067636935963549,0.07517709169619377,0.011013596941167636,0.3067636935964345,36.39664686615039,False,[],0,0,0,0.2973212010760613,18.420824586495037,0
2446,M94,6,1456770.3,4.3e-05,0.2682,2427799.59,3003.83,200.0,denoising,low,,1.3892844200134877,0.3,2446,1786,1.3892844200134278,0.2249592787493464,0.012198546954476726,0.0019090431862308563,0.22495927874935093,36.34256581941045,False,[],0,0,0,0.28007049528220873,16.469166632674046,0
1232,M88,2,1478461.2,2.5e-05,0.3069,2937693.66,2475.74,200.0,denoising,low,,1.4099704742431993,0.3,1232,1787,1.409970474243164,0.22866893453004597,0.007092178461905073,0.002195177854345241,0.22866893453004597,36.34882040248982,False,[],0,0,0,0.2794991851009275,16.41434855761475,0
1138,M94,8,2245053.91,0.000125,2.4069,1795291.76,1242.1,200.0,denoising,low,,2.1410502529146966,0.3,1138,1788,2.141050252914429,0.35977437866070217,0.035460892309525364,0.017721865271404878,0.35977437866074097,36.407441556500665,False,[],0,0,0,0.2948103019854754,18.23603984817848,0
720,M94,0,2446072.99,2e-06,1.3917,1591771.43,2273.59,200.0,denoising,low,,2.3327569866180466,0.3,720,1789,2.332756986618042,0.3941533851635633,0.0005673742769524058,0.010215820954357762,0.3941533851635541,36.77013891202351,False,[],0,0,0,0.29162872444016696,17.95174658862078,0
735,M88,5,2089990.52,5e-05,0.5622,1485871.5,1900.81,200.0,denoising,low,,1.9931702804566425,0.3,735,1790,1.993170280456543,0.33325487965013223,0.014184356923810147,0.004082779424619206,0.3332548796501414,36.71053613586195,False,[],0,0,0,0.28907173104905826,17.587867221129905,0
2653,M88,4,2210171.12,4.8e-05,0.9644,1561018.53,1530.35,200.0,denoising,low,2.0,2.1077834320069373,0.3,2653,1791,2.107783432006836,0.35380859837632356,0.01361698264685774,0.0070565097480198655,0.35380859837633255,36.7035391010647,False,[1545],1,0,1,0.2906195749200717,17.783191671406676,0
1750,M90,0,1571227.75,5.5e-05,1.3486,2664654.47,1348.05,200.0,denoising,low,,1.4984395503998629,0.3,1750,1792,1.4984395503997803,0.24453420376567273,0.015602792616191161,0.0098971541792743,0.24453420376568083,36.18122218968446,False,[],0,0,0,0.2822152110460063,16.726192304748167,0
58,M94,8,1839637.36,5.3e-05,1.889,2102847.4,218.12,200.0,denoising,low,,1.7544149017334916,0.3,58,1793,1.7544149017333985,0.29043858123879823,0.015035418339238755,0.01389268840793098,0.29043858123880717,36.24497367271726,False,[],0,0,0,0.2857911076167744,17.175023342494278,0
631,M94,1,2981204.35,1.8e-05,0.4405,2386967.42,2743.88,200.0,denoising,low,,2.84309802055364,0.3,631,1794,2.843098020553589,0.48567347621822793,0.005106368492571653,0.0031829709204972256,0.485673476218225,37.34720477725799,False,[],0,0,0,0.2997219607411954,18.94864939504857,0
1181,M93,1,1742011.6,0.000134,1.7273,2728905.22,1401.1,200.0,signal_enhancement,low,,1.6613117218019804,0.3,1181,1795,1.661311721801758,0.27374227242131305,0.03801407655581119,0.012697133476817389,0.27374227242134563,36.21405508538073,False,[],0,0,0,0.2883617748081929,17.42167610221773,0
2203,M88,3,1426172.3,0.000157,2.2978,3207527.23,1576.16,200.0,signal_enhancement,low,,1.360103893280243,0.3,2203,1796,1.3601038932800293,0.21972629867116406,0.044538880740763856,0.016915216891785257,0.21972629867119625,35.8714486879311,False,[],0,0,0,0.285149713619623,16.99896284004539,0
592,M90,2,1133873.12,0.000135,2.1073,1786816.77,1661.9,200.0,signal_enhancement,low,0.0,1.0813456726075679,0.3,592,1797,1.081345672607422,0.16973624096121454,0.0382977636942874,0.015506724533237704,0.16973624096123566,35.71374322784773,False,[116],1,0,1,0.280089519104926,16.386722156109318,0
1303,M94,3,2712871.7,1.1e-05,1.2247,2121038.5,1981.95,200.0,denoising,low,,2.5871960639953904,0.3,1303,1798,2.5871960639953615,0.4397822607212713,0.003120558523238232,0.008981079621667781,0.43978226072126547,36.989696654235054,False,[],0,0,0,0.29571307580665224,18.453992660631002,0
1387,M88,7,2105406.95,6.4e-05,2.7201,2063122.38,1085.5,200.0,signal_enhancement,low,,2.0078725337983463,0.3,1387,1799,2.007872533798218,0.33589145299043854,0.018155976862476986,0.0200375597947492,0.33589145299045287,36.24243901811928,False,[],0,0,0,0.28995783230585614,17.685722113428973,0
2615,M90,2,1756219.64,5.6000000000000006e-05,2.2828,2382743.86,747.71,200.0,signal_enhancement,low,,1.674861564636324,0.3,2615,1800,1.6748615646362304,0.2761721825549825,0.015886479754667365,0.016804311981663402,0.2761721825549919,36.10055937077002,False,[],0,0,0,0.28479447616269205,17.047678461133838,0
2630,M94,8,1201663.89,8.2e-05,1.0689,2939678.07,1911.37,200.0,denoising,low,,1.145995988845919,0.3,2630,1801,1.145995988845825,0.18133006241669006,0.02326234535504864,0.007829147288535452,0.18133006241670163,35.990445831010696,False,[],0,0,0,0.2784610037036935,16.232022840557775,0
1845,M94,5,2106413.15,4.4e-05,0.8222,2274482.08,2288.63,200.0,denoising,low,,2.008832120895474,0.3,1845,1802,2.0088321208953857,0.33606353693562013,0.012482234092952928,0.006005131200064685,0.33606353693562724,36.66410021174054,False,[],0,0,0,0.2890070627506516,17.585315583029356,0
939,M93,9,1732521.79,8.6e-05,2.8889,1068295.45,1597.98,200.0,signal_enhancement,low,,1.6522615337373245,0.3,939,1803,1.6522615337371827,0.2721192909625335,0.024397093908953452,0.021285609716653806,0.27211929096255166,35.94990887235052,False,[],0,0,0,0.2859170492415248,17.160340599986498,0
2788,M90,4,2486223.93,4.1e-05,0.5475,1503722.95,1889.71,200.0,denoising,low,,2.3710479068757078,0.3,2788,1804,2.3710479068756105,0.4010201434203218,0.01163117267752432,0.003974092612699788,0.40102014342032904,36.98485779530029,False,[],0,0,0,0.29405891082880486,18.219562542398656,0
1249,M88,9,1653698.42,5e-06,1.9671,2327234.76,1709.99,200.0,signal_enhancement,low,,1.5770897102356036,0.3,1249,1805,1.5770897102355956,0.2586386345501799,0.0014184356923810147,0.014470133306632103,0.25863863455017433,36.100450539001756,False,[],0,0,0,0.28093222483171915,16.611918187964655,0
904,M88,4,1349200.36,2.2e-05,2.7946,2207074.88,2145.41,200.0,signal_enhancement,low,,1.2866977310180947,0.3,904,1806,1.2866977310180665,0.2065622804804638,0.006241117046476464,0.02058838751502108,0.20656228048046302,35.70859749647122,False,[],0,0,0,0.2775859723363381,16.177962911641213,0
2543,M94,2,853490.63,3.2e-05,0.0811,2001735.28,2262.46,200.0,denoising,high,,0.8139520931244156,1.0,2543,1807,0.8139520931243897,0.12178421846166677,0.009077988431238493,0.0005256892739775906,0.12178421846166748,25.47136619562734,True,[],0,0,0,0.2712859955102439,15.381245976378962,1
1279,M90,9,2508037.39,1.1e-05,0.7968,1245331.17,2437.02,200.0,denoising,low,,2.391850843429592,0.3,1279,1808,2.3918508434295656,0.4047507598532987,0.003120558523238232,0.00581733221892501,0.4047507598532932,36.94448307284544,False,[],0,0,0,0.2929105557372144,18.103677651951276,0
2402,M93,2,2433870.2,1e-05,1.2396,1860391.13,914.99,200.0,denoising,low,,2.3211194992065662,0.3,2402,1809,2.321119499206543,0.39206642010152515,0.0028368713847620295,0.009091245165722158,0.3920664201015194,36.79552832543443,False,[],0,0,0,0.29184758174353154,17.971727885940968,0
2959,M90,4,1376108.75,8e-06,1.8332,3095110.11,1881.56,200.0,denoising,low,,1.3123595714569196,0.3,2959,1810,1.3123595714569092,0.21116425017802445,0.0022694971078096233,0.01348012214227768,0.21116425017802037,35.94025333644377,False,[],0,0,0,0.27727895452256957,16.15249344972082,0
2126,M90,6,1576266.31,2.6000000000000002e-05,1.3575,1126276.15,2300.24,200.0,denoising,low,1.0,1.5032446956634913,0.3,2126,1811,1.5032446956634522,0.24539591642998826,0.0073758656003812765,0.009962957759279934,0.24539591642998856,36.18269493294156,False,[],0,0,0,0.28088557046646384,16.586724745106746,0
2387,M93,7,1176234.57,6.1e-05,1.9286,2496093.68,1328.86,200.0,signal_enhancement,low,,1.1217446994782179,0.3,2387,1812,1.1217446994781495,0.17698104859350805,0.017304915447048378,0.014185477370652677,0.17698104859351513,35.78235987325445,False,[],0,0,0,0.27710031951347885,16.08129896398195,0
2042,M90,2,1253206.96,2e-05,79.0908,1422429.77,1168.37,200.0,denoising,low,,1.1951512908935786,0.3,2042,1813,1.1951512908935547,0.1901451437448278,0.005673742769524059,0.584696601090957,0.19014514374482663,18.7196825422506,False,[],0,0,0,0.27617614777040533,16.00357880729971,0
1142,M88,2,1555753.48,4.8e-05,2.9496,2170195.91,1433.97,200.0,denoising,low,,1.4836821365357156,0.3,1142,1814,1.4836821365356445,0.24188773842040784,0.01361698264685774,0.02173440491961358,0.24188773842041394,35.81551880609322,False,[],0,0,0,0.28166590612359843,16.663983071847518,0
2381,M93,1,1249406.26,8.3e-05,0.9171,2206901.33,1816.75,200.0,denoising,low,,1.1915266609192885,0.3,2381,1815,1.1915266609191895,0.1894951343526078,0.02354603249352484,0.006706789598102284,0.1894951343526201,36.05677684946736,False,[],0,0,0,0.27916243627210785,16.318779928409526,0
706,M90,6,1447409.68,3.3e-05,2.1323,1762534.51,1786.74,200.0,signal_enhancement,low,,1.3803574371338347,0.3,706,1816,1.380357437133789,0.22335839182930473,0.009361675569714697,0.01569156605010746,0.2233583918293067,35.92268658581399,False,[],0,0,0,0.27946015619319586,16.40209407854791,0
2641,M94,1,1555381.37,0.000202,1.3823,1206934.64,1482.59,200.0,signal_enhancement,low,,1.4833272647860665,0.3,2641,1817,1.4833272647857667,0.24182409882903286,0.05730480197219299,0.010146320544014733,0.24182409882908,36.16290677899569,False,[],0,0,0,0.28908774424159545,17.449727423789803,0
1022,M88,2,1595890.18,2.2e-05,1.3323,2861768.5,526.52,200.0,denoising,low,,1.5219594764709807,0.3,1022,1818,1.5219594764709472,0.24875206130111838,0.006241117046476464,0.009776637510275217,0.2487520613011176,36.201709119896215,False,[],0,0,0,0.28096115480199046,16.59986071984776,0
745,M88,5,1153853.91,1.1e-05,1.4077,2480574.49,1634.66,200.0,signal_enhancement,low,,1.1004008388519408,0.3,745,1819,1.1004008388519286,0.17315342757525282,0.003120558523238232,0.010334119525154407,0.17315342757524993,35.882590124546375,False,[],0,0,0,0.27438276915497073,15.787704329170817,0
1546,M90,6,422825.33,3e-06,2.8673,2364009.67,952.98,200.0,denoising,low,,0.40323765754699836,0.3,1546,1820,0.4032376575469971,0.048130288947828455,0.0008510614154286088,0.021125906646078337,0.04813028894782638,35.05874395640896,False,[],0,0,0,0.2639951035564491,14.496621994956,0
2357,M94,7,1827452.7,1.4000000000000001e-05,0.7875,2232550.79,1868.07,200.0,denoising,low,,1.7427947044372802,0.3,2357,1821,1.7427947044372558,0.28835471683460756,0.003971619938666841,0.005748571174649461,0.2883547168346043,36.48096173209895,False,[],0,0,0,0.28374355273634194,16.95503632724208,0
2046,M90,6,1446166.11,2.8000000000000003e-05,60.6799,1958633.92,1274.97,200.0,denoising,low,,1.3791714763641745,0.3,2046,1822,1.3791714763641358,0.2231457120124597,0.007943239877333683,0.4485726537734603,0.22314571201246042,22.93540323484603,False,[],0,0,0,0.2792020077401435,16.374435437916603,0
513,M90,3,1369604.63,2.3e-05,2.0987,1758076.86,1606.67,200.0,signal_enhancement,low,,1.306156759262115,0.3,513,1823,1.3061567592620849,0.21005189216815098,0.006524804184952667,0.015443139051434508,0.21005189216815048,35.87691339712957,False,[],0,0,0,0.27791336808489403,16.21796539701066,0
81,M90,1,2220165.3,2.3e-05,1.8842,2295199.42,1175.35,200.0,signal_enhancement,low,,2.1173146247864256,0.3,81,1824,2.1173146247863768,0.35551783900766437,0.006524804184952667,0.013857198836691988,0.355517839007664,36.5063553909299,False,[],0,0,0,0.2895506438320551,17.67262486540579,0
2661,M90,3,1974916.61,5.2000000000000004e-05,0.2443,2638528.69,726.55,200.0,signal_enhancement,medium,,1.8834272480011967,0.65,2661,1825,1.8834272480010987,0.31357452542604736,0.014751731200762553,0.001732334696103368,0.3135745254260567,31.452328060821092,False,[],0,0,0,0.2875937563382134,17.4012764158742,0
1308,M94,8,2324335.95,1.3000000000000001e-05,2.3314,3498530.84,1881.32,200.0,signal_enhancement,low,,2.2166594982147507,0.3,1308,1826,2.216659498214722,0.37333347846714887,0.0036879328001906382,0.01716364389045821,0.37333347846714454,36.47842459715485,False,[],0,0,0,0.2904936268534043,17.79971757507492,0
2495,M93,8,1928537.01,7.000000000000001e-06,0.165,2070651.86,1743.75,200.0,signal_enhancement,medium,,1.8391962146759164,0.65,2495,1827,1.8391962146759033,0.30564251931995984,0.0019858099693334207,0.001146017404592497,0.3056425193199541,31.43818955514206,False,[],0,0,0,0.28478898924038343,17.0921697726476,0
914,M94,4,2274441.03,1.1e-05,2.7044,1689994.68,2222.93,200.0,denoising,low,,2.169075994491601,0.3,914,1828,2.169075994491577,0.3648002696834865,0.003120558523238232,0.019921479322154996,0.3648002696834814,36.3615566990693,False,[],0,0,0,0.28971451652362945,17.704172750253154,0
1404,M93,4,1124735.85,1.8e-05,2.105,2180126.24,1359.88,200.0,denoising,low,,1.072631692886372,0.3,1404,1829,1.0726316928863526,0.16817355216198016,0.005106368492571653,0.015489719113685687,0.16817355216197863,35.70800263523735,False,[],0,0,0,0.2743219668166956,15.773650154486091,0
1647,M90,7,1499744.14,1.4000000000000001e-05,1.5683,2376007.47,2307.95,200.0,denoising,low,,1.4302674674987992,0.3,1647,1830,1.4302674674987792,0.23230881952335108,0.003971619938666841,0.011521541429525729,0.23230881952334825,36.08358903520762,False,[],0,0,0,0.27925988095144144,16.394577354129513,0
2760,M90,3,2442076.92,1.8e-05,0.542,5817982.8,5038.04,200.0,signal_enhancement,low,,2.328946037292522,0.3,2760,1831,2.3289460372924804,0.39346996289083225,0.005106368492571653,0.0039334274789884415,0.3934699628908298,36.95587702719367,False,[],0,0,0,0.29234567967500374,18.02661426177461,0
1108,M88,8,1645264.71,2.8999999999999997e-05,1.7298,2015974.18,937.61,200.0,signal_enhancement,low,,1.5690466976166229,0.3,1108,1832,1.5690466976165771,0.25719627111416554,0.008226927015809883,0.012715617628504363,0.25719627111416676,36.147316555601535,False,[],0,0,0,0.2819742792818209,16.720047397426235,0
150,M93,0,1277776.7,8.8e-05,1.7317,2341069.09,1569.77,200.0,denoising,low,,1.2185828208924412,0.3,150,1833,1.218582820892334,0.19434714910289433,0.024964468185905857,0.012729665583786465,0.194347149102908,35.89549862889798,False,[],0,0,0,0.2797917315198355,16.39283191837525,0
2726,M94,5,1558117.85,3.3e-05,1.4413,1675283.86,1150.88,200.0,signal_enhancement,low,,1.4859369754791751,0.3,2726,1834,1.485936975479126,0.24229210148686486,0.009361675569714697,0.010582546523827362,0.24229210148686703,36.15169201023264,False,[],0,0,0,0.28097485296580066,16.591431175123514,0
774,M93,4,1813237.94,2.7000000000000002e-05,1.2242,3264687.77,1627.94,200.0,signal_enhancement,low,,1.7292384529114238,0.3,774,1835,1.729238452911377,0.2859236574223537,0.0076595527388574796,0.008977382791330386,0.2859236574223545,36.3743731459495,False,[],0,0,0,0.28417601655939406,16.99710852352297,0
329,M90,9,3493783.15,7.000000000000001e-06,1.0097,3933106.74,2376.77,200.0,denoising,low,,3.3319312572479483,0.3,329,1836,3.3319312572479247,0.5733365472979918,0.0019858099693334207,0.007391442576587867,0.5733365472979819,37.57160291189433,False,[],0,0,0,0.306204511478626,19.76911005242792,0
6,M93,6,1774314.31,2e-05,1.015,2582754.16,1552.5,200.0,signal_enhancement,low,,1.692117986679111,0.3,6,1837,1.6921179866790772,0.27926679813872274,0.005673742769524059,0.007430628978164254,0.27926679813872135,36.39414832320997,False,[],0,9,0,0.28330588012191693,16.89479535123866,0
943,M93,3,1658425.0,3.8e-05,2.2751,3107385.96,1743.15,200.0,signal_enhancement,low,,1.581597328186095,0.3,943,1838,1.5815973281860352,0.2594469912721204,0.010780111262095712,0.01674738079446752,0.2594469912721241,36.03536654125446,False,[],0,0,0,0.2825883782163259,16.788511915438928,0
822,M93,2,1889988.63,4.2e-05,1.5783,3694601.17,2098.78,200.0,signal_enhancement,low,,1.8024336147309106,0.3,822,1839,1.8024336147308349,0.2990498366418043,0.011914859816000522,0.011595478036273633,0.29904983664180995,36.34833500547901,False,[],0,0,0,0.28594951310006445,17.204965843106052,0
734,M88,4,1491194.86,4.2e-05,1.3311,2518237.77,1542.77,200.0,denoising,low,,1.4221142387390735,0.3,734,1840,1.4221142387390138,0.23084669089001553,0.011914859816000522,0.009767765117465469,0.23084669089001986,36.1303538100361,False,[],0,0,0,0.2804932614399213,16.522934385588165,0
909,M88,9,1958386.74,2.9999999999999997e-05,2.9135,439042.16,2036.08,200.0,denoising,low,,1.8676631355286204,0.3,909,1841,1.8676631355285644,0.3107475275698168,0.008510614154286087,0.021467493769253648,0.3107475275698186,36.09896529720166,False,[],0,0,0,0.28630660661181395,17.260666330475317,0
468,M94,8,2088329.55,0.000106,1.6436,2225817.9,2486.09,200.0,signal_enhancement,low,,1.9915862560274327,0.3,468,1842,1.9915862560272217,0.3329708145831194,0.03007083667847751,0.012078284078337439,0.3329708145831486,36.46953473598235,False,[],0,0,0,0.2917497074019907,17.87098320604379,0
181,M88,1,1748863.74,9.4e-05,1.9972,1350920.18,1291.33,200.0,denoising,low,,1.6678464317323343,0.3,181,1843,1.6678464317321777,0.2749141500640647,0.026666591016763073,0.01469268249294329,0.2749141500640854,36.15887612546796,False,[],0,0,0,0.28652645247797487,17.229140138942384,0
164,M88,4,1918813.04,4e-06,1.4288,2098465.66,1623.72,200.0,denoising,low,,1.8299227142334058,0.3,164,1844,1.8299227142333985,0.3039794909752692,0.0011347485539048117,0.010490125765392483,0.30397949097526256,36.4012141909393,False,[],0,0,0,0.28451126653218534,17.060220383722978,0
1523,M90,3,1163754.14,6e-06,0.1033,1708719.03,987.09,200.0,signal_enhancement,high,1.0,1.10984243392945,1.0,1523,1845,1.1098424339294433,0.17484660053948,0.0017021228308572176,0.0006898285409579353,0.17484660053947607,25.678691545929183,True,[],0,0,0,0.2742770889244041,15.77910421635023,1
451,M94,1,1878656.14,0.0002,2.4395,2013774.52,1866.15,200.0,signal_enhancement,low,0.0,1.7916261100772626,0.3,451,1846,1.7916261100769042,0.2971117134178615,0.05673742769524059,0.01796289860940304,0.2971117134179179,36.14955989538935,False,[116],1,0,1,0.2934142997816198,17.992390832692944,0
490,M90,0,1851389.3,5.9e-05,0.0786,2321591.06,1790.65,200.0,denoising,high,,1.76562242507945,1.0,490,1847,1.7656224250793457,0.2924484403112864,0.01673754117009597,0.0005072051222906149,0.2924484403112974,26.154577607576428,True,[],0,0,0,0.2862412572238192,17.225760144174593,1
2004,M90,4,1818992.3,2.7000000000000002e-05,0.5098,1633642.57,664.46,200.0,denoising,low,,1.7347262382507795,0.3,2004,1848,1.7347262382507325,0.2869077887787394,0.0076595527388574796,0.003695351605260194,0.28690778877874024,36.536770606957155,False,[],0,0,0,0.2842547470679049,17.00694983708683,0
1143,M88,3,1290948.94,2.8999999999999997e-05,2.2108,2513458.64,1711.4,200.0,denoising,low,,1.2311448478699087,0.3,1143,1849,1.231144847869873,0.19659991299285567,0.008226927015809883,0.0162719684130785,0.19659991299285645,35.79824059957907,False,[],0,0,0,0.27712657063211615,16.114083816213135,0
1311,M94,1,2486243.82,2.1e-05,1.2969,766343.48,2232.41,200.0,denoising,low,,2.3710668754578137,0.3,1311,1850,2.3710668754577635,0.4010235450797032,0.005957429908000261,0.009514901922387641,0.401023545079702,36.81864712264718,False,[],0,0,0,0.29309464669073626,18.117469189141037,0
2242,M90,2,1330657.77,5e-05,1.9186,1955286.25,1449.83,200.0,denoising,low,,1.2690141391754786,0.3,2242,1851,1.269014139175415,0.20339106000631832,0.014184356923810147,0.014111540763904773,0.20339106000632393,35.890218017108126,False,[],0,0,0,0.2786826254775532,16.289229024691764,0
1111,M88,1,1716754.91,4.9e-05,2.1757,1793069.1,1359.02,200.0,denoising,low,,1.6372250652314035,0.3,1111,1852,1.6372250652313232,0.2694227824020037,0.013900669785333943,0.01601245092339336,0.26942278240201084,36.09731760190621,False,[],0,0,0,0.28391693645566707,16.944439880156047,0
2854,M90,7,1901733.51,0.00011899999999999999,0.8981,2663685.42,1497.8,200.0,denoising,low,,1.8136344051363242,0.3,2854,1853,1.8136344051361084,0.3010584882876845,0.03375876947866815,0.006566310045281268,0.30105848828771525,36.5072446517923,False,[],0,0,0,0.28982366987438835,17.61824273349287,0
1977,M93,7,1625438.44,2.5e-05,9.758,2978945.54,2635.89,200.0,denoising,low,,1.5501388931274802,0.3,1977,1854,1.5501388931274414,0.25380551106662436,0.007092178461905073,0.07207340425785587,0.25380551106662447,34.35301991653081,False,[],0,0,0,0.2815101112238538,16.665714322980534,0
1441,M90,1,1772700.69,3.1e-05,1.7438,2837125.83,1572.35,200.0,denoising,low,,1.6905791187286903,0.3,1441,1855,1.6905791187286376,0.2789908310391163,0.008794301292762291,0.012819128877951428,0.2789908310391183,36.231389457817926,False,[],0,0,0,0.2838142977028989,16.948205733660885,0
1889,M94,9,1672364.25,3.9e-05,0.1504,1506778.12,1526.53,200.0,denoising,medium,,1.5948908329010634,0.65,1889,1856,1.594890832901001,0.26183093197264995,0.011063798400571914,0.0010380699587405585,0.26183093197265406,31.266181629128383,False,[],0,0,0,0.2828273202859092,16.81745769093679,0
1006,M93,6,1732774.59,1e-05,3.0013,3254550.02,2201.81,200.0,denoising,low,,1.6525026226043866,0.3,1006,1857,1.6525026226043702,0.2721625257283275,0.0028368713847620295,0.022116657176500236,0.27216252572832317,35.92515038761831,False,[],0,0,0,0.28225527019367574,16.772688942208994,0
1627,M90,7,1958832.24,6.7e-05,1.4143,1646457.34,1729.01,200.0,denoising,low,1.0,1.8680879974366487,0.3,1627,1858,1.8680879974365234,0.3108237185831127,0.019007038277905595,0.010382917685608022,0.310823718583127,36.431807343764206,False,[],0,0,0,0.28809709399389294,17.450363874833428,0
1632,M90,2,2546486.42,4.9e-05,1.7152,1276139.91,1686.58,200.0,denoising,low,,2.4285186958314178,0.3,1632,1859,2.4285186958312988,0.41132645133690654,0.013900669785333943,0.012607670182652426,0.4113264513369175,36.76707569986805,False,[],0,0,0,0.2952692299704593,18.363476569505075,0
1074,M90,4,2385419.97,1.4999999999999999e-05,1.0024,1796537.31,1665.1,200.0,signal_enhancement,low,,2.2749137592316018,0.3,1074,1860,2.2749137592315676,0.38378028740091236,0.0042553070771430435,0.007337468853661896,0.38378028740090864,36.81499708399379,False,[],0,0,0,0.2914258251951873,17.914398401397698,0
578,M90,8,2011604.98,3.1e-05,2.2937,2115159.5,2186.9,200.0,denoising,low,,1.918416004180968,0.3,578,1861,1.9184160041809082,0.31984910250007126,0.008794301292762291,0.016884902883018617,0.3198491025000736,36.27284932350973,False,[],0,0,0,0.2870829594197753,17.356788448270432,0
2727,M94,6,962747.19,3.6e-05,1.0031,1016744.36,914.06,200.0,signal_enhancement,low,,0.918147268295321,0.3,2727,1862,0.918147268295288,0.14046966855287318,0.010212736985143306,0.007342644416134251,0.14046966855287474,35.841599341727466,False,[],0,0,0,0.27297373877170417,15.588525951261312,0
2345,M88,5,763868.51,2.6000000000000002e-05,2.2225,1744838.11,1505.76,200.0,signal_enhancement,low,,0.7284817790985296,0.3,2345,1863,0.7284817790985108,0.10645672096103052,0.0073758656003812765,0.01635847424297355,0.1064567209610303,35.43507265655492,False,[],0,0,0,0.26977043482894725,15.197332790417168,0
2263,M94,3,1468675.56,0.00022799999999999999,0.9126,2780345.58,878.18,200.0,denoising,low,,1.4006381607058858,0.3,2263,1864,1.4006381607055665,0.22699535916001318,0.06468066757257426,0.0066735181250657276,0.22699535916006414,36.20777589288807,False,[],0,0,0,0.28915534222013867,17.43420560790647,0
2302,M88,2,744123.58,0.00047300000000000006,3.0607,1233941.29,2052.54,200.0,denoising,low,,0.7096515464786071,0.3,2302,1865,0.7096515464782714,0.10307987197302133,0.134184016499244,0.02255584062058278,0.10307987197307798,35.2356442692746,False,[],0,0,0,0.2910576725627132,17.446111016716607,0
327,M90,7,2606494.31,6e-06,1.9264,723997.45,3078.65,200.0,signal_enhancement,low,,2.4857466793060454,0.3,327,1866,2.4857466793060303,0.42158921664521953,0.0017021228308572176,0.014169211317168137,0.42158921664521154,36.761280527065836,False,[],0,0,0,0.2940164982128633,18.246530377407627,0
1790,M94,0,1598421.58,0.000102,1.151,1011899.22,1393.49,200.0,signal_enhancement,low,,1.5243736076356535,0.3,1790,1867,1.5243736076354981,0.24918499043929446,0.028936088124572698,0.008436166829935737,0.24918499043931552,36.24365495685911,False,[],0,0,0,0.2848539342163209,17.012699490635253,0
442,M94,2,1826415.26,0.00011,0.1937,1050820.93,1672.19,200.0,signal_enhancement,medium,,1.7418053245546348,0.65,442,1868,1.7418053245544434,0.2881772901121973,0.031205585232382323,0.0013582154659589787,0.2881772901122239,31.361962696470027,False,[],0,0,0,0.2883591326984808,17.443473435304853,0
1858,M93,8,1770342.56,2.6000000000000002e-05,0.0867,1817613.7,1090.95,200.0,denoising,high,,1.6883302307129346,1.0,1858,1869,1.6883302307128907,0.27858753515991624,0.0073758656003812765,0.0005670937737564163,0.2785875351599167,26.097337327426978,True,[],0,0,0,0.2835408999648581,16.918640932406024,1
2170,M90,0,2383288.08,1.8e-05,0.4857,744025.96,1268.94,200.0,denoising,low,,2.272880630493205,0.3,2170,1870,2.272880630493164,0.38341568390072023,0.005106368492571653,0.0035171643829977474,0.3834156839007178,36.928147804112946,False,[],0,0,0,0.2915413373557948,17.92607147187349,0
2832,M93,3,675177.09,1.6e-05,0.4123,2692023.53,1377.86,200.0,denoising,low,,0.6438990497589214,0.3,2832,1871,0.6438990497589111,0.0912883951238613,0.004538994215619247,0.002974469689468139,0.09128839512385989,35.7759194898114,False,[],0,0,0,0.26807470062656413,14.994585847119758,0
832,M88,2,1487617.7,7.5e-05,1.2734,1961544.15,1807.54,200.0,denoising,low,,1.4187027931214444,0.3,832,1872,1.4187027931213378,0.23023491211308658,0.021276535385715216,0.00934115089653007,0.23023491211309932,36.140705121556444,False,[],0,0,0,0.28203580398461847,16.68532675807374,0
2374,M93,4,3006336.86,6.7e-05,0.1884,2057950.22,2034.32,200.0,signal_enhancement,medium,,2.8670662498476043,0.65,2374,1873,2.867066249847412,0.4899717285270297,0.019007038277905595,0.0013190290643825902,0.489971728527052,32.170316042176644,False,[],0,0,0,0.3024289347894063,19.241843974272598,0
2103,M88,3,1987597.77,1.8e-05,0.6211,1568242.82,1624.9,200.0,signal_enhancement,low,,1.8955209445953711,0.3,2103,1874,1.895520944595337,0.31574330304707626,0.005106368492571653,0.004518266038364354,0.31574330304707415,36.62742523103737,False,[],0,0,0,0.2861275468875033,17.24934766333705,0
1414,M94,4,1866001.09,5e-06,0.24600000000000002,1921224.99,1918.51,200.0,signal_enhancement,medium,,1.7795573139190766,0.65,1414,1875,1.7795573139190675,0.2949474012229991,0.0014184356923810147,0.0017449039192505118,0.2949474012229929,31.377442487314486,False,[],0,0,0,0.2838369261655447,16.97500585469285,0
1201,M93,1,1497716.57,4e-06,0.5403,1794903.6,1823.8,200.0,signal_enhancement,low,,1.4283338260650693,0.3,1201,1876,1.4283338260650635,0.23196205720499305,0.0011347485539048117,0.003920858255841298,0.23196205720498767,36.310222481144734,False,[],0,0,0,0.2787498718305632,16.340046046020216,0
2314,M90,4,2379342.01,4.5e-05,1.2934,2612704.01,1963.58,200.0,denoising,low,,2.269117364883525,0.3,2314,1877,2.2691173648834226,0.3827408128079326,0.012765921231429132,0.009489024110025876,0.3827408128079412,36.746292527930954,False,[],0,0,0,0.2927894716339775,18.05719471024505,0
1499,M93,9,1772210.74,2.5e-05,1.6732,1601078.97,2178.4,200.0,denoising,low,,1.6901118659973569,0.3,1499,1878,1.6901118659973144,0.27890703802685063,0.007092178461905073,0.012297136434311233,0.2789070380268508,36.24671405907807,False,[],0,0,0,0.2835182333806719,16.916729592582797,0
2877,M94,3,2238283.0,7.099999999999999e-05,103.5619,1440383.96,1288.25,200.0,denoising,low,,2.1345930099488823,0.3,2877,1879,2.1345930099487305,0.3586163932648866,0.020141786831810404,0.7656276108298179,0.3586163932649046,13.965637248165008,False,[],0,0,0,0.2921134152225987,17.948716095621453,0
86,M90,6,1180460.63,2.2e-05,1.7312,2046176.26,1232.43,200.0,denoising,low,,1.1257749843597658,0.3,86,1880,1.125774984359741,0.1777038045837428,0.006241117046476464,0.012725968753449071,0.17770380458374202,35.8290361557315,False,[],0,0,0,0.2752772942646004,15.889378152674004,0
1403,M93,3,2081144.18,1.7e-05,2.4411,1823997.89,1140.95,200.0,signal_enhancement,low,,1.9847337532043796,0.3,1403,1881,1.9847337532043456,0.3317419467465167,0.00482268135409545,0.01797472846648271,0.33174194674651414,36.287725932991584,False,[],0,0,0,0.28735921156991756,17.404227731838887,0
2926,M88,7,1739918.91,2e-06,1.3802,1962700.66,1500.25,200.0,denoising,low,,1.6593159770965609,0.3,2926,1882,1.6593159770965575,0.2733843730461966,0.0005673742769524058,0.010130793856597674,0.2733843730461899,36.28961367648686,False,[],0,0,0,0.28196720347077764,16.74405646744711,0
1481,M94,1,1777562.89,1.4000000000000001e-05,1.7812,2143274.12,2128.84,200.0,signal_enhancement,low,,1.6952160739898918,0.3,1481,1883,1.695216073989868,0.27982238198153536,0.003971619938666841,0.013095651787188585,0.27982238198153214,36.22641997431049,False,[],0,0,0,0.28306096594809615,16.869712978711355,0
777,M93,7,1999561.95,3.8e-05,0.5903,2708578.31,2630.88,200.0,denoising,low,,1.9069308757782706,0.3,777,1884,1.9069308757781982,0.3177894601681884,0.010780111262095712,0.0042905412895808135,0.31778946016819304,36.64244160198533,False,[],0,0,0,0.28725577572801136,17.371936604399608,0
799,M94,9,1295463.28,5.4000000000000005e-05,1.1786,1691722.59,1937.59,200.0,signal_enhancement,low,,1.235450057983465,0.3,799,1885,1.2354500579833985,0.1973719716661723,0.015319105477714959,0.00864023186455995,0.1973719716661786,36.03028093072788,False,[],0,0,0,0.27839400566450534,16.24946361526059,0
1666,M93,6,2115737.63,1e-06,1.5827,2481950.03,1955.6,200.0,signal_enhancement,low,,2.0177246379852316,0.3,1666,1886,2.0177246379852294,0.3376582430627987,0.0002836871384762029,0.01162801014324271,0.33765824306279035,36.501792667953914,False,[],0,0,0,0.28706088625856485,17.381688799120557,0
54,M94,4,1625323.17,4.8e-05,2.0823,2160428.64,1552.64,200.0,denoising,low,,1.5500289630890636,0.3,54,1887,1.5500289630889892,0.2537857971763828,0.01361698264685774,0.015321883016367947,0.2537857971763892,36.05548669821449,False,[],0,0,0,0.2826177508240764,16.78296365940727,0
2362,M90,2,2013884.19,0.00024300000000000002,0.1377,2207588.98,1607.14,200.0,denoising,high,,1.920589628220071,1.0,2362,1888,1.9205896282196044,0.3202389011968486,0.06893597464971732,0.0009441704681707216,0.3202389011969239,26.25263049074227,True,[],0,0,0,0.2973382277861998,18.443236555663397,1
1287,M93,7,1875016.25,6e-06,1.5066,2499670.98,3465.99,200.0,denoising,low,,1.788154840469371,0.3,1287,1889,1.7881548404693604,0.29648920633057557,0.0017021228308572176,0.011065352565891168,0.2964892063305697,36.35399624834557,False,[],0,0,0,0.28400849738769174,16.995530274261185,0
1667,M93,7,2038558.14,2e-06,1.8543,925346.98,2087.73,200.0,denoising,low,,1.9441205406189002,0.3,1667,1890,1.9441205406188964,0.32445872892415323,0.0005673742769524058,0.013636128382515756,0.32445872892414546,36.38875106422114,False,[],0,0,0,0.28605315194101416,17.254800026226675,0
2586,M93,0,1937860.65,7.8e-05,1.3726,1498150.4,1598.08,200.0,denoising,low,,1.8480879306794653,0.3,2586,1891,1.8480879306793212,0.30723708178731535,0.022127596801143828,0.010074602035469267,0.3072370817873331,36.42671026608519,False,[],0,0,0,0.2883406579991797,17.47066756029374,0
2154,M94,4,2361992.12,1e-05,1.8313,2276155.6,1817.86,200.0,signal_enhancement,low,,2.252571220397972,0.3,2154,1892,2.2525712203979493,0.37977357218015784,0.0028368713847620295,0.013466074186995578,0.37977357218015223,36.615112063110764,False,[],0,0,0,0.2908641539098222,17.848799406727295,0
1701,M93,1,1527871.88,1.8e-05,1.3518,3148352.2,1795.36,200.0,denoising,low,,1.4570921707153581,0.3,1701,1893,1.457092170715332,0.23711932684619222,0.005106368492571653,0.009920813893433628,0.2371193268461904,36.15085289058177,False,[],0,0,0,0.27983762879143254,16.46310790132821,0
1245,M88,5,1684346.3,6e-06,3.8161,981139.23,2163.94,200.0,signal_enhancement,low,1.0,1.606317806243906,0.3,1245,1894,1.6063178062438965,0.2638801452854738,0.0017021228308572176,0.028141011894319376,0.26388014528546844,35.711290224312314,False,[],0,0,0,0.28139977250408366,16.66943966381017,0
113,M93,3,1873399.79,4.4e-05,1.0090000000000001,1250681.29,1938.47,200.0,denoising,low,,1.786613264083941,0.3,113,1895,1.7866132640838623,0.29621275352394844,0.012482234092952928,0.007386267014115514,0.29621275352395465,36.46326300367233,False,[],0,0,0,0.2858190000777178,17.18680774891264,0
2806,M90,4,1782319.72,6.2e-05,1.8664,2059897.67,1685.84,200.0,denoising,low,,1.6997525405884841,0.3,2806,1896,1.6997525405883789,0.28063591216734163,0.017588602585524582,0.013725591676680719,0.280635912167353,36.21077589836894,False,[],0,0,0,0.2854409354129265,17.122953968212858,0
987,M90,7,1690847.34,2.4e-05,2.6517,1379640.84,1968.92,200.0,denoising,low,,1.6125176811218649,0.3,987,1897,1.6125176811218263,0.26499197654266277,0.00680849132342887,0.019531833404593545,0.26499197654266254,35.97401290403284,False,[],0,0,0,0.28235680164839594,16.772472609248346,0
501,M90,1,692703.67,5.3e-05,2.7041,2373587.17,1537.96,200.0,signal_enhancement,low,,0.6606136989593857,0.3,501,1898,0.6606136989593506,0.09428585391132027,0.015035418339238755,0.01991926122395256,0.09428585391132323,35.2795655789267,False,[],0,0,0,0.2700988894305762,15.2134960692195,0
2891,M93,8,1974414.55,0.000134,0.6066,1774076.07,1759.15,200.0,signal_enhancement,low,7.0,1.8829484462740558,0.3,2891,1899,1.8829484462738038,0.3134886613179994,0.03801407655581119,0.004411057958579895,0.3134886613180363,36.621622906514595,False,[571],1,0,1,0.29154148591992785,17.819139991184596,0
1009,M93,9,1665553.13,1e-05,2.1062,1843714.12,1579.85,200.0,signal_enhancement,low,,1.5883952426910557,0.3,1009,1900,1.58839524269104,0.26066606971792383,0.0028368713847620295,0.015498591506495433,0.2606660697179196,36.07770653367683,False,[],0,0,0,0.28133555371284347,16.657724382104956,0
1198,M93,8,215393.4,0.00014,1.341,2144078.32,1185.3,200.0,signal_enhancement,low,,0.20541515350344675,0.3,1198,1901,0.20541515350341796,0.012654533758962661,0.039716199386668406,0.009840962358145893,0.012654533758966307,35.255389264291466,False,[],0,0,0,0.26776411659645066,14.841436926549658,0
1394,M90,4,1126015.12,4e-06,0.2707,992228.09,2009.2,200.0,denoising,low,2.0,1.0738516998291059,0.3,1394,1902,1.0738516998291017,0.16839233752130484,0.0011347485539048117,0.001927527337917832,0.1683923375213006,36.11574352994768,False,[1545],1,0,1,0.2736642942558682,15.704348849183335,0
589,M90,9,1770099.94,1.9e-05,1.0689,2257867.08,1771.92,200.0,signal_enhancement,low,,1.6880988502502763,0.3,589,1903,1.688098850250244,0.27854604141435874,0.005390055631047856,0.007829147288535452,0.27854604141435707,36.37930974700137,False,[],0,0,0,0.28319999277042684,16.882481415502447,0
768,M90,8,1666701.95,1.6e-05,1.5783,1762241.36,1697.32,200.0,signal_enhancement,low,6.0,1.5894908428192391,0.3,768,1904,1.5894908428192138,0.2608625450487761,0.004538994215619247,0.011595478036273633,0.2608625450487736,36.19558583910689,False,[1837],1,0,1,0.28164063262055733,16.690327346368907,0
17,M93,7,1941302.8,0.000323,1.0356,1529273.51,2063.65,200.0,signal_enhancement,low,,1.8513706207281373,0.3,17,1905,1.851370620727539,0.307825770668161,0.09163094572781354,0.007582938388064935,0.30782577066826017,36.503814931030696,False,[],0,0,0,0.3002033224271812,18.727614729782253,0
1042,M93,2,2518146.54,6e-06,0.503,1934429.27,1634.82,200.0,denoising,low,,2.401491680145278,0.3,1042,1906,2.4014916801452637,0.4064796630678014,0.0017021228308572176,0.0036450747126716195,0.4064796630677937,37.01656641089105,False,[],0,0,0,0.29280773392666987,18.095434841633445,0
1447,M90,7,2762668.4,4.6e-05,0.5387,1972443.78,1461.46,200.0,signal_enhancement,low,,2.6346858978272696,0.3,1447,1907,2.6346858978271483,0.44829867156705283,0.013049608369905335,0.003909028398761633,0.4482986715670633,37.17592383430536,False,[],0,0,0,0.2980823271482481,18.717879666328823,0
2463,M88,3,1717790.73,7.000000000000001e-06,1.6021,2731906.38,1384.53,200.0,denoising,low,,1.6382129001617547,0.3,2463,1908,1.6382129001617431,0.26959993206618377,0.0019858099693334207,0.011771447160333643,0.2695999320661786,36.22525631345473,False,[],0,0,0,0.2819055822600814,16.73174390010984,0
285,M90,5,1367805.36,1.9e-05,2.0012,1528449.38,1683.49,200.0,signal_enhancement,low,,1.3044408416748297,0.3,285,1909,1.3044408416748048,0.20974417453741467,0.005390055631047856,0.014722257135642451,0.2097441745374132,35.89730898408038,False,[],0,0,0,0.2776958434202713,16.19446274673301,0
2638,M94,7,1536816.61,0.0008320000000000001,1.5505,2601851.8,1540.43,200.0,signal_enhancement,low,,1.46562252998474,0.3,2638,1910,1.4656225299835206,0.23864908676170046,0.23602769921220085,0.011389934269514462,0.2386490867619126,36.11289831896137,False,[],0,0,0,0.3192166358070102,20.63498945343662,0
428,M93,8,2306688.62,7.000000000000001e-06,0.237,1415332.53,2020.77,200.0,signal_enhancement,medium,,2.199829692840592,0.65,428,1911,2.1998296928405763,0.37031536858012654,0.0019858099693334207,0.0016783609731773987,0.3703153685801199,31.68091064512518,False,[],0,0,0,0.28996281718119676,17.73889826524927,0
1328,M94,8,1495187.45,4e-06,0.1583,1835881.75,1139.24,200.0,denoising,medium,,1.4259218692779598,0.65,1328,1912,1.425921869277954,0.2315295180006224,0.0011347485539048117,0.0010964798780714019,0.23152951800061702,31.143223675660344,False,[],0,0,0,0.2787152686942136,16.33572065397651,0
1948,M88,8,2448412.65,7.000000000000001e-06,2.8201,1924720.64,1977.58,200.0,signal_enhancement,low,,2.3349882602691814,0.3,1948,1913,2.334988260269165,0.3945535222368923,0.0019858099693334207,0.02077692586222823,0.39455352223688517,36.45490631308072,False,[],0,0,0,0.29190186947373803,17.981279801816925,0
669,M93,9,1594135.0,4.4e-05,0.4611,1546904.0,2204.35,200.0,denoising,low,,1.5202856063843442,0.3,669,1914,1.5202856063842773,0.24845188410085614,0.012482234092952928,0.0033352803303979056,0.24845188410086136,36.393749126491485,False,[],0,0,0,0.28199813052387046,16.709199054681715,0
31,M90,1,976059.79,4.5e-05,1.3572,781132.24,1025.24,200.0,denoising,low,0.0,0.9308431529999199,0.3,31,1915,0.930843152999878,0.14274643731517173,0.012765921231429132,0.009960739661077496,0.14274643731517483,35.772163559428364,False,[116],1,0,1,0.2735899215945567,15.65725095531744,0
1341,M90,1,1768226.3,1.7e-05,2.9992,808001.08,2079.13,200.0,signal_enhancement,low,,1.6863120079040816,0.3,1341,1916,1.6863120079040528,0.27822560475857455,0.00482268135409545,0.022101130489083177,0.2782256047585723,35.9498685043618,False,[],0,0,0,0.28307790421088214,16.869064311959463,0
722,M94,2,2252922.4,2e-06,0.7878,1739532.77,1181.75,200.0,denoising,low,,2.1485542297363325,0.3,722,1917,2.148554229736328,0.36112007613816405,0.0005673742769524058,0.005750789272851897,0.3611200761381555,36.7719566263671,False,[],0,0,0,0.28898605971813507,17.621413498366785,0
951,M90,1,2282101.85,7.6e-05,2.3535,1927958.74,2192.76,200.0,signal_enhancement,low,,2.1763819217683538,0.3,951,1918,2.1763819217681886,0.36611045069017134,0.021560222524191423,0.017327043791371077,0.3661104506901915,36.44463048901956,False,[],0,0,0,0.2929540738843262,18.04918851233716,0
1914,M93,4,1868175.9,0.000118,2.0062,1748309.65,1819.78,200.0,signal_enhancement,low,,1.7816313743593408,0.3,1914,1919,1.7816313743591308,0.29531934505605456,0.03347508234019194,0.014759225439016404,0.29531934505608437,36.238500617053724,False,[],0,0,0,0.28931631160231697,17.555744932684,0
2293,M88,3,1805322.51,0.00054,1.1424,2324819.76,2023.6,200.0,signal_enhancement,low,,1.7216897106179951,0.3,2293,1920,1.7216897106170654,0.28456993209716097,0.1531910547771496,0.00837258134813254,0.2845699320973201,36.387102287944664,False,[],0,0,0,0.3088080738798883,19.603138306960304,0
214,M90,4,1672358.71,2.7000000000000002e-05,1.4156,1470931.98,953.57,200.0,signal_enhancement,low,1.0,1.5948855495453313,0.3,214,1921,1.594885549545288,0.2618299845019122,0.0076595527388574796,0.01039252944448525,0.2618299845019129,36.23554405467309,False,[],0,0,0,0.28224852272575873,16.756171794318554,0
989,M90,9,1416367.04,2.4e-05,1.1921,1744881.25,2040.36,200.0,denoising,low,,1.3507528686523762,0.3,989,1922,1.3507528686523438,0.21804936781812145,0.00680849132342887,0.008740046283669617,0.21804936781812115,36.10999608276239,False,[],0,0,0,0.2786013929504326,16.303046522002933,0
1164,M90,4,1999301.35,2e-05,0.2322,1973604.31,1054.45,200.0,signal_enhancement,medium,,1.906682348251381,0.65,1164,1923,1.9066823482513429,0.31774489141832324,0.005673742769524059,0.0016428714019384053,0.31774489141832174,31.471693423615143,False,[],0,0,0,0.28638412758428494,17.279576284034665,0
2792,M90,8,1206458.42,4.8e-05,0.6890000000000001,2112745.37,2579.35,200.0,signal_enhancement,low,,1.1505684089661197,0.3,2792,1924,1.1505684089660644,0.18215004019217368,0.01361698264685774,0.005020295598182616,0.1821500401921783,36.077991292823214,False,[],0,0,0,0.2768868902653397,16.066606089565177,0
2005,M90,5,1354002.43,2.9999999999999997e-05,0.4625,1287217.41,1473.68,200.0,denoising,low,,1.29127734184269,0.3,2005,1925,1.2912773418426513,0.20738354777388285,0.008510614154286087,0.003345631455342612,0.20738354777388393,36.229165247435255,False,[],0,0,0,0.27803748822813923,16.22702653251598,0
326,M90,6,3439209.4,9e-06,0.8002,3332705.23,3616.23,200.0,signal_enhancement,low,,3.279885673522979,0.3,326,1926,3.279885673522949,0.5640031481692348,0.0025531842462858264,0.005842470665219298,0.5640031481692264,37.58073847272036,False,[],0,0,0,0.30555429317540733,19.685988798125493,0
560,M94,0,1962950.35,1.4999999999999999e-05,2.5773,1639837.26,2012.04,200.0,signal_enhancement,low,,1.8720153331756875,0.3,560,1927,1.8720153331756593,0.3115280125758496,0.0042553070771430435,0.01898174505038915,0.3115280125758465,36.176659698791724,False,[],0,0,0,0.2856456432091823,17.191875653147072,0
1383,M88,3,965102.27,5.6000000000000006e-05,0.5457,1778850.18,2282.57,200.0,denoising,low,,0.9203932476044216,0.3,1383,1928,0.9203932476043701,0.14087244281009675,0.015886479754667365,0.003960784023485165,0.1408724428101016,35.94466625053583,False,[],0,0,0,0.27397049698310116,15.69468106368498,0
1724,M88,4,1129739.1,2.7000000000000002e-05,2.5444,2417186.1,1937.93,200.0,signal_enhancement,low,,1.0774031639099413,0.3,1724,1929,1.0774031639099122,0.16902922598301962,0.0076595527388574796,0.018738493614188546,0.16902922598301984,35.613962095506416,False,[],0,0,0,0.2748244620442473,15.82816420912963,0
1086,M90,6,899315.18,3e-06,1.6215,812338.12,771.9,200.0,signal_enhancement,low,,0.8576537895202664,0.3,1086,1930,0.8576537895202637,0.12962129791920227,0.0008510614154286088,0.011914884177424574,0.12962129791919863,35.661038666354074,False,[],0,0,0,0.270514384274159,15.311532084669738,0
2683,M88,7,2230603.77,7.5e-05,2.3363,2586455.33,1211.55,200.0,denoising,low,,2.127269525528114,0.3,2683,1931,2.127269525527954,0.35730306371374665,0.021276535385715216,0.017199872827764685,0.35730306371376613,36.413216070022045,False,[],0,0,0,0.2922012561126713,17.95600827408034,0
341,M88,1,3149827.76,2.6000000000000002e-05,0.1146,4193339.39,3659.2,200.0,denoising,high,,3.0039098358155076,1.0,341,1932,3.0039098358154295,0.5145120586499283,0.0073758656003812765,0.0007733769065830657,0.5145120586499297,27.034846927402217,True,[],0,0,0,0.3024148618440591,19.277886167306146,1
1653,M88,3,1726764.39,5.7999999999999994e-05,1.4251,2237476.89,1536.24,200.0,signal_enhancement,low,,1.6467708492280007,0.3,1653,1933,1.6467708492279052,0.27113463969440726,0.016453854031619766,0.010462769220895759,0.2711346396944171,36.27065548215076,False,[],0,0,0,0.28448792636092796,17.007515769513226,0
147,M93,7,1566550.1,1.9e-05,1.9731,1497742.94,609.02,200.0,signal_enhancement,low,,1.493978595733671,0.3,147,1934,1.4939785957336427,0.2437342152284249,0.005390055631047856,0.014514495270680845,0.2437342152284233,36.03950200279328,False,[],0,0,0,0.2804150466755521,16.53436315364311,0
2339,M94,9,1027913.72,0.00035,0.9512,2829752.44,691.4,200.0,denoising,low,,0.9802949142459485,0.3,2339,1935,0.9802949142456054,0.15161468303925377,0.09929049846667103,0.006958913427112634,0.15161468303931067,35.89769132934364,False,[],0,0,0,0.28900855938247433,17.303375802792615,0
2412,M88,2,1437346.95,1.6e-05,2.3852,1916269.63,1384.3,200.0,signal_enhancement,low,,1.3707608699798803,0.3,2412,1936,1.3707608699798584,0.2216374275302614,0.004538994215619247,0.01756142283476193,0.22163742753025917,35.85970702507819,False,[],0,0,0,0.27850262321907615,16.29807617118376,0
1107,M88,7,1518097.42,4.2e-05,2.2877,2754246.5,2372.84,200.0,denoising,low,,1.4477705192566526,0.3,1107,1937,1.4477705192565917,0.23544766351999474,0.011914859816000522,0.016840540918969877,0.23544766351999918,35.93657442651089,False,[],0,0,0,0.28086133925031964,16.568944111887955,0
848,M93,8,1943954.88,3.6e-05,1.8785,2761364.13,1850.92,200.0,signal_enhancement,low,4.0,1.8538998413086603,0.3,848,1938,1.8538998413085936,0.3082793389342485,0.010212736985143306,0.013815054970845682,0.30827933893425236,36.318665706611625,False,[],0,0,0,0.28639851240221426,17.266622655075064,0
966,M88,6,1548861.45,2e-06,1.4583,1787194.02,2062.84,200.0,denoising,low,,1.477109384536746,0.3,966,1939,1.4771093845367431,0.24070903864629725,0.0005673742769524058,0.010708238755298796,0.24070903864629117,36.14158899192623,False,[],0,0,0,0.2793531767187857,16.417303123448118,0
1072,M90,2,1645427.73,2.2e-05,0.6402,2524246.44,2342.59,200.0,denoising,low,,1.569202165603672,0.3,1072,1940,1.5692021656036377,0.2572241513812531,0.006241117046476464,0.004659484957252849,0.2572241513812523,36.38911205680743,False,[],0,0,0,0.28163892200840124,16.68458162064911,0
2464,M88,4,1747197.9,1e-05,1.5971,1239258.79,1630.12,200.0,signal_enhancement,low,1.0,1.6662577629089521,0.3,2464,1941,1.6662577629089355,0.2746292521121254,0.0028368713847620295,0.01173447885695969,0.274629252112121,36.246482642739714,False,[],0,0,0,0.28245260830437957,16.79735620604697,0
1905,M93,5,2393125.03,0.000354,1.4269999999999998,2795881.61,293.48,200.0,denoising,low,,2.282261877060744,0.3,1905,1942,2.2822618770599363,0.385098034491611,0.10042524702057583,0.010476817176177858,0.385098034491746,36.726087622681106,False,[],0,0,0,0.3078801347528267,19.658634791286474,0
155,M93,5,2508860.77,0.000106,2.1729,2129961.48,2518.56,200.0,denoising,low,,2.3926360797884616,0.3,155,1943,2.392636079788208,0.40489157726413516,0.03007083667847751,0.015991748673503947,0.4048915772641703,36.63981384885142,False,[],0,0,0,0.29750336841647196,18.590190832853946,0
665,M93,5,1758091.05,5.2000000000000004e-05,0.4217,2786677.56,1900.27,200.0,denoising,low,,1.6766462802887834,0.3,665,1944,1.6766462802886963,0.27649223782814125,0.014751731200762553,0.003043970099811168,0.27649223782814947,36.51464984831823,False,[],0,0,0,0.2846271733303809,17.030453539895138,0
661,M93,1,1155090.74,4e-05,0.5363,2323362.19,1705.42,200.0,denoising,low,,1.1015803718567334,0.3,661,1945,1.1015803718566894,0.17336495469304153,0.011347485539048118,0.0038912836131421366,0.1733649546930443,36.076721310377906,False,[],0,0,0,0.2757982689170815,15.937904286633282,0
1002,M93,2,2280178.61,6e-06,2.4252,1336420.76,1043.1,200.0,denoising,low,,2.174547777175916,0.3,1002,1946,2.174547777175903,0.3657815312638832,0.0017021228308572176,0.01785716926175354,0.3657815312638761,36.42741104720293,False,[],0,0,0,0.2895518833823564,17.688453523594262,0
2341,M88,1,1301067.92,2.1e-05,1.5466,1630154.77,1975.84,200.0,signal_enhancement,low,,1.2407950592041277,0.3,2341,1947,1.2407950592041015,0.19833049736933536,0.005957429908000261,0.01136109899288278,0.1983304973693344,35.95248901969086,False,[],0,0,0,0.2768792028739069,16.090538712037358,0
2516,M93,2,1771910.69,4.6e-05,1.9529,1056910.34,2489.32,200.0,denoising,low,,1.6898257160187544,0.3,2516,1948,1.6898257160186767,0.2788557223960101,0.013049608369905335,0.014365143325050081,0.2788557223960166,36.184468589832534,False,[],0,0,0,0.2845268912145647,17.023450174618397,0
176,M94,6,809968.05,3.4e-05,0.9097,2315709.7,2218.4,200.0,signal_enhancement,low,,0.7724457263946796,0.3,176,1949,0.7724457263946534,0.11434083019801891,0.0096453627081909,0.006652076509108836,0.11434083019801983,35.75780102551881,False,[],0,0,0,0.2707869780762339,15.317024830727625,0
2654,M88,5,1392669.1,2.3e-05,1.0205,2336943.52,1622.47,200.0,denoising,low,,1.3281527519226382,0.3,2654,1950,1.3281527519226075,0.2139964608335486,0.006524804184952667,0.007471294111875601,0.21399646083354806,36.131847019977926,False,[],0,0,0,0.27822893357812584,16.257411083664635,0
1879,M88,9,2190029.39,1.4999999999999999e-05,1.5467,1855374.34,1716.97,200.0,signal_enhancement,low,,2.0885747814178783,0.3,1879,1951,2.088574781417847,0.3503638872242833,0.0042553070771430435,0.01136183835895026,0.3503638872242799,36.56060039812863,False,[],0,0,0,0.288752513181057,17.580234399631408,0
1524,M90,4,1506763.3,5e-06,0.14,1321775.22,421.73,200.0,signal_enhancement,high,,1.4369614601135328,1.0,1524,1952,1.4369614601135254,0.23350926152758586,0.0014184356923810147,0.0009611758877227395,0.23350926152758072,25.905201769478662,True,[],0,0,0,0.2789218749899116,16.360624457738716,1
2817,M88,6,2387806.6,4e-05,1.067,1875728.15,2004.74,200.0,denoising,low,,2.277189826965423,0.3,2817,1953,2.277189826965332,0.38418845745268015,0.011347485539048118,0.00781509933325335,0.38418845745268665,36.80230084981312,False,[],0,0,0,0.29266414913785255,18.04613931422967,0
1203,M93,3,845560.88,5e-06,1.0934,1378696.61,734.16,200.0,signal_enhancement,low,,0.8063896942138713,0.3,1203,1954,0.8063896942138672,0.12042804407853824,0.0014184356923810147,0.008010291975067814,0.12042804407853507,35.74140341706212,False,[],0,0,0,0.26987537759398783,15.22981228324824,0
24,M93,4,1204401.96,0.000173,1.9618,1442461.87,1188.45,200.0,signal_enhancement,low,,1.1486072158815464,0.3,24,1955,1.1486072158813476,0.1817983370020443,0.049077874956383105,0.014430946905055714,0.18179833700207465,35.79426494085651,False,[],0,0,0,0.28288710570274866,16.70138511923534,0
2810,M90,8,2200257.41,4.9e-05,1.8116,1816522.13,1411.68,200.0,signal_enhancement,low,,2.0983289813996393,0.3,2810,1956,2.0983289813995363,0.3521131200139836,0.013900669785333943,0.01332041907170221,0.35211312001399303,36.508839907904864,False,[],0,0,0,0.29053216346462546,17.77134325627585,0
2809,M90,7,1257786.72,2.3e-05,1.4231,3232677.55,1795.95,200.0,denoising,low,,1.199518890380887,0.3,2809,1957,1.1995188903808593,0.1909283907819824,0.006524804184952667,0.010447981899546177,0.1909283907819819,35.95027410614154,False,[],0,0,0,0.27638348797400053,16.026730383148973,0
2077,M88,7,1370811.5,4.8e-05,2.1874,1233125.87,1301.27,200.0,signal_enhancement,low,6.0,1.3073077201843888,0.3,2077,1958,1.3073077201843262,0.2102582954189176,0.01361698264685774,0.016098956753288405,0.2102582954189229,35.858064479077015,False,[1837],1,0,1,0.2791355506834792,16.347688641832615,0
2299,M88,9,786869.81,0.000298,3.8737,727620.71,2074.85,200.0,denoising,low,,0.7504175281526895,0.3,2299,1959,0.7504175281524659,0.11039048606568756,0.08453876726590846,0.028566886749187295,0.11039048606572396,35.08455534178713,False,[],0,0,0,0.2832028293204594,16.62560267144323,0
875,M88,5,1789844.73,2.2e-05,2.3332,2857531.76,2024.37,200.0,signal_enhancement,low,,1.7069289493561166,0.3,875,1960,1.706928949356079,0.28192286645906406,0.006241117046476464,0.017176952479672835,0.2819228664590633,36.11238289144607,False,[],0,0,0,0.2836148192146261,16.931568771427216,0
2899,M93,7,1341717.04,4e-05,1.2417,657571.93,1060.22,200.0,signal_enhancement,low,,1.2795610809326683,0.3,2899,1961,1.2795610809326172,0.2052824561625782,0.011347485539048118,0.009106771853139217,0.20528245616258153,36.04792666905614,False,[],0,0,0,0.2783516690346444,16.25707930132865,0
938,M93,8,2270808.69,7.3e-05,1.6744,2835259.29,1928.78,200.0,signal_enhancement,low,,2.16561192512528,0.3,938,1962,2.165611925125122,0.36417905382437205,0.02070916110876281,0.012306008827120981,0.364179053824391,36.58753595048386,False,[],0,0,0,0.29265488169443943,18.01455543820145,0
2697,M88,3,2024049.01,0.00011499999999999999,1.3488,1395355.48,2597.04,200.0,denoising,low,,1.9302835559847191,0.3,2697,1963,1.930283555984497,0.3219773252951004,0.03262402092476333,0.009898632911409258,0.32197732529513184,36.49095031383812,False,[],0,0,0,0.2913042695808178,17.807005629596745,0
1552,M94,2,896474.76,0.002461,1.5507,1336510.96,2496.38,200.0,denoising,low,,0.854944953920561,0.3,1552,1964,0.854944953918457,0.12913551906850382,0.6981540477899354,0.01139141300164942,0.12913551906887702,35.67479968622453,False,[],0,0,0,0.38901702964976936,27.858128050903876,1
346,M88,6,1831346.45,1.4999999999999999e-05,0.794,3839619.87,3774.43,200.0,signal_enhancement,low,,1.746508073806789,0.3,346,1965,1.7465080738067627,0.2890206399727023,0.0042553070771430435,0.005796629969035598,0.28902063997269933,36.48218366081974,False,[],0,0,0,0.28384505340093047,16.966801927115597,0
2507,M93,2,457022.46,8e-06,2.6687,1999838.09,1556.21,200.0,signal_enhancement,low,,0.43585058212280625,0.3,2507,1966,0.43585058212280275,0.05397880519140686,0.0022694971078096233,0.01965752563606498,0.05397880519140505,35.12618945168368,False,[],0,0,0,0.26470411892364015,14.580638999854642,0
2971,M90,7,2190985.69,7.000000000000001e-06,1.7403,2869413.24,2531.85,200.0,denoising,low,,2.0894867801666406,0.3,2971,1967,2.089486780166626,0.35052743709188133,0.0019858099693334207,0.01279325106558966,0.3505274370918749,36.518312216399835,False,[],0,0,0,0.28837978266213715,17.541018950366816,0
2037,M93,7,1548991.23,2.8000000000000003e-05,1.6035,2003670.7,1355.9,200.0,signal_enhancement,low,,1.4772331523895676,0.3,2037,1968,1.4772331523895263,0.24073123408895844,0.007943239877333683,0.011781798285278347,0.24073123408895925,36.10947098779748,False,[],0,0,0,0.2806088495062634,16.55029065868159,0
1926,M88,6,1517860.02,4.5e-05,2.2137,2307100.93,2246.14,200.0,signal_enhancement,low,,1.4475441169739423,0.3,1926,1969,1.447544116973877,0.23540706251762336,0.012765921231429132,0.01629341002903539,0.23540706251762858,35.952825949199436,False,[],0,0,0,0.2810027716107528,16.583857207341957,0
385,M90,5,1769269.35,0.000148,1.3804,1692495.8,815.03,200.0,signal_enhancement,low,,1.6873067379000302,0.3,385,1970,1.6873067378997804,0.2784039909233745,0.04198569649447803,0.010132272588732632,0.27840399092341184,36.30964778603152,False,[],0,0,0,0.2894098876779312,17.53978244613435,0
1829,M88,9,2006154.17,5.2000000000000004e-05,1.0192,1505052.35,1286.99,200.0,denoising,low,,1.9132177066803973,0.3,1829,1971,1.9132177066802978,0.3189168853571221,0.014751731200762553,0.007461682352998374,0.3189168853571316,36.55181707083854,False,[],0,0,0,0.2880211451326994,17.454700015184947,0
2161,M93,1,2038623.9,1.8e-05,1.1394,2816963.19,1302.54,200.0,signal_enhancement,low,,1.9441832542419781,0.3,2161,1972,1.9441832542419433,0.32446997543601486,0.005106368492571653,0.008350400366108169,0.32446997543601264,36.54736789076082,False,[],0,0,0,0.28682568067861836,17.33661438722644,0
2508,M93,3,1010432.21,1.2e-05,3.1337,999869.84,1209.72,200.0,denoising,low,,0.963623247146618,0.3,2508,1973,0.9636232471466064,0.1486249322853958,0.003404245661714435,0.023095577849842473,0.14862493228539334,35.4016323936463,False,[],0,0,0,0.2724687163453231,15.547525744764817,0
2196,M88,6,1098007.74,0.00016999999999999999,2.338,1266976.04,2269.02,200.0,signal_enhancement,low,,1.0471417808534496,0.3,2196,1974,1.0471417808532715,0.16360241459882352,0.04822681354095449,0.017212442050911828,0.16360241459885055,35.63803639686794,False,[],0,0,0,0.28128675146986815,16.504106789725416,0
243,M88,3,2865884.33,5.3e-05,1.8072,1375242.06,2460.32,200.0,denoising,low,,2.733120279312279,0.3,243,1975,2.733120279312134,0.4659510313762254,0.015035418339238755,0.013287886964733132,0.4659510313762399,36.9651675165629,False,[],0,0,0,0.2998321036277686,18.930147843868554,0
2086,M93,6,1353714.68,2.1e-05,0.7298,1965996.26,1780.56,200.0,signal_enhancement,low,,1.2910029220581327,0.3,2086,1976,1.2910029220581054,0.2073343357333084,0.005957429908000261,0.00532195695371406,0.20733433573330745,36.16967863432182,False,[],0,0,0,0.2775995099430247,16.18057709567709,0
1826,M88,6,2100758.7,5.9e-05,2.4166,1414483.45,1320.66,200.0,signal_enhancement,low,,2.0034396171571007,0.3,1826,1977,2.0034396171569826,0.33509649254699747,0.01673754117009597,0.017793583779950346,0.3350964925470099,36.306578456789474,False,[],0,0,0,0.2896531014026761,17.652240666531704,0
936,M93,6,2570862.45,5.2000000000000004e-05,2.2549,2231816.96,2586.61,200.0,signal_enhancement,low,,2.4517654895783747,0.3,936,1978,2.4517654895782472,0.4154953277136363,0.014751731200762553,0.016598028848836755,0.41549532771364867,36.66404044538944,False,[],0,0,0,0.2957474205212205,18.420484438750087,0
1689,M94,9,1275606.26,3.3e-05,0.773,2147136.45,2004.7,200.0,signal_enhancement,low,,1.2165129280090734,0.3,1689,1979,1.2165129280090332,0.1939759526429659,0.009361675569714697,0.005641363094865001,0.19397595264296758,36.10666291772591,False,[],0,0,0,0.27710956105828877,16.108269686684523,0
2580,M93,3,1153553.87,0.000102,1.5469,1654663.18,1708.61,200.0,denoising,low,,1.1001146984101464,0.3,2580,1980,1.1001146984100343,0.1731021136546483,0.028936088124572698,0.011363317091085217,0.17310211365466333,35.85150894188604,False,[],0,0,0,0.2787673040735492,16.25187072278879,0
312,M90,2,3977397.01,4e-06,0.5029,2733650.22,2000.39,200.0,denoising,low,,3.7931413745880276,0.3,312,1981,3.7931413745880125,0.6560459300979415,0.0011347485539048117,0.0036443353466041406,0.6560459300979284,38.01485365999365,False,[],0,0,0,0.31267658166199913,20.580884774949702,0
1459,M88,9,905683.86,9e-06,2.0380000000000003,2337073.24,1794.0,200.0,signal_enhancement,low,,0.8637274360656817,0.3,1459,1982,0.8637274360656738,0.13071049249284492,0.0025531842462858264,0.014994343848474739,0.1307104924928422,35.57301165451714,False,[],0,0,0,0.2708908807212962,15.353062241361593,0
2925,M88,6,2079956.02,1e-06,2.8396,1279980.14,1587.87,200.0,signal_enhancement,low,,1.9836006355285667,0.3,2925,1983,1.9836006355285645,0.33153874334728495,0.0002836871384762029,0.020921102245386642,0.33153874334727673,36.19852190602754,False,[],0,0,0,0.28657132628132376,17.32049380196542,0
2107,M88,7,907070.03,1.2e-05,0.4795,2504944.1,1450.93,200.0,denoising,low,,0.865049390792857,0.3,2107,1984,0.8650493907928467,0.13094756027488866,0.003404245661714435,0.003471323686814047,0.13094756027488635,35.91965053049513,False,[],0,0,0,0.27105452658448254,15.370752024659746,0
1332,M88,2,2331200.59,2.5e-05,0.44299999999999995,988381.11,1581.12,200.0,signal_enhancement,low,,2.2232061290741525,0.3,1332,1985,2.2232061290740965,0.37450749390488636,0.007092178461905073,0.0032014550721842006,0.37450749390488686,36.90198632345402,False,[],0,0,0,0.29116626985091476,17.872734151363154,0
968,M88,8,1243908.4,1e-06,1.9042,1759946.78,1710.99,200.0,denoising,low,,1.1862834930419934,0.3,968,1986,1.186283493041992,0.1885548705493319,0.0002836871384762029,0.014005072050187792,0.1885548705493267,35.834067320691695,False,[],0,0,0,0.2751326164574875,15.89065507398589,0
1454,M88,4,1970206.48,8e-06,1.2429999999999999,2669478.87,2584.24,200.0,signal_enhancement,low,,1.8789353179931791,0.3,1454,1987,1.878935317993164,0.31276898204230824,0.0022694971078096233,0.009116383612016443,0.31276898204230275,36.47758441980874,False,[],0,0,0,0.2854073330717123,17.168540768363656,0
660,M93,0,1755594.11,3.7e-05,0.4125,2813126.65,767.91,200.0,signal_enhancement,low,,1.6742650127411511,0.3,660,1988,1.674265012741089,0.2760652021631822,0.010496424123619508,0.002975948421603097,0.276065202163186,36.51498235600464,False,[],0,0,0,0.2838696082740699,16.949587655856973,0
1934,M88,4,1889018.51,6.500000000000001e-05,2.1622,2879030.76,900.99,200.0,denoising,low,1.0,1.8015084362031202,0.3,1934,1989,1.801508436203003,0.2988839232280699,0.01843966400095319,0.015912636504283692,0.298883923228083,36.21815659778377,False,[],0,0,0,0.28704545673840764,17.320753184297857,0
935,M93,5,3035145.31,8.1e-05,2.1363,1410039.36,1489.2,200.0,signal_enhancement,low,3.0,2.8945401287081203,0.3,935,1990,2.894540128707886,0.49489865332385674,0.022978658216572436,0.015721140692806623,0.4948986533238865,37.00796039251123,False,[],0,0,0,0.30349826416272585,19.362602381136874,0
370,M90,0,1018723.96,9.2e-05,0.3303,1831271.43,2777.73,200.0,denoising,low,,0.9715308761597572,0.3,370,1991,0.9715308761596679,0.15004301721131477,0.02609921673981067,0.002368189514135334,0.1500430172113262,36.0291263834212,False,[],0,0,0,0.276440308222673,15.970216073429741,0
566,M94,6,1519122.44,1.2e-05,2.8294,2495053.08,1221.45,200.0,denoising,low,,1.4487480545044118,0.3,566,1992,1.4487480545043945,0.23562296612930708,0.003404245661714435,0.020845686906503784,0.2356229661293037,35.81712125732212,False,[],0,0,0,0.27942855905283603,16.417506083203932,0
1973,M93,3,1172900.48,2.8000000000000003e-05,18.1491,1157028.4,1129.09,200.0,denoising,low,,1.1185650634765938,0.3,1973,1993,1.1185650634765625,0.17641084052275613,0.007943239877333683,0.1341143503460888,0.17641084052275657,32.18221285170836,False,[],0,0,0,0.2754632180209672,15.907086723019567,0
1854,M93,4,1147080.24,3.1e-05,0.1429,2785348.77,1997.67,200.0,denoising,high,,1.0939409637451512,1.0,1854,1994,1.0939409637451172,0.17199497015430437,0.008794301292762291,0.0009826175036796313,0.1719949701543054,25.658501355506825,True,[],0,0,0,0.27525462883211393,15.878247124812765,1
1024,M88,4,1092195.05,2.5e-05,2.0893,2186913.01,1591.25,200.0,signal_enhancement,low,,1.0415983676910663,0.3,1024,1995,1.04159836769104,0.1626083074359158,0.007092178461905073,0.01537363864109148,0.16260830743591567,35.68922407051092,False,[],0,0,0,0.2742143349333971,15.75374228667345,0
824,M93,4,1599217.1,9.2e-05,0.9584,830591.88,1255.3,200.0,signal_enhancement,low,,1.5251322746278257,0.3,824,1996,1.5251322746276856,0.24932104313266643,0.02609921673981067,0.007012147783971124,0.24932104313268477,36.28691973901153,False,[],0,0,0,0.28438255029638115,16.962996332643257,0
982,M90,2,855184.19,2.4e-05,2.0596,2082850.65,1775.75,200.0,denoising,low,1.0,0.8155671977997021,0.3,982,1997,0.8155671977996826,0.12207385718776671,0.00680849132342887,0.015154046919050208,0.12207385718776627,35.53367402117956,False,[],0,0,0,0.27092335210000423,15.343291415699387,0
2672,M93,5,1691596.45,1.1e-05,1.9099,1126959.7,2300.82,200.0,denoising,low,,1.6132320880890072,0.3,2672,1998,1.6132320880889892,0.2651200920308112,0.003120558523238232,0.014047215916034096,0.2651200920308073,36.13906389064222,False,[],0,0,0,0.2817401023114154,16.707370973726402,0
2956,M90,1,4844175.57,5e-06,1.3248,3329229.06,2452.64,200.0,signal_enhancement,low,,4.619765825271631,0.3,2956,1999,4.619765825271607,0.8042855188513106,0.0014184356923810147,0.00972118505521429,0.8042855188512958,38.425506523748815,False,[],0,0,0,0.3245839755758096,22.068387030975963,1
1645,M90,5,2541259.21,1.9e-05,1.9284,2529335.52,1777.9,200.0,denoising,low,,2.423533639907883,0.3,1645,2000,2.423533639907837,0.41043247507066444,0.005390055631047856,0.014183998638517718,0.4104324750706624,36.716209941127126,False,[],0,0,0,0.29375090746293125,18.201345752065507,0
2582,M93,5,1827376.49,0.000131,1.9215,2040987.9,1204.4,200.0,signal_enhancement,low,,1.7427220249178308,0.3,2582,2001,1.7427220249176025,0.2883416831261378,0.03716301514038259,0.014132982379861665,0.28834168312617103,36.229377261108695,False,[],0,0,0,0.2893850472239561,17.552351103788265,0
2245,M90,5,1822294.13,6.7e-05,2.2489,1816766.35,1787.95,200.0,denoising,low,,1.7378751087189885,0.3,2245,2002,1.737875108718872,0.2874724796281918,0.019007038277905595,0.016553666884788012,0.28747247962820505,36.15327991196913,False,[],0,0,0,0.28622899487749925,17.21685148528422,0
2118,M93,8,1554872.93,1.4999999999999999e-05,1.0264,2461475.3,2078.51,200.0,denoising,low,,1.4828423786163554,0.3,2118,2003,1.482842378616333,0.24173714359042406,0.0042553070771430435,0.007514916709856864,0.24173714359042145,36.24150107306599,False,[],0,0,0,0.28006237369034825,16.493966963292817,0
813,M94,3,1639360.55,0.00028199999999999997,3.1136,1607271.41,1347.65,200.0,denoising,low,,1.563416051865065,0.3,813,2004,1.563416051864624,0.2561865204226693,0.07999977305028921,0.022946965270279188,0.2561865204227415,35.836337123582304,False,[],0,0,0,0.2940948830523627,18.0018611191319,0
1792,M94,2,1536027.89,5.3e-05,0.8116,1354966.8,1408.68,200.0,denoising,low,,1.4648703479767622,0.3,1792,2005,1.4648703479766845,0.23851419702880075,0.015035418339238755,0.005926758396911907,0.23851419702880813,36.276254036207845,False,[],0,0,0,0.28163715687997465,16.655779500394306,0
1430,M94,0,1490526.61,6e-06,3.2158,1348918.23,1634.82,200.0,denoising,low,,1.4214769458770837,0.3,1430,2006,1.4214769458770753,0.23073240437007156,0.0017021228308572176,0.023702597391242756,0.2307324043700667,35.711851695743,False,[],0,0,0,0.27874795323085144,16.337962254656148,0
778,M93,8,1601025.58,4.8e-05,1.1646,3219491.3,1559.84,200.0,signal_enhancement,low,,1.5268569755554933,0.3,778,2007,1.52685697555542,0.24963033589074837,0.01361698264685774,0.008536720615112885,0.2496303358907547,36.242419725109606,False,[],0,0,0,0.28228531392122563,16.741409046550924,0
1749,M93,9,1252699.67,1.9e-05,0.2223,2793752.74,1803.51,200.0,signal_enhancement,medium,,1.1946675014496078,0.65,1749,2008,1.194667501449585,0.19005838518335774,0.005390055631047856,0.0015696741612579812,0.19005838518335635,30.963143315895692,False,[],0,0,0,0.27612098027194676,15.997604853192438,0
1320,M94,0,1624824.31,3e-06,0.1815,2677414.72,2086.47,200.0,signal_enhancement,medium,,1.5495532131195118,0.65,1320,2009,1.549553213119507,0.2537004803438512,0.0008510614154286088,0.001268012805726537,0.2537004803438452,31.22676153720361,False,[],0,0,0,0.28044071886813093,16.55232390891623,0
2399,M93,9,940711.83,2.8999999999999997e-05,1.8741,1361648.95,1086.88,200.0,denoising,low,,0.8971327114105485,0.3,2399,2010,0.8971327114105224,0.13670110198330734,0.008226927015809883,0.013782522863876604,0.13670110198330773,35.633328722016934,False,[],0,0,0,0.2723346657513523,15.515095706117652,0
2871,M90,6,1882263.37,0.000175,2.4354,2219729.26,1619.02,200.0,signal_enhancement,low,,1.7950662326815887,0.3,2871,2011,1.7950662326812745,0.2977286348744084,0.04964524923333551,0.017932584600636403,0.29772863487445694,36.15293700147854,False,[],0,0,0,0.2922579831596197,17.870900834944123,0
1052,M93,2,1682026.75,3.9e-05,2.2786,1156859.29,1365.34,200.0,denoising,low,,1.604105710983339,0.3,1052,2012,1.6041057109832764,0.2634834474967181,0.011063798400571914,0.016773258606829284,0.2634834474967222,36.050736031781994,False,[],0,0,0,0.28295952152783466,16.833982846177474,0
2321,M93,1,1675908.44,9.8e-05,0.8824,2135906.07,1853.62,200.0,signal_enhancement,low,,1.5982708358766213,0.3,2321,2013,1.5982708358764648,0.2624370721015241,0.027801339570667886,0.00645022957268706,0.2624370721015451,36.35624140122549,False,[],0,0,0,0.2857211934951354,17.12479483328726,0
1013,M94,3,1497683.79,2e-05,2.0518,1705425.31,1764.55,200.0,signal_enhancement,low,,1.4283025646210004,0.3,1013,2014,1.4283025646209717,0.23195645105142212,0.005673742769524059,0.015096376365786843,0.23195645105142085,35.97493451323208,False,[],0,0,0,0.27952105235493285,16.421691880365653,0
1928,M88,8,2366836.65,3.7e-05,1.8356,2365004.05,2709.48,200.0,denoising,low,,2.257191324234092,0.3,1928,2015,2.2571913242340087,0.3806021011355849,0.010496424123619508,0.013497866927897176,0.3806021011355901,36.61747239670542,False,[],0,0,0,0.2922325601918621,17.994956645581,0
1401,M93,1,2257121.91,1.1e-05,1.5819,1137738.26,1264.74,200.0,signal_enhancement,low,,2.1525591945648435,0.3,1401,2016,2.1525591945648195,0.3618382914518488,0.003120558523238232,0.011622095214702878,0.3618382914518438,36.598690309366305,False,[],0,0,0,0.2894775582650984,17.674552967936776,0
1822,M88,2,1590395.21,7.7e-05,1.0254,3395613.7,2023.61,200.0,signal_enhancement,low,1.0,1.5167190647126412,0.3,1822,2017,1.5167190647125244,0.24781229175604322,0.021843909662667624,0.0075075230491820745,0.2478122917560574,36.26602347554871,False,[],0,0,0,0.283538447983137,16.87131329148845,0
2247,M90,7,1611367.78,5.3e-05,2.2484,1280351.96,2664.05,200.0,denoising,low,,1.5367200660706382,0.3,2247,2018,1.5367200660705567,0.2513990961549675,0.015035418339238755,0.01654997005445062,0.2513990961549753,36.00909728298635,False,[],0,0,0,0.28266794881006796,16.784628491655972,0
2493,M93,6,1659446.46,4e-06,0.1985,1895288.07,1381.72,200.0,signal_enhancement,medium,,1.5825714683532777,0.65,2493,2019,1.5825714683532714,0.2596216850374207,0.0011347485539048117,0.0013937050371979722,0.25962168503741484,31.246675589033746,False,[],0,0,0,0.2809626420571575,16.616642324344493,0
2591,M93,5,1348910.1,6.500000000000001e-05,1.6541,1538413.79,1724.47,200.0,signal_enhancement,low,3.0,1.2864209175110701,0.3,2591,2020,1.2864209175109864,0.20651263917065618,0.01843966400095319,0.012155917515422736,0.20651263917066537,35.96137303121994,False,[],0,0,0,0.27965575401381454,16.397040343723717,0
126,M90,6,1371908.63,9.300000000000001e-05,1.6616,1385354.89,2752.72,200.0,denoising,low,4.0,1.3083540248872065,0.3,126,2021,1.3083540248870849,0.21044593053994431,0.026382903878286873,0.012211369970483664,0.21044593053996022,35.97544262304527,False,[],0,0,0,0.2813207681025043,16.579351575208605,0
2091,M94,1,720680.56,2.8999999999999997e-05,1.9053,1935052.59,1343.12,200.0,denoising,low,,0.6872945404052935,0.3,2091,2022,0.6872945404052735,0.09907056232427207,0.008226927015809883,0.014013205076930062,0.09907056232427221,35.475886096989186,False,[],0,0,0,0.2693242225786294,15.138790309527298,0
2134,M90,4,1803433.06,0.000226,1.171,1750713.54,1219.69,200.0,signal_enhancement,low,,1.7198877906803205,0.3,2134,2023,1.7198877906799317,0.28424679155827864,0.06411329329562186,0.008584040043431542,0.2842467915583408,36.37946596493016,False,[],0,0,0,0.293639003184918,17.99650719490398,0
887,M88,7,1832607.93,1.6e-05,2.528,2059289.81,1157.47,200.0,signal_enhancement,low,,1.7477111148834508,0.3,887,2024,1.7477111148834228,0.2892363828222031,0.004538994215619247,0.018617237579121985,0.28923638282220043,36.09842840391515,False,[],0,0,0,0.2839105396424315,16.974065724103177,0
2456,M90,6,1476497.71,4.8e-05,0.1739,2362709.52,163.38,200.0,denoising,medium,,1.408097944259711,0.65,2456,2025,1.4080979442596435,0.2283331314039034,0.01361698264685774,0.0012118209845981306,0.22833313140390918,31.126977896077666,False,[],0,0,0,0.28058153756227805,16.528437001682473,0
1347,M90,7,968301.5,1.9e-05,2.0872,2809902.47,2058.57,200.0,signal_enhancement,low,,0.9234442710876641,0.3,1347,2026,0.9234442710876465,0.14141958663830523,0.005390055631047856,0.015358111953674421,0.141419586638304,35.60493498794299,False,[],0,0,0,0.2722298763883425,15.511216867741913,0
1007,M93,7,1077961.77,9e-06,1.4446,2540778.99,975.44,200.0,signal_enhancement,low,,1.0280244541168306,0.3,1007,2027,1.0280244541168213,0.16017408066661093,0.0025531842462858264,0.010606945604054169,0.1601740806666078,35.82248795454482,False,[],0,0,0,0.27324796777519744,15.647698123099254,0
355,M94,5,1590003.44,1.7e-05,1.0103,4150284.74,2560.8,200.0,signal_enhancement,low,,1.5163454437256119,0.3,355,2028,1.5163454437255859,0.24774528984071445,0.00482268135409545,0.00739587877299274,0.24774528984071237,36.26910479617308,False,[],0,0,0,0.28063947901745334,16.564261162780863,0
1003,M93,3,1775390.92,1.4999999999999999e-05,3.3389,1683276.5,2660.69,200.0,denoising,low,,1.6931447219848887,0.3,1003,2029,1.6931447219848632,0.2794509238555007,0.0042553070771430435,0.024612757020309444,0.2794509238554978,35.87942098481272,False,[],0,0,0,0.2830794761115544,16.87110476594358,0
1483,M94,3,812295.11,2e-05,1.0024,1305969.62,1282.68,200.0,signal_enhancement,low,,0.7746649837494051,0.3,1483,2030,0.7746649837493896,0.11473881237400213,0.005673742769524059,0.007337468853661896,0.1147388123740011,35.73883118388615,False,[],0,0,0,0.2701436412607393,15.249515493591453,0
682,M94,2,1447442.98,3.6e-05,0.8085,2180176.22,1346.26,200.0,signal_enhancement,low,1.0,1.380389194488575,0.3,682,2031,1.3803891944885254,0.22336408691514706,0.010212736985143306,0.005903838048820057,0.22336408691514975,36.216341206195985,False,[],0,0,0,0.27960529224068614,16.417470134884052,0
827,M93,7,1242139.27,9e-05,1.0634,1246897.38,1782.62,200.0,denoising,low,0.0,1.184596319198715,0.3,827,2032,1.1845963191986084,0.18825230756986547,0.025531842462858265,0.007788482154824104,0.18825230756987915,36.01935476563474,False,[116],1,0,1,0.2794005978242751,16.342096240030102,0
2850,M90,3,1217271.05,5.4000000000000005e-05,0.8540000000000001,1466674.67,1854.66,200.0,denoising,low,,1.1608801364899308,0.3,2850,2033,1.1608801364898682,0.18399925508800863,0.015319105477714959,0.006240249609523017,0.1839992550880145,36.048789532066344,False,[],0,0,0,0.27732418833825223,16.115736449478955,0
2204,M88,4,689652.74,0.000261,1.7444,2534686.32,1330.97,200.0,denoising,low,,0.6577041053773689,0.3,2204,2034,0.6577041053771973,0.093764072882824,0.07404234314228895,0.012823565074356301,0.09376407288285145,35.49034933930061,False,[],0,0,0,0.28008832416481505,16.270402905389442,0
2691,M88,6,2702470.66,0.000152,1.3154,2111092.1,1614.07,200.0,signal_enhancement,low,,2.5772768592838395,0.3,2691,2035,2.5772768592834474,0.43800343742849474,0.04312044504838285,0.009651684644871261,0.4380034374285541,36.962463210367844,False,[],0,0,0,0.3023707506525046,19.15620238515584,0
984,M90,4,1106462.71,2.4e-05,1.9615,2832179.09,1539.87,200.0,denoising,low,2.0,1.0552050685882821,0.3,984,2036,1.0552050685882568,0.16504841399654982,0.00680849132342887,0.014428728806853277,0.16504841399654943,35.7273317917806,False,[1545],1,0,1,0.27436131664470687,15.773036983787216,0
1233,M88,3,1269445.33,3.2e-05,0.6095,1115740.2,1881.29,200.0,signal_enhancement,low,,1.2106374073028952,0.3,1233,2037,1.2106374073028565,0.19292228822198823,0.009077988431238493,0.004432499574536787,0.19292228822198962,36.13871416565185,False,[],0,0,0,0.2769770410910696,16.092626673982174,0
2553,M94,3,1303741.14,5.6000000000000006e-05,1.9232,2713986.24,1941.54,200.0,signal_enhancement,low,,1.2433444404602745,0.3,2553,2038,1.243344440460205,0.19878768107430295,0.015886479754667365,0.014145551603008809,0.19878768107430975,35.870784176206946,False,[],0,0,0,0.2786037160442377,16.273833446327043,0
1639,M90,9,1265013.1,6.1e-05,1.0857,1910041.65,2731.32,200.0,denoising,low,,1.206410503387525,0.3,1639,2039,1.2064105033874513,0.19216427229637473,0.017304915447048378,0.00795336078787193,0.19216427229638242,36.030056265549334,False,[],0,0,0,0.2783149774097082,16.233131201010618,0
140,M93,0,1548786.48,3.5e-05,1.0206,1459885.02,946.64,200.0,signal_enhancement,low,,1.477037887573294,0.3,140,2040,1.4770378875732422,0.2406962170070901,0.009929049846667102,0.00747203347794308,0.24069621700709276,36.238623863690066,False,[],0,0,0,0.2809436358345006,16.58568506731091,0
217,M90,7,1840720.8,2.8000000000000003e-05,2.4734,1683620.9,1474.86,200.0,denoising,low,,1.7554481506348147,0.3,217,2041,1.7554481506347657,0.29062387504675646,0.007943239877333683,0.018213543706278434,0.2906238750467575,36.11608918899867,False,[],0,0,0,0.28460026078288725,17.04921706825957,0
2465,M88,5,1485624.38,5e-06,2.1756,1908811.75,1979.06,200.0,signal_enhancement,low,,1.4168018150329662,0.3,2465,2042,1.4168018150329589,0.22989400735298976,0.0014184356923810147,0.016011711557325885,0.2298940073529847,35.939224682692185,False,[],0,0,0,0.27863265465594395,16.324471915992756,0
362,M93,2,2047038.29,9e-06,0.1145,2394017.74,1493.07,200.0,signal_enhancement,high,,1.9522078418731867,1.0,362,2043,1.952207841873169,0.32590903469609905,0.0025531842462858264,0.0007726375405155868,0.3259090346960938,26.280457012568927,True,[],0,0,0,0.2865067640975565,17.305047663394134,1
2664,M90,6,1495452.88,5.3e-05,0.1748,1446986.61,2584.31,200.0,denoising,medium,,1.4261750030518334,0.65,2664,2044,1.4261750030517577,0.2315749127944701,0.015035418339238755,0.001218475279205442,0.23157491279447726,31.139745392801718,False,[],0,0,0,0.2810820141412282,16.586386658050998,0
345,M88,5,2520023.41,2.9999999999999997e-05,0.2752,3587258.12,3128.44,200.0,signal_enhancement,low,,2.403281602859569,0.3,345,2045,2.403281602859497,0.40680065212981,0.008510614154286087,0.0019607988109543884,0.40680065212981265,37.06837864419061,False,[],0,0,0,0.2939908565766134,18.221197576075248,0
2058,M88,8,1293773.82,5e-06,1.2912,1963066.63,1069.27,200.0,signal_enhancement,low,,1.233838863372809,0.3,2058,2046,1.2338388633728028,0.1970830341368277,0.0014184356923810147,0.009472758056541335,0.19708303413682318,36.00414939485107,False,[],0,0,0,0.27600777679865096,15.996362183831135,0
22,M93,2,1862943.48,8e-05,2.6260000000000003,1257671.85,1001.56,200.0,signal_enhancement,low,,1.7766413497926226,0.3,22,2047,1.7766413497924805,0.29442447775686237,0.022694971078096236,0.019341816325251438,0.29442447775688,36.09744342126991,False,[],0,0,0,0.28741210330382533,17.352754256974354,0
711,M90,1,1682962.45,6.9e-05,2.5146,2746139.68,1234.33,200.0,denoising,low,,1.6049980640412485,0.3,711,2048,1.6049980640411377,0.26364347427817947,0.019574412554858,0.018518162526079796,0.2636434742781922,35.99902902133033,False,[],0,0,0,0.2844191280765802,16.98877416876924,0
2949,M90,3,2626184.21,0.0,0.9283,3536450.77,2542.98,200.0,denoising,low,,2.5045244312286377,0.3,2949,2049,2.5045244312286377,0.42495665420458284,0.0,0.006789598597659935,0.4249566542045722,36.996138658888526,False,[],0,0,0,0.29399653233636663,18.249566542045827,0
10,M93,0,671040.4,0.000293,1.9635,1611606.13,1558.07,200.0,signal_enhancement,low,,0.6399539947511641,0.3,10,2050,0.6399539947509766,0.09058092351265744,0.08312033157352745,0.014443516128202858,0.09058092351268782,35.429018210204546,False,[],0,0,0,0.28137693024851224,16.401975203450068,0
2416,M88,6,1065345.47,1.9e-05,2.3194,2093489.0,2128.9,200.0,signal_enhancement,low,,1.0159926128387644,0.3,2416,2051,1.015992612838745,0.15801639563620462,0.005390055631047856,0.017074919962360727,0.15801639563620332,35.619817983674,False,[],0,0,0,0.2735576211081745,15.677184957720907,0
1834,M90,4,1480947.31,5.9e-05,0.0842,2775343.73,2034.13,200.0,signal_enhancement,high,,1.4123414134980083,1.0,1834,2052,1.4123414134979249,0.22909411800942928,0.01673754117009597,0.0005486096220694405,0.2290941180094379,25.899918183375632,True,[],0,0,0,0.2811729114396706,16.59221692115602,1
793,M94,3,948883.14,3.6e-05,0.6729,1842838.39,1280.87,200.0,signal_enhancement,low,,0.9049254798889486,0.3,793,2053,0.904925479888916,0.13809858882697856,0.010212736985143306,0.004901257661318492,0.1380985888269801,35.90535662546836,False,[],0,0,0,0.2727840523936326,15.564815154002366,0
2765,M90,8,4623309.54,1.4999999999999999e-05,0.7499,2084368.26,2391.65,200.0,signal_enhancement,low,,4.409131565094061,0.3,2765,2054,4.409131565093994,0.7665122155328837,0.0042553070771430435,0.005470569533277346,0.7665122155328773,38.40193177613322,False,[],0,0,0,0.32204437944574504,21.74171768271741,1
94,M90,4,1186021.42,2.6000000000000002e-05,2.573,988746.95,877.87,200.0,denoising,low,,1.1310781669616992,0.3,94,2055,1.1310781669616699,0.1786548309020955,0.0073758656003812765,0.01894995230948755,0.17865483090209552,35.64612075432375,False,[],0,0,0,0.2755462836242324,15.919313889827817,0
129,M90,9,2081521.71,0.00010800000000000001,2.3484,345132.37,1678.76,200.0,signal_enhancement,low,,1.9850937938692328,0.3,129,2056,1.9850937938690185,0.3318065132857976,0.030638210955429918,0.017289336121929646,0.33180651328582733,36.30854596948531,False,[],0,0,0,0.2917530169252869,17.869552930055715,0
1900,M93,0,2014472.57,0.000242,1.7399,1548234.62,1374.9,200.0,denoising,low,,1.9211507511143566,0.3,1900,2057,1.9211507511138917,0.32033952806195093,0.06865228751124111,0.012790293601319745,0.320339528062026,36.39764930420821,False,[],0,0,0,0.297298051121867,18.43913645582185,0
2409,M93,9,1163923.8,1.4000000000000001e-05,2.3674,2457218.09,2007.32,200.0,denoising,low,,1.1100042343139804,0.3,2409,2058,1.1100042343139649,0.17487561640326407,0.003971619938666841,0.017429815674750663,0.17487561640326174,35.67660799537054,False,[],0,0,0,0.27466522470183447,15.820245322928644,0
1932,M88,2,1696731.15,2e-05,2.0447,2062833.77,2358.27,200.0,denoising,low,,1.6181289196014728,0.3,1932,2059,1.6181289196014403,0.26599824690392193,0.005673742769524059,0.015043881374995833,0.2659982469039206,36.11267654636582,False,[],0,0,0,0.2822443960231329,16.76210983889065,0
2669,M93,2,2588770.08,2.5e-05,2.1645,1589755.88,2052.46,200.0,denoising,low,,2.468843536377015,0.3,2669,2060,2.468843536376953,0.41855795504344406,0.007092178461905073,0.015929641923835707,0.4185579550434446,36.6963425624587,False,[],0,0,0,0.29469030674199936,18.313238762748732,0
1865,M90,5,1860814.69,9.7e-05,0.9846,2053669.8,1458.4,200.0,signal_enhancement,low,,1.7746111774446303,0.3,1865,2061,1.774611177444458,0.2940604044298268,0.027517652432191682,0.00720586169365063,0.29406040442984993,36.460065766909786,False,[],0,0,0,0.2882028332678587,17.435921788077717,0
1658,M88,8,2177253.68,4.9e-05,1.4623,1039455.56,1490.73,200.0,denoising,low,7.0,2.076390914917094,0.3,1658,2062,2.0763909149169923,0.34817893932198135,0.013900669785333943,0.010737813397997956,0.34817893932199057,36.57058135534799,False,[571],1,0,1,0.2902174290092653,17.732001449355824,0
516,M90,6,1776031.77,2.5e-05,1.7905,2633202.41,764.91,200.0,signal_enhancement,low,,1.6937558841705747,0.3,516,2063,1.6937558841705322,0.27956052432883566,0.007092178461905073,0.013164412831464134,0.27956052432883577,36.223309712371424,False,[],0,0,0,0.28357051228483066,16.92326445560265,0
1857,M93,7,1704307.15,2.8999999999999997e-05,0.0891,2668068.07,1531.48,200.0,signal_enhancement,high,,1.6253539562225814,1.0,1857,2064,1.625353956222534,0.2672939216889507,0.008226927015809883,0.0005848385593759131,0.267293921688952,26.05163052997452,True,[],0,0,0,0.28278209132780374,16.821023903174087,1
1277,M90,7,2332282.62,8e-06,1.1241,1173931.71,806.1,200.0,denoising,low,,2.2242380332946956,0.3,1277,2065,2.224238033294678,0.37469254656957024,0.0022694971078096233,0.008237277357783877,0.37469254656956386,36.75165186554476,False,[],0,0,0,0.2903612182338932,17.787776413636276,0
950,M90,0,2173381.98,8.9e-05,1.3588,2147661.74,2395.23,200.0,signal_enhancement,low,,2.072698574066347,0.3,950,2066,2.072698574066162,0.3475167872542416,0.025248155324382057,0.00997256951815716,0.34751678725426577,36.59089006347225,False,[],0,0,0,0.2920935293854843,17.929634668381293,0
1120,M88,0,1916071.0,0.000174,2.2459,2183100.78,1983.68,200.0,denoising,low,,1.827307701111158,0.3,1120,2067,1.8273077011108398,0.3035105374262275,0.049361562094859306,0.01653148590276364,0.30351053742627654,36.218097572622,False,[],0,0,0,0.29267230855022425,17.923613491969743,0
419,M88,9,1884046.7,7.000000000000001e-06,2.186,2685243.71,1112.43,200.0,denoising,low,,1.7967669486999638,0.3,419,2068,1.7967669486999511,0.2980336263889788,0.0019858099693334207,0.016088605628343702,0.2980336263889732,36.209476336705606,False,[],0,0,0,0.284180277805905,17.01608084333779,0
922,M93,2,2349392.44,9.6e-05,1.7781,2476494.79,1950.14,200.0,signal_enhancement,low,,2.2405552291872266,0.3,922,2069,2.2405552291870117,0.37761872956196474,0.02723396529371548,0.013072731439096735,0.3776187295619936,36.61829297507496,False,[],0,0,0,0.29483927246488884,18.266398670906526,0
2728,M94,7,1874017.15,2.9999999999999997e-05,1.6656,2269820.71,1218.13,200.0,denoising,low,,1.7872020244598923,0.3,2728,2070,1.7872020244598388,0.29631833665294594,0.008510614154286087,0.012240944613182826,0.2963183366529477,36.3180450082163,False,[],0,0,0,0.28515227133846427,17.11637442130661,0
477,M88,7,1493093.39,1.7e-05,0.2856,2261519.99,2158.69,200.0,signal_enhancement,low,,1.4239248180389648,0.3,477,2071,1.4239248180389403,0.23117138432317555,0.00482268135409545,0.0020376928819722077,0.23117138432317355,36.363554750833536,False,[],0,0,0,0.2793135665760502,16.398522107605473,0
2035,M93,5,1502283.89,1e-05,2.3046,1427014.3,2209.12,200.0,signal_enhancement,low,,1.4326895618438862,0.3,2035,2072,1.432689561843872,0.2327431767085777,0.0028368713847620295,0.01696549378437383,0.2327431767085738,35.922007893303096,False,[],0,0,0,0.27910172227209573,16.378495452011492,0
2177,M90,7,1427405.82,1.7e-05,1.0124,1664902.85,1815.35,200.0,denoising,low,,1.3612802696228261,0.3,2177,2073,1.3612802696228028,0.2199372597008405,0.00482268135409545,0.0074114054604098,0.21993725970083855,36.15740687499107,False,[],0,0,0,0.2784148366062634,16.286180861382125,0
1692,M93,2,879181.92,2e-06,2.7256,1627650.88,1168.11,200.0,denoising,low,,0.8384532165527361,0.3,1692,2074,0.8384532165527344,0.12617803533704441,0.0005673742769524058,0.02007822492846055,0.12617803533704067,35.402365393494364,False,[],0,0,0,0.2701906964540455,15.271993090355588,0
2212,M94,2,1420961.31,6.500000000000001e-05,1.3891,2135404.18,2065.43,200.0,signal_enhancement,low,,1.3551343059540677,0.3,2212,2075,1.3551343059539795,0.21883509640769563,0.01843966400095319,0.010196597436603307,0.21883509640770532,36.069442462532685,False,[],0,0,0,0.28064155059277773,16.520264916094114,0
1471,M88,1,1827531.58,2.8000000000000003e-05,2.2184,1796414.35,2105.04,200.0,signal_enhancement,low,,1.742869930267383,0.3,1471,2076,1.742869930267334,0.28836820717608636,0.007943239877333683,0.016328160234206905,0.2883682071760874,36.163628021678136,False,[],0,0,0,0.28441980735323363,17.02666038955287,0
1202,M93,2,1755370.04,8e-06,1.2318,1255379.29,2384.57,200.0,denoising,low,,1.674051322937025,0.3,1202,2077,1.6740513229370118,0.2760268809053837,0.0022694971078096233,0.009033574612458793,0.2760268809053787,36.333100285247774,False,[],0,0,0,0.2824679649807583,16.80111975699441,0
1669,M93,9,2211959.71,3e-06,2.2744,3224845.74,913.04,200.0,denoising,low,,2.1094891643524236,0.3,1669,2078,2.109489164352417,0.35411448947502394,0.0008510614154286088,0.016742205231995166,0.354114489475016,36.41419180094024,False,[],0,0,0,0.28847383959862477,17.556464000227955,0
2774,M88,8,4095433.95,8e-06,1.3662,5220025.1,3886.55,200.0,signal_enhancement,low,,3.9057101726532295,0.3,2774,2079,3.9057101726531984,0.6762330323761822,0.0022694971078096233,0.01002728260715061,0.6762330323761715,37.90411365129021,False,[],0,0,0,0.3144844570984222,20.803181271702393,0
1970,M93,0,1443557.55,1.4999999999999999e-05,18.0667,3340383.27,1719.93,200.0,signal_enhancement,low,,1.376683759689352,0.3,1970,2080,1.376683759689331,0.22269958669339493,0.0042553070771430435,0.13350511270648607,0.22269958669339246,32.38564496557899,False,[],0,0,0,0.2785393691385859,16.303591394322524,0
820,M93,0,2007836.17,7.8e-05,1.2736,2527357.62,1595.31,200.0,denoising,low,,1.9148217868806423,0.3,820,2081,1.914821786880493,0.3192045470504192,0.022127596801143828,0.009342629628665028,0.31920454705043755,36.49653929934172,False,[],0,0,0,0.289298055220228,17.59034221292478,0
1997,M88,7,2178750.23,1.1e-05,3.0183,1329380.15,1253.8,200.0,signal_enhancement,low,,2.077818136215233,0.3,1997,2082,2.07781813621521,0.3484348846888682,0.003120558523238232,0.022242349407971672,0.3484348846888633,36.22646905651633,False,[],0,0,0,0.28840528572405993,17.54051890030697,0
2868,M90,3,2046624.68,0.000165,2.5777,2542806.44,2233.45,200.0,signal_enhancement,low,,1.951813392639482,0.3,2868,2083,1.95181339263916,0.325838297625371,0.04680837784857348,0.018984702514659064,0.3258382976254202,36.23381211506171,False,[],0,0,0,0.29402448804428716,18.100933777528034,0
1248,M88,8,1066328.26,7.000000000000001e-06,3.0811,2462374.47,1683.58,200.0,signal_enhancement,low,,1.0169298744201734,0.3,1248,2084,1.016929874420166,0.15818447591893672,0.0019858099693334207,0.022706671298348503,0.15818447591893328,35.45153776472529,False,[],0,0,0,0.27299234576830156,15.61758933863737,0
2872,M90,7,2239414.33,0.000152,2.1708,3110823.86,1311.53,200.0,signal_enhancement,low,,2.135671930313435,0.3,2872,2085,2.1356719303131104,0.35880987739299464,0.04312044504838285,0.015976221986086888,0.35880987739304365,36.45595284998937,False,[],0,0,0,0.2960352658496646,18.36426678480084,0
2649,M88,0,1873796.73,2.8000000000000003e-05,0.8485,1475591.86,947.34,200.0,signal_enhancement,low,,1.7869918155670665,0.3,2649,2086,1.7869918155670166,0.2962806396312833,0.007943239877333683,0.00619958447581167,0.2962806396312844,36.49913502425078,False,[],0,0,0,0.2850528019496494,17.10578471410484,0
1046,M93,6,1788779.06,7.000000000000001e-06,1.4824,1794683.11,1169.32,200.0,denoising,low,,1.7059126472473267,0.3,1046,2087,1.7059126472473145,0.2817406117404578,0.0019858099693334207,0.010886425977561242,0.28174061174045245,36.300369667634996,False,[],0,0,0,0.2828768366340233,16.85315069685258,0
1888,M94,8,1678102.26,2.4e-05,0.2075,2542927.64,883.33,200.0,denoising,medium,,1.6003630256653216,0.65,1888,2088,1.6003630256652832,0.2628122670931941,0.00680849132342887,0.0014602479832710848,0.26281226709319394,31.257441628874645,False,[],0,0,0,0.28218242489243844,16.75067551475366,0
615,M90,5,2749211.39,2.7000000000000002e-05,1.6978,1745782.74,2245.5,200.0,denoising,low,,2.6218522930145975,0.3,615,2089,2.6218522930145265,0.4459972052868417,0.0076595527388574796,0.012479020486911074,0.4459972052868433,36.90961820654004,False,[],0,0,0,0.2969819003885531,18.597844002167854,0
1318,M94,8,2050404.26,1.3000000000000001e-05,0.8898,1047035.29,1901.54,200.0,signal_enhancement,low,,1.9554178810119884,0.3,1318,2090,1.955417881011963,0.3264846949991829,0.0036879328001906382,0.006504942661680509,0.326484694999179,36.610790500146315,False,[],0,0,0,0.286745724175967,17.33122974039526,0
2884,M93,1,1222154.52,0.000129,0.7841,1266424.96,1802.0,200.0,signal_enhancement,low,0.0,1.165537376403959,0.3,2884,2091,1.1655373764038086,0.18483444370237562,0.03659564086343017,0.005723432728355174,0.1848344437023972,36.06763479295884,False,[116],1,0,1,0.2810080144429732,16.5070659725655,0
2460,M88,0,1734872.6,6e-06,1.4835,1561844.81,1952.36,200.0,signal_enhancement,low,,1.6545034408569437,0.3,2460,2092,1.6545034408569337,0.2725213349489899,0.0017021228308572176,0.010894559004303512,0.2725213349489844,36.26324856966686,False,[],0,0,0,0.2820910676771649,16.75585156044533,0
1772,M90,2,715566.79,4.2e-05,2.0463,1900003.61,2543.87,200.0,denoising,low,1.0,0.6824176692962933,0.3,1772,2093,0.6824176692962647,0.09819598697508564,0.011914859816000522,0.015055711232075495,0.09819598697508734,35.44111261093808,False,[],0,0,0,0.2698812051267269,15.196427346438865,0
2951,M90,5,1392796.77,3e-06,1.1772,3157461.55,888.43,200.0,denoising,low,,1.3282745075225872,0.3,2951,2094,1.328274507522583,0.21401829541641612,0.0008510614154286088,0.008629880739615242,0.21401829541641088,36.09717675947721,False,[],0,0,0,0.2772661440739361,16.155502059641876,0
131,M93,1,597746.29,7.000000000000001e-06,2.8632,2318966.02,1816.19,200.0,signal_enhancement,low,,0.5700552845001261,0.3,131,2095,0.5700552845001221,0.07804590104458418,0.0019858099693334207,0.021095592637311693,0.07804590104458192,35.179315825058985,False,[],0,0,0,0.2665812597783534,14.816203589893844,0
77,M90,7,2008386.27,4.7e-05,0.2277,1797982.06,1600.22,200.0,signal_enhancement,medium,,1.9153464031220384,0.65,77,2096,1.9153464031219483,0.3192986271321568,0.013333295508381537,0.001609599928901849,0.3192986271321646,31.47890651066157,False,[],0,0,0,0.28781055040699743,17.432985590472438,0
2052,M88,2,1856693.48,1.1e-05,0.9377,989905.41,1432.55,200.0,signal_enhancement,low,,1.7706808853149612,0.3,2052,2097,1.7706808853149414,0.29335558026393344,0.003120558523238232,0.006859099008002964,0.2933555802639292,36.46764935081564,False,[],0,0,0,0.2839989413700652,16.98972585605762,0
724,M94,4,798810.81,3e-06,1.2575,2370534.09,1752.04,200.0,denoising,low,,0.7618053531646752,0.3,724,2098,0.7618053531646729,0.11243267885977787,0.0008510614154286088,0.009223591691800904,0.11243267885977455,35.67302296468508,False,[],0,0,0,0.26913929474940507,15.139645894075494,0
1314,M94,4,3511435.09,1.4000000000000001e-05,1.2769,2249845.81,1946.24,200.0,denoising,low,3.0,3.3487654590607154,0.3,1314,2099,3.348765459060669,0.5763554456038048,0.003971619938666841,0.009367028708891835,0.5763554456037991,37.524410921148466,False,[],0,0,0,0.30678361103787777,19.83504361493405,0
